Config: SERVER_PORT=8080
Maven: mvn
[INFO] Scanning for projects...
[INFO] 
[INFO] -----------------------< com.wiki:wiki-backend >------------------------
[INFO] Building wiki-backend 0.0.1-SNAPSHOT
[INFO]   from pom.xml
[INFO] --------------------------------[ jar ]---------------------------------
[INFO] 
[INFO] >>> spring-boot:3.3.5:run (default-cli) > test-compile @ wiki-backend >>>
[INFO] 
[INFO] --- resources:3.3.1:resources (default-resources) @ wiki-backend ---
[INFO] Copying 1 resource from src\main\resources to target\classes
[INFO] Copying 1 resource from src\main\resources to target\classes
[INFO] 
[INFO] --- compiler:3.13.0:compile (default-compile) @ wiki-backend ---
[INFO] Nothing to compile - all classes are up to date.
[INFO] 
[INFO] --- resources:3.3.1:testResources (default-testResources) @ wiki-backend ---
[INFO] skip non existing resourceDirectory D:\code\Wiki\backend\src\test\resources
[INFO] 
[INFO] --- compiler:3.13.0:testCompile (default-testCompile) @ wiki-backend ---
[INFO] Nothing to compile - all classes are up to date.
[INFO] 
[INFO] <<< spring-boot:3.3.5:run (default-cli) < test-compile @ wiki-backend <<<
[INFO] 
[INFO] 
[INFO] --- spring-boot:3.3.5:run (default-cli) @ wiki-backend ---
[INFO] Attaching agents: []
Standard Commons Logging discovery in action with spring-jcl: please remove commons-logging.jar from classpath in order to avoid potential conflicts

  .   ____          _            __ _ _
 /\\ / ___'_ __ _ _(_)_ __  __ _ \ \ \ \
( ( )\___ | '_ | '_| | '_ \/ _` | \ \ \ \
 \\/  ___)| |_)| | | | | || (_| |  ) ) ) )
  '  |____| .__|_| |_|_| |_\__, | / / / /
 =========|_|==============|___/=/_/_/_/

 :: Spring Boot ::                (v3.3.5)

2026-05-10T19:58:44.270+08:00  INFO 39928 --- [wiki-backend] [           main] com.wiki.app.WikiBackendApplication      : Starting WikiBackendApplication using Java 17.0.17 with PID 39928 (D:\code\Wiki\backend\target\classes started by Lenovo in D:\code\Wiki\backend)
2026-05-10T19:58:44.272+08:00  INFO 39928 --- [wiki-backend] [           main] com.wiki.app.WikiBackendApplication      : No active profile set, falling back to 1 default profile: "default"
2026-05-10T19:58:44.274+08:00 DEBUG 39928 --- [wiki-backend] [           main] o.s.boot.SpringApplication               : Loading source class com.wiki.app.WikiBackendApplication
2026-05-10T19:58:44.299+08:00 DEBUG 39928 --- [wiki-backend] [           main] ConfigServletWebServerApplicationContext : Refreshing org.springframework.boot.web.servlet.context.AnnotationConfigServletWebServerApplicationContext@3cdf2c61
2026-05-10T19:58:44.937+08:00  INFO 39928 --- [wiki-backend] [           main] .s.d.r.c.RepositoryConfigurationDelegate : Multiple Spring Data modules found, entering strict repository configuration mode
2026-05-10T19:58:44.939+08:00  INFO 39928 --- [wiki-backend] [           main] .s.d.r.c.RepositoryConfigurationDelegate : Bootstrapping Spring Data JPA repositories in DEFAULT mode.
2026-05-10T19:58:44.950+08:00 DEBUG 39928 --- [wiki-backend] [           main] o.s.b.a.AutoConfigurationPackages        : @EnableAutoConfiguration was declared on a class in the package 'com.wiki.app'. Automatic @Repository and @Entity scanning is enabled.
2026-05-10T19:58:45.064+08:00  INFO 39928 --- [wiki-backend] [           main] .s.d.r.c.RepositoryConfigurationDelegate : Finished Spring Data repository scanning in 120 ms. Found 16 JPA repository interfaces.
2026-05-10T19:58:45.072+08:00  INFO 39928 --- [wiki-backend] [           main] .s.d.r.c.RepositoryConfigurationDelegate : Multiple Spring Data modules found, entering strict repository configuration mode
2026-05-10T19:58:45.074+08:00  INFO 39928 --- [wiki-backend] [           main] .s.d.r.c.RepositoryConfigurationDelegate : Bootstrapping Spring Data Redis repositories in DEFAULT mode.
2026-05-10T19:58:45.089+08:00  INFO 39928 --- [wiki-backend] [           main] .RepositoryConfigurationExtensionSupport : Spring Data Redis - Could not safely identify store assignment for repository candidate interface com.wiki.app.comment.DocumentCommentRepository; If you want this repository to be a Redis repository, consider annotating your entities with one of these annotations: org.springframework.data.redis.core.RedisHash (preferred), or consider extending one of the following types with your repository: org.springframework.data.keyvalue.repository.KeyValueRepository
2026-05-10T19:58:45.090+08:00  INFO 39928 --- [wiki-backend] [           main] .RepositoryConfigurationExtensionSupport : Spring Data Redis - Could not safely identify store assignment for repository candidate interface com.wiki.app.dept.DepartmentRepository; If you want this repository to be a Redis repository, consider annotating your entities with one of these annotations: org.springframework.data.redis.core.RedisHash (preferred), or consider extending one of the following types with your repository: org.springframework.data.keyvalue.repository.KeyValueRepository
2026-05-10T19:58:45.090+08:00  INFO 39928 --- [wiki-backend] [           main] .RepositoryConfigurationExtensionSupport : Spring Data Redis - Could not safely identify store assignment for repository candidate interface com.wiki.app.doc.DocumentDraftRepository; If you want this repository to be a Redis repository, consider annotating your entities with one of these annotations: org.springframework.data.redis.core.RedisHash (preferred), or consider extending one of the following types with your repository: org.springframework.data.keyvalue.repository.KeyValueRepository
2026-05-10T19:58:45.091+08:00  INFO 39928 --- [wiki-backend] [           main] .RepositoryConfigurationExtensionSupport : Spring Data Redis - Could not safely identify store assignment for repository candidate interface com.wiki.app.doc.DocumentEditLogRepository; If you want this repository to be a Redis repository, consider annotating your entities with one of these annotations: org.springframework.data.redis.core.RedisHash (preferred), or consider extending one of the following types with your repository: org.springframework.data.keyvalue.repository.KeyValueRepository
2026-05-10T19:58:45.091+08:00  INFO 39928 --- [wiki-backend] [           main] .RepositoryConfigurationExtensionSupport : Spring Data Redis - Could not safely identify store assignment for repository candidate interface com.wiki.app.doc.DocumentVersionRepository; If you want this repository to be a Redis repository, consider annotating your entities with one of these annotations: org.springframework.data.redis.core.RedisHash (preferred), or consider extending one of the following types with your repository: org.springframework.data.keyvalue.repository.KeyValueRepository
2026-05-10T19:58:45.091+08:00  INFO 39928 --- [wiki-backend] [           main] .RepositoryConfigurationExtensionSupport : Spring Data Redis - Could not safely identify store assignment for repository candidate interface com.wiki.app.doc.DocumentViewLogRepository; If you want this repository to be a Redis repository, consider annotating your entities with one of these annotations: org.springframework.data.redis.core.RedisHash (preferred), or consider extending one of the following types with your repository: org.springframework.data.keyvalue.repository.KeyValueRepository
2026-05-10T19:58:45.091+08:00  INFO 39928 --- [wiki-backend] [           main] .RepositoryConfigurationExtensionSupport : Spring Data Redis - Could not safely identify store assignment for repository candidate interface com.wiki.app.doc.WikiDocumentRepository; If you want this repository to be a Redis repository, consider annotating your entities with one of these annotations: org.springframework.data.redis.core.RedisHash (preferred), or consider extending one of the following types with your repository: org.springframework.data.keyvalue.repository.KeyValueRepository
2026-05-10T19:58:45.092+08:00  INFO 39928 --- [wiki-backend] [           main] .RepositoryConfigurationExtensionSupport : Spring Data Redis - Could not safely identify store assignment for repository candidate interface com.wiki.app.favorite.FavoriteDocumentRepository; If you want this repository to be a Redis repository, consider annotating your entities with one of these annotations: org.springframework.data.redis.core.RedisHash (preferred), or consider extending one of the following types with your repository: org.springframework.data.keyvalue.repository.KeyValueRepository
2026-05-10T19:58:45.092+08:00  INFO 39928 --- [wiki-backend] [           main] .RepositoryConfigurationExtensionSupport : Spring Data Redis - Could not safely identify store assignment for repository candidate interface com.wiki.app.kb.KnowledgeBaseMemberRepository; If you want this repository to be a Redis repository, consider annotating your entities with one of these annotations: org.springframework.data.redis.core.RedisHash (preferred), or consider extending one of the following types with your repository: org.springframework.data.keyvalue.repository.KeyValueRepository
2026-05-10T19:58:45.092+08:00  INFO 39928 --- [wiki-backend] [           main] .RepositoryConfigurationExtensionSupport : Spring Data Redis - Could not safely identify store assignment for repository candidate interface com.wiki.app.kb.KnowledgeBaseRepository; If you want this repository to be a Redis repository, consider annotating your entities with one of these annotations: org.springframework.data.redis.core.RedisHash (preferred), or consider extending one of the following types with your repository: org.springframework.data.keyvalue.repository.KeyValueRepository
2026-05-10T19:58:45.093+08:00  INFO 39928 --- [wiki-backend] [           main] .RepositoryConfigurationExtensionSupport : Spring Data Redis - Could not safely identify store assignment for repository candidate interface com.wiki.app.log.OperationLogRepository; If you want this repository to be a Redis repository, consider annotating your entities with one of these annotations: org.springframework.data.redis.core.RedisHash (preferred), or consider extending one of the following types with your repository: org.springframework.data.keyvalue.repository.KeyValueRepository
2026-05-10T19:58:45.093+08:00  INFO 39928 --- [wiki-backend] [           main] .RepositoryConfigurationExtensionSupport : Spring Data Redis - Could not safely identify store assignment for repository candidate interface com.wiki.app.reaction.DocumentReactionRepository; If you want this repository to be a Redis repository, consider annotating your entities with one of these annotations: org.springframework.data.redis.core.RedisHash (preferred), or consider extending one of the following types with your repository: org.springframework.data.keyvalue.repository.KeyValueRepository
2026-05-10T19:58:45.094+08:00  INFO 39928 --- [wiki-backend] [           main] .RepositoryConfigurationExtensionSupport : Spring Data Redis - Could not safely identify store assignment for repository candidate interface com.wiki.app.share.ShareLinkRepository; If you want this repository to be a Redis repository, consider annotating your entities with one of these annotations: org.springframework.data.redis.core.RedisHash (preferred), or consider extending one of the following types with your repository: org.springframework.data.keyvalue.repository.KeyValueRepository
2026-05-10T19:58:45.094+08:00  INFO 39928 --- [wiki-backend] [           main] .RepositoryConfigurationExtensionSupport : Spring Data Redis - Could not safely identify store assignment for repository candidate interface com.wiki.app.template.DocumentTemplateRepository; If you want this repository to be a Redis repository, consider annotating your entities with one of these annotations: org.springframework.data.redis.core.RedisHash (preferred), or consider extending one of the following types with your repository: org.springframework.data.keyvalue.repository.KeyValueRepository
2026-05-10T19:58:45.094+08:00  INFO 39928 --- [wiki-backend] [           main] .RepositoryConfigurationExtensionSupport : Spring Data Redis - Could not safely identify store assignment for repository candidate interface com.wiki.app.user.UserRepository; If you want this repository to be a Redis repository, consider annotating your entities with one of these annotations: org.springframework.data.redis.core.RedisHash (preferred), or consider extending one of the following types with your repository: org.springframework.data.keyvalue.repository.KeyValueRepository
2026-05-10T19:58:45.094+08:00  INFO 39928 --- [wiki-backend] [           main] .RepositoryConfigurationExtensionSupport : Spring Data Redis - Could not safely identify store assignment for repository candidate interface com.wiki.app.user.UserTeamMembershipRepository; If you want this repository to be a Redis repository, consider annotating your entities with one of these annotations: org.springframework.data.redis.core.RedisHash (preferred), or consider extending one of the following types with your repository: org.springframework.data.keyvalue.repository.KeyValueRepository
2026-05-10T19:58:45.094+08:00  INFO 39928 --- [wiki-backend] [           main] .s.d.r.c.RepositoryConfigurationDelegate : Finished Spring Data repository scanning in 16 ms. Found 0 Redis repository interfaces.
2026-05-10T19:58:45.617+08:00 DEBUG 39928 --- [wiki-backend] [           main] .s.b.w.e.t.TomcatServletWebServerFactory : Code archive: D:\development\Java\repository\org\springframework\boot\spring-boot\3.3.5\spring-boot-3.3.5.jar
2026-05-10T19:58:45.617+08:00 DEBUG 39928 --- [wiki-backend] [           main] .s.b.w.e.t.TomcatServletWebServerFactory : Code archive: D:\development\Java\repository\org\springframework\boot\spring-boot\3.3.5\spring-boot-3.3.5.jar
2026-05-10T19:58:45.618+08:00 DEBUG 39928 --- [wiki-backend] [           main] .s.b.w.e.t.TomcatServletWebServerFactory : None of the document roots [src/main/webapp, public, static] point to a directory and will be ignored.
2026-05-10T19:58:45.631+08:00  INFO 39928 --- [wiki-backend] [           main] o.s.b.w.embedded.tomcat.TomcatWebServer  : Tomcat initialized with port 8080 (http)
2026-05-10T19:58:45.639+08:00  INFO 39928 --- [wiki-backend] [           main] o.apache.catalina.core.StandardService   : Starting service [Tomcat]
2026-05-10T19:58:45.640+08:00  INFO 39928 --- [wiki-backend] [           main] o.apache.catalina.core.StandardEngine    : Starting Servlet engine: [Apache Tomcat/10.1.31]
2026-05-10T19:58:45.699+08:00  INFO 39928 --- [wiki-backend] [           main] o.a.c.c.C.[Tomcat].[localhost].[/]       : Initializing Spring embedded WebApplicationContext
2026-05-10T19:58:45.700+08:00 DEBUG 39928 --- [wiki-backend] [           main] w.s.c.ServletWebServerApplicationContext : Published root WebApplicationContext as ServletContext attribute with name [org.springframework.web.context.WebApplicationContext.ROOT]
2026-05-10T19:58:45.700+08:00  INFO 39928 --- [wiki-backend] [           main] w.s.c.ServletWebServerApplicationContext : Root WebApplicationContext: initialization completed in 1401 ms
Standard Commons Logging discovery in action with spring-jcl: please remove commons-logging.jar from classpath in order to avoid potential conflicts
2026-05-10T19:58:45.794+08:00 DEBUG 39928 --- [wiki-backend] [           main] o.s.b.w.s.ServletContextInitializerBeans : Mapping filters: webMvcObservationFilter urls=[/*] order=-2147483647, springSecurityFilterChain urls=[/*] order=-100, characterEncodingFilter urls=[/*] order=-2147483648, formContentFilter urls=[/*] order=-9900, requestContextFilter urls=[/*] order=-105, jwtAuthenticationFilter urls=[/*] order=2147483647
2026-05-10T19:58:45.795+08:00 DEBUG 39928 --- [wiki-backend] [           main] o.s.b.w.s.ServletContextInitializerBeans : Mapping servlets: dispatcherServlet urls=[/]
2026-05-10T19:58:45.810+08:00 DEBUG 39928 --- [wiki-backend] [           main] o.s.b.w.s.f.OrderedRequestContextFilter  : Filter 'requestContextFilter' configured for use
2026-05-10T19:58:45.812+08:00 DEBUG 39928 --- [wiki-backend] [           main] o.s.w.f.ServerHttpObservationFilter      : Filter 'webMvcObservationFilter' configured for use
2026-05-10T19:58:45.812+08:00 DEBUG 39928 --- [wiki-backend] [           main] s.b.w.s.f.OrderedCharacterEncodingFilter : Filter 'characterEncodingFilter' configured for use
2026-05-10T19:58:45.812+08:00 DEBUG 39928 --- [wiki-backend] [           main] .DelegatingFilterProxyRegistrationBean$1 : Filter 'springSecurityFilterChain' configured for use
2026-05-10T19:58:45.812+08:00 DEBUG 39928 --- [wiki-backend] [           main] o.s.b.w.s.f.OrderedFormContentFilter     : Filter 'formContentFilter' configured for use
2026-05-10T19:58:45.892+08:00  INFO 39928 --- [wiki-backend] [           main] o.hibernate.jpa.internal.util.LogHelper  : HHH000204: Processing PersistenceUnitInfo [name: default]
2026-05-10T19:58:45.923+08:00  INFO 39928 --- [wiki-backend] [           main] org.hibernate.Version                    : HHH000412: Hibernate ORM core version 6.5.3.Final
2026-05-10T19:58:45.942+08:00  INFO 39928 --- [wiki-backend] [           main] o.h.c.internal.RegionFactoryInitiator    : HHH000026: Second-level cache disabled
2026-05-10T19:58:46.106+08:00  INFO 39928 --- [wiki-backend] [           main] o.s.o.j.p.SpringPersistenceUnitInfo      : No LoadTimeWeaver setup: ignoring JPA class transformer
2026-05-10T19:58:46.123+08:00  INFO 39928 --- [wiki-backend] [           main] com.zaxxer.hikari.HikariDataSource       : HikariPool-1 - Starting...
2026-05-10T19:58:46.283+08:00  INFO 39928 --- [wiki-backend] [           main] com.zaxxer.hikari.pool.HikariPool        : HikariPool-1 - Added connection com.mysql.cj.jdbc.ConnectionImpl@25a2f432
2026-05-10T19:58:46.284+08:00  INFO 39928 --- [wiki-backend] [           main] com.zaxxer.hikari.HikariDataSource       : HikariPool-1 - Start completed.
2026-05-10T19:58:46.989+08:00  INFO 39928 --- [wiki-backend] [           main] o.h.e.t.j.p.i.JtaPlatformInitiator       : HHH000489: No JTA platform available (set 'hibernate.transaction.jta.platform' to enable JTA platform integration)
2026-05-10T19:58:47.033+08:00 DEBUG 39928 --- [wiki-backend] [           main] org.hibernate.SQL                        : 
    alter table document_comments 
       modify column content TEXT not null
2026-05-10T19:58:47.064+08:00 DEBUG 39928 --- [wiki-backend] [           main] org.hibernate.SQL                        : 
    alter table document_drafts 
       modify column markdown_content LONGTEXT
2026-05-10T19:58:47.072+08:00 DEBUG 39928 --- [wiki-backend] [           main] org.hibernate.SQL                        : 
    alter table document_templates 
       modify column markdown_content LONGTEXT
2026-05-10T19:58:47.083+08:00 DEBUG 39928 --- [wiki-backend] [           main] org.hibernate.SQL                        : 
    alter table document_versions 
       modify column html_content LONGTEXT not null
2026-05-10T19:58:47.091+08:00 DEBUG 39928 --- [wiki-backend] [           main] org.hibernate.SQL                        : 
    alter table document_versions 
       modify column markdown_content LONGTEXT not null
2026-05-10T19:58:47.103+08:00 DEBUG 39928 --- [wiki-backend] [           main] org.hibernate.SQL                        : 
    alter table documents 
       modify column html_content LONGTEXT not null
2026-05-10T19:58:47.117+08:00 DEBUG 39928 --- [wiki-backend] [           main] org.hibernate.SQL                        : 
    alter table documents 
       modify column markdown_content LONGTEXT not null
2026-05-10T19:58:47.149+08:00  INFO 39928 --- [wiki-backend] [           main] j.LocalContainerEntityManagerFactoryBean : Initialized JPA EntityManagerFactory for persistence unit 'default'
2026-05-10T19:58:47.337+08:00  INFO 39928 --- [wiki-backend] [           main] o.s.d.j.r.query.QueryEnhancerFactory     : Hibernate is in classpath; If applicable, HQL parser will be used.
2026-05-10T19:58:48.662+08:00 DEBUG 39928 --- [wiki-backend] [           main] org.hibernate.SQL                        : 
    select
        ua1_0.id,
        ua1_0.avatar_url,
        ua1_0.created_at,
        ua1_0.deleted_at,
        ua1_0.demo_password,
        ua1_0.department_id,
        ua1_0.email,
        ua1_0.nickname,
        ua1_0.password_hash,
        ua1_0.phone,
        ua1_0.role,
        ua1_0.updated_at,
        ua1_0.username 
    from
        users ua1_0
2026-05-10T19:58:48.698+08:00 DEBUG 39928 --- [wiki-backend] [           main] org.hibernate.SQL                        : 
    select
        ua1_0.id,
        ua1_0.avatar_url,
        ua1_0.created_at,
        ua1_0.deleted_at,
        ua1_0.demo_password,
        ua1_0.department_id,
        ua1_0.email,
        ua1_0.nickname,
        ua1_0.password_hash,
        ua1_0.phone,
        ua1_0.role,
        ua1_0.updated_at,
        ua1_0.username 
    from
        users ua1_0 
    where
        ua1_0.id=?
2026-05-10T19:58:48.714+08:00 DEBUG 39928 --- [wiki-backend] [           main] org.hibernate.SQL                        : 
    update
        users 
    set
        avatar_url=?,
        deleted_at=?,
        demo_password=?,
        department_id=?,
        email=?,
        nickname=?,
        password_hash=?,
        phone=?,
        role=?,
        updated_at=?,
        username=? 
    where
        id=?
2026-05-10T19:58:48.724+08:00 DEBUG 39928 --- [wiki-backend] [           main] org.hibernate.SQL                        : 
    select
        ua1_0.id,
        ua1_0.avatar_url,
        ua1_0.created_at,
        ua1_0.deleted_at,
        ua1_0.demo_password,
        ua1_0.department_id,
        ua1_0.email,
        ua1_0.nickname,
        ua1_0.password_hash,
        ua1_0.phone,
        ua1_0.role,
        ua1_0.updated_at,
        ua1_0.username 
    from
        users ua1_0 
    where
        ua1_0.id=?
2026-05-10T19:58:48.727+08:00 DEBUG 39928 --- [wiki-backend] [           main] org.hibernate.SQL                        : 
    update
        users 
    set
        avatar_url=?,
        deleted_at=?,
        demo_password=?,
        department_id=?,
        email=?,
        nickname=?,
        password_hash=?,
        phone=?,
        role=?,
        updated_at=?,
        username=? 
    where
        id=?
2026-05-10T19:58:48.732+08:00 DEBUG 39928 --- [wiki-backend] [           main] org.hibernate.SQL                        : 
    select
        ua1_0.id,
        ua1_0.avatar_url,
        ua1_0.created_at,
        ua1_0.deleted_at,
        ua1_0.demo_password,
        ua1_0.department_id,
        ua1_0.email,
        ua1_0.nickname,
        ua1_0.password_hash,
        ua1_0.phone,
        ua1_0.role,
        ua1_0.updated_at,
        ua1_0.username 
    from
        users ua1_0 
    where
        ua1_0.id=?
2026-05-10T19:58:48.734+08:00 DEBUG 39928 --- [wiki-backend] [           main] org.hibernate.SQL                        : 
    update
        users 
    set
        avatar_url=?,
        deleted_at=?,
        demo_password=?,
        department_id=?,
        email=?,
        nickname=?,
        password_hash=?,
        phone=?,
        role=?,
        updated_at=?,
        username=? 
    where
        id=?
2026-05-10T19:58:48.744+08:00 DEBUG 39928 --- [wiki-backend] [           main] org.hibernate.SQL                        : 
    select
        ua1_0.id,
        ua1_0.avatar_url,
        ua1_0.created_at,
        ua1_0.deleted_at,
        ua1_0.demo_password,
        ua1_0.department_id,
        ua1_0.email,
        ua1_0.nickname,
        ua1_0.password_hash,
        ua1_0.phone,
        ua1_0.role,
        ua1_0.updated_at,
        ua1_0.username 
    from
        users ua1_0 
    where
        ua1_0.id=?
2026-05-10T19:58:48.746+08:00 DEBUG 39928 --- [wiki-backend] [           main] org.hibernate.SQL                        : 
    update
        users 
    set
        avatar_url=?,
        deleted_at=?,
        demo_password=?,
        department_id=?,
        email=?,
        nickname=?,
        password_hash=?,
        phone=?,
        role=?,
        updated_at=?,
        username=? 
    where
        id=?
2026-05-10T19:58:48.751+08:00 DEBUG 39928 --- [wiki-backend] [           main] org.hibernate.SQL                        : 
    select
        ua1_0.id,
        ua1_0.avatar_url,
        ua1_0.created_at,
        ua1_0.deleted_at,
        ua1_0.demo_password,
        ua1_0.department_id,
        ua1_0.email,
        ua1_0.nickname,
        ua1_0.password_hash,
        ua1_0.phone,
        ua1_0.role,
        ua1_0.updated_at,
        ua1_0.username 
    from
        users ua1_0 
    where
        ua1_0.id=?
2026-05-10T19:58:48.752+08:00 DEBUG 39928 --- [wiki-backend] [           main] org.hibernate.SQL                        : 
    update
        users 
    set
        avatar_url=?,
        deleted_at=?,
        demo_password=?,
        department_id=?,
        email=?,
        nickname=?,
        password_hash=?,
        phone=?,
        role=?,
        updated_at=?,
        username=? 
    where
        id=?
2026-05-10T19:58:48.758+08:00 DEBUG 39928 --- [wiki-backend] [           main] org.hibernate.SQL                        : 
    select
        ua1_0.id,
        ua1_0.avatar_url,
        ua1_0.created_at,
        ua1_0.deleted_at,
        ua1_0.demo_password,
        ua1_0.department_id,
        ua1_0.email,
        ua1_0.nickname,
        ua1_0.password_hash,
        ua1_0.phone,
        ua1_0.role,
        ua1_0.updated_at,
        ua1_0.username 
    from
        users ua1_0 
    where
        ua1_0.id=?
2026-05-10T19:58:48.759+08:00 DEBUG 39928 --- [wiki-backend] [           main] org.hibernate.SQL                        : 
    update
        users 
    set
        avatar_url=?,
        deleted_at=?,
        demo_password=?,
        department_id=?,
        email=?,
        nickname=?,
        password_hash=?,
        phone=?,
        role=?,
        updated_at=?,
        username=? 
    where
        id=?
2026-05-10T19:58:48.767+08:00 DEBUG 39928 --- [wiki-backend] [           main] org.hibernate.SQL                        : 
    select
        ua1_0.id,
        ua1_0.avatar_url,
        ua1_0.created_at,
        ua1_0.deleted_at,
        ua1_0.demo_password,
        ua1_0.department_id,
        ua1_0.email,
        ua1_0.nickname,
        ua1_0.password_hash,
        ua1_0.phone,
        ua1_0.role,
        ua1_0.updated_at,
        ua1_0.username 
    from
        users ua1_0 
    where
        ua1_0.id=?
2026-05-10T19:58:48.769+08:00 DEBUG 39928 --- [wiki-backend] [           main] org.hibernate.SQL                        : 
    update
        users 
    set
        avatar_url=?,
        deleted_at=?,
        demo_password=?,
        department_id=?,
        email=?,
        nickname=?,
        password_hash=?,
        phone=?,
        role=?,
        updated_at=?,
        username=? 
    where
        id=?
2026-05-10T19:58:48.774+08:00 DEBUG 39928 --- [wiki-backend] [           main] org.hibernate.SQL                        : 
    select
        ua1_0.id,
        ua1_0.avatar_url,
        ua1_0.created_at,
        ua1_0.deleted_at,
        ua1_0.demo_password,
        ua1_0.department_id,
        ua1_0.email,
        ua1_0.nickname,
        ua1_0.password_hash,
        ua1_0.phone,
        ua1_0.role,
        ua1_0.updated_at,
        ua1_0.username 
    from
        users ua1_0 
    where
        ua1_0.id=?
2026-05-10T19:58:48.775+08:00 DEBUG 39928 --- [wiki-backend] [           main] org.hibernate.SQL                        : 
    update
        users 
    set
        avatar_url=?,
        deleted_at=?,
        demo_password=?,
        department_id=?,
        email=?,
        nickname=?,
        password_hash=?,
        phone=?,
        role=?,
        updated_at=?,
        username=? 
    where
        id=?
2026-05-10T19:58:48.781+08:00 DEBUG 39928 --- [wiki-backend] [           main] org.hibernate.SQL                        : 
    select
        ua1_0.id,
        ua1_0.avatar_url,
        ua1_0.created_at,
        ua1_0.deleted_at,
        ua1_0.demo_password,
        ua1_0.department_id,
        ua1_0.email,
        ua1_0.nickname,
        ua1_0.password_hash,
        ua1_0.phone,
        ua1_0.role,
        ua1_0.updated_at,
        ua1_0.username 
    from
        users ua1_0 
    where
        ua1_0.id=?
2026-05-10T19:58:48.782+08:00 DEBUG 39928 --- [wiki-backend] [           main] org.hibernate.SQL                        : 
    update
        users 
    set
        avatar_url=?,
        deleted_at=?,
        demo_password=?,
        department_id=?,
        email=?,
        nickname=?,
        password_hash=?,
        phone=?,
        role=?,
        updated_at=?,
        username=? 
    where
        id=?
2026-05-10T19:58:48.788+08:00 DEBUG 39928 --- [wiki-backend] [           main] org.hibernate.SQL                        : 
    select
        ua1_0.id,
        ua1_0.avatar_url,
        ua1_0.created_at,
        ua1_0.deleted_at,
        ua1_0.demo_password,
        ua1_0.department_id,
        ua1_0.email,
        ua1_0.nickname,
        ua1_0.password_hash,
        ua1_0.phone,
        ua1_0.role,
        ua1_0.updated_at,
        ua1_0.username 
    from
        users ua1_0 
    where
        ua1_0.id=?
2026-05-10T19:58:48.789+08:00 DEBUG 39928 --- [wiki-backend] [           main] org.hibernate.SQL                        : 
    update
        users 
    set
        avatar_url=?,
        deleted_at=?,
        demo_password=?,
        department_id=?,
        email=?,
        nickname=?,
        password_hash=?,
        phone=?,
        role=?,
        updated_at=?,
        username=? 
    where
        id=?
2026-05-10T19:58:48.795+08:00 DEBUG 39928 --- [wiki-backend] [           main] org.hibernate.SQL                        : 
    select
        ua1_0.id,
        ua1_0.avatar_url,
        ua1_0.created_at,
        ua1_0.deleted_at,
        ua1_0.demo_password,
        ua1_0.department_id,
        ua1_0.email,
        ua1_0.nickname,
        ua1_0.password_hash,
        ua1_0.phone,
        ua1_0.role,
        ua1_0.updated_at,
        ua1_0.username 
    from
        users ua1_0 
    where
        ua1_0.id=?
2026-05-10T19:58:48.797+08:00 DEBUG 39928 --- [wiki-backend] [           main] org.hibernate.SQL                        : 
    update
        users 
    set
        avatar_url=?,
        deleted_at=?,
        demo_password=?,
        department_id=?,
        email=?,
        nickname=?,
        password_hash=?,
        phone=?,
        role=?,
        updated_at=?,
        username=? 
    where
        id=?
2026-05-10T19:58:48.804+08:00 DEBUG 39928 --- [wiki-backend] [           main] org.hibernate.SQL                        : 
    select
        ua1_0.id,
        ua1_0.avatar_url,
        ua1_0.created_at,
        ua1_0.deleted_at,
        ua1_0.demo_password,
        ua1_0.department_id,
        ua1_0.email,
        ua1_0.nickname,
        ua1_0.password_hash,
        ua1_0.phone,
        ua1_0.role,
        ua1_0.updated_at,
        ua1_0.username 
    from
        users ua1_0 
    where
        ua1_0.id=?
2026-05-10T19:58:48.805+08:00 DEBUG 39928 --- [wiki-backend] [           main] org.hibernate.SQL                        : 
    update
        users 
    set
        avatar_url=?,
        deleted_at=?,
        demo_password=?,
        department_id=?,
        email=?,
        nickname=?,
        password_hash=?,
        phone=?,
        role=?,
        updated_at=?,
        username=? 
    where
        id=?
2026-05-10T19:58:48.811+08:00 DEBUG 39928 --- [wiki-backend] [           main] org.hibernate.SQL                        : 
    select
        ua1_0.id,
        ua1_0.avatar_url,
        ua1_0.created_at,
        ua1_0.deleted_at,
        ua1_0.demo_password,
        ua1_0.department_id,
        ua1_0.email,
        ua1_0.nickname,
        ua1_0.password_hash,
        ua1_0.phone,
        ua1_0.role,
        ua1_0.updated_at,
        ua1_0.username 
    from
        users ua1_0 
    where
        ua1_0.id=?
2026-05-10T19:58:48.814+08:00 DEBUG 39928 --- [wiki-backend] [           main] org.hibernate.SQL                        : 
    update
        users 
    set
        avatar_url=?,
        deleted_at=?,
        demo_password=?,
        department_id=?,
        email=?,
        nickname=?,
        password_hash=?,
        phone=?,
        role=?,
        updated_at=?,
        username=? 
    where
        id=?
2026-05-10T19:58:48.820+08:00 DEBUG 39928 --- [wiki-backend] [           main] org.hibernate.SQL                        : 
    select
        ua1_0.id,
        ua1_0.avatar_url,
        ua1_0.created_at,
        ua1_0.deleted_at,
        ua1_0.demo_password,
        ua1_0.department_id,
        ua1_0.email,
        ua1_0.nickname,
        ua1_0.password_hash,
        ua1_0.phone,
        ua1_0.role,
        ua1_0.updated_at,
        ua1_0.username 
    from
        users ua1_0 
    where
        ua1_0.id=?
2026-05-10T19:58:48.821+08:00 DEBUG 39928 --- [wiki-backend] [           main] org.hibernate.SQL                        : 
    update
        users 
    set
        avatar_url=?,
        deleted_at=?,
        demo_password=?,
        department_id=?,
        email=?,
        nickname=?,
        password_hash=?,
        phone=?,
        role=?,
        updated_at=?,
        username=? 
    where
        id=?
2026-05-10T19:58:48.827+08:00 DEBUG 39928 --- [wiki-backend] [           main] org.hibernate.SQL                        : 
    select
        ua1_0.id,
        ua1_0.avatar_url,
        ua1_0.created_at,
        ua1_0.deleted_at,
        ua1_0.demo_password,
        ua1_0.department_id,
        ua1_0.email,
        ua1_0.nickname,
        ua1_0.password_hash,
        ua1_0.phone,
        ua1_0.role,
        ua1_0.updated_at,
        ua1_0.username 
    from
        users ua1_0 
    where
        ua1_0.id=?
2026-05-10T19:58:48.829+08:00 DEBUG 39928 --- [wiki-backend] [           main] org.hibernate.SQL                        : 
    update
        users 
    set
        avatar_url=?,
        deleted_at=?,
        demo_password=?,
        department_id=?,
        email=?,
        nickname=?,
        password_hash=?,
        phone=?,
        role=?,
        updated_at=?,
        username=? 
    where
        id=?
2026-05-10T19:58:48.836+08:00 DEBUG 39928 --- [wiki-backend] [           main] org.hibernate.SQL                        : 
    select
        ua1_0.id,
        ua1_0.avatar_url,
        ua1_0.created_at,
        ua1_0.deleted_at,
        ua1_0.demo_password,
        ua1_0.department_id,
        ua1_0.email,
        ua1_0.nickname,
        ua1_0.password_hash,
        ua1_0.phone,
        ua1_0.role,
        ua1_0.updated_at,
        ua1_0.username 
    from
        users ua1_0 
    where
        ua1_0.id=?
2026-05-10T19:58:48.837+08:00 DEBUG 39928 --- [wiki-backend] [           main] org.hibernate.SQL                        : 
    update
        users 
    set
        avatar_url=?,
        deleted_at=?,
        demo_password=?,
        department_id=?,
        email=?,
        nickname=?,
        password_hash=?,
        phone=?,
        role=?,
        updated_at=?,
        username=? 
    where
        id=?
2026-05-10T19:58:48.842+08:00 DEBUG 39928 --- [wiki-backend] [           main] org.hibernate.SQL                        : 
    select
        ua1_0.id,
        ua1_0.avatar_url,
        ua1_0.created_at,
        ua1_0.deleted_at,
        ua1_0.demo_password,
        ua1_0.department_id,
        ua1_0.email,
        ua1_0.nickname,
        ua1_0.password_hash,
        ua1_0.phone,
        ua1_0.role,
        ua1_0.updated_at,
        ua1_0.username 
    from
        users ua1_0 
    where
        ua1_0.id=?
2026-05-10T19:58:48.845+08:00 DEBUG 39928 --- [wiki-backend] [           main] org.hibernate.SQL                        : 
    update
        users 
    set
        avatar_url=?,
        deleted_at=?,
        demo_password=?,
        department_id=?,
        email=?,
        nickname=?,
        password_hash=?,
        phone=?,
        role=?,
        updated_at=?,
        username=? 
    where
        id=?
2026-05-10T19:58:48.852+08:00 DEBUG 39928 --- [wiki-backend] [           main] org.hibernate.SQL                        : 
    select
        ua1_0.id,
        ua1_0.avatar_url,
        ua1_0.created_at,
        ua1_0.deleted_at,
        ua1_0.demo_password,
        ua1_0.department_id,
        ua1_0.email,
        ua1_0.nickname,
        ua1_0.password_hash,
        ua1_0.phone,
        ua1_0.role,
        ua1_0.updated_at,
        ua1_0.username 
    from
        users ua1_0 
    where
        ua1_0.id=?
2026-05-10T19:58:48.853+08:00 DEBUG 39928 --- [wiki-backend] [           main] org.hibernate.SQL                        : 
    update
        users 
    set
        avatar_url=?,
        deleted_at=?,
        demo_password=?,
        department_id=?,
        email=?,
        nickname=?,
        password_hash=?,
        phone=?,
        role=?,
        updated_at=?,
        username=? 
    where
        id=?
2026-05-10T19:58:48.859+08:00 DEBUG 39928 --- [wiki-backend] [           main] org.hibernate.SQL                        : 
    select
        ua1_0.id,
        ua1_0.avatar_url,
        ua1_0.created_at,
        ua1_0.deleted_at,
        ua1_0.demo_password,
        ua1_0.department_id,
        ua1_0.email,
        ua1_0.nickname,
        ua1_0.password_hash,
        ua1_0.phone,
        ua1_0.role,
        ua1_0.updated_at,
        ua1_0.username 
    from
        users ua1_0 
    where
        ua1_0.id=?
2026-05-10T19:58:48.860+08:00 DEBUG 39928 --- [wiki-backend] [           main] org.hibernate.SQL                        : 
    update
        users 
    set
        avatar_url=?,
        deleted_at=?,
        demo_password=?,
        department_id=?,
        email=?,
        nickname=?,
        password_hash=?,
        phone=?,
        role=?,
        updated_at=?,
        username=? 
    where
        id=?
2026-05-10T19:58:48.866+08:00 DEBUG 39928 --- [wiki-backend] [           main] org.hibernate.SQL                        : 
    select
        ua1_0.id,
        ua1_0.avatar_url,
        ua1_0.created_at,
        ua1_0.deleted_at,
        ua1_0.demo_password,
        ua1_0.department_id,
        ua1_0.email,
        ua1_0.nickname,
        ua1_0.password_hash,
        ua1_0.phone,
        ua1_0.role,
        ua1_0.updated_at,
        ua1_0.username 
    from
        users ua1_0 
    where
        ua1_0.id=?
2026-05-10T19:58:48.866+08:00 DEBUG 39928 --- [wiki-backend] [           main] org.hibernate.SQL                        : 
    update
        users 
    set
        avatar_url=?,
        deleted_at=?,
        demo_password=?,
        department_id=?,
        email=?,
        nickname=?,
        password_hash=?,
        phone=?,
        role=?,
        updated_at=?,
        username=? 
    where
        id=?
2026-05-10T19:58:48.873+08:00 DEBUG 39928 --- [wiki-backend] [           main] org.hibernate.SQL                        : 
    select
        ua1_0.id,
        ua1_0.avatar_url,
        ua1_0.created_at,
        ua1_0.deleted_at,
        ua1_0.demo_password,
        ua1_0.department_id,
        ua1_0.email,
        ua1_0.nickname,
        ua1_0.password_hash,
        ua1_0.phone,
        ua1_0.role,
        ua1_0.updated_at,
        ua1_0.username 
    from
        users ua1_0 
    where
        ua1_0.id=?
2026-05-10T19:58:48.874+08:00 DEBUG 39928 --- [wiki-backend] [           main] org.hibernate.SQL                        : 
    update
        users 
    set
        avatar_url=?,
        deleted_at=?,
        demo_password=?,
        department_id=?,
        email=?,
        nickname=?,
        password_hash=?,
        phone=?,
        role=?,
        updated_at=?,
        username=? 
    where
        id=?
2026-05-10T19:58:48.881+08:00 DEBUG 39928 --- [wiki-backend] [           main] org.hibernate.SQL                        : 
    select
        ua1_0.id,
        ua1_0.avatar_url,
        ua1_0.created_at,
        ua1_0.deleted_at,
        ua1_0.demo_password,
        ua1_0.department_id,
        ua1_0.email,
        ua1_0.nickname,
        ua1_0.password_hash,
        ua1_0.phone,
        ua1_0.role,
        ua1_0.updated_at,
        ua1_0.username 
    from
        users ua1_0 
    where
        ua1_0.id=?
2026-05-10T19:58:48.883+08:00 DEBUG 39928 --- [wiki-backend] [           main] org.hibernate.SQL                        : 
    update
        users 
    set
        avatar_url=?,
        deleted_at=?,
        demo_password=?,
        department_id=?,
        email=?,
        nickname=?,
        password_hash=?,
        phone=?,
        role=?,
        updated_at=?,
        username=? 
    where
        id=?
2026-05-10T19:58:48.892+08:00 DEBUG 39928 --- [wiki-backend] [           main] org.hibernate.SQL                        : 
    select
        d1_0.id,
        d1_0.created_at,
        d1_0.deleted_at,
        d1_0.description,
        d1_0.manager_id,
        d1_0.name,
        d1_0.parent_id,
        d1_0.updated_at 
    from
        departments d1_0
2026-05-10T19:58:48.895+08:00 DEBUG 39928 --- [wiki-backend] [           main] org.hibernate.SQL                        : 
    select
        d1_0.id,
        d1_0.created_at,
        d1_0.deleted_at,
        d1_0.description,
        d1_0.manager_id,
        d1_0.name,
        d1_0.parent_id,
        d1_0.updated_at 
    from
        departments d1_0 
    where
        d1_0.id=?
2026-05-10T19:58:48.898+08:00 DEBUG 39928 --- [wiki-backend] [           main] org.hibernate.SQL                        : 
    select
        d1_0.id,
        d1_0.created_at,
        d1_0.deleted_at,
        d1_0.description,
        d1_0.manager_id,
        d1_0.name,
        d1_0.parent_id,
        d1_0.updated_at 
    from
        departments d1_0
2026-05-10T19:58:48.901+08:00 DEBUG 39928 --- [wiki-backend] [           main] org.hibernate.SQL                        : 
    select
        d1_0.id,
        d1_0.created_at,
        d1_0.deleted_at,
        d1_0.description,
        d1_0.manager_id,
        d1_0.name,
        d1_0.parent_id,
        d1_0.updated_at 
    from
        departments d1_0 
    where
        d1_0.id=?
2026-05-10T19:58:48.903+08:00 DEBUG 39928 --- [wiki-backend] [           main] org.hibernate.SQL                        : 
    select
        d1_0.id,
        d1_0.created_at,
        d1_0.deleted_at,
        d1_0.description,
        d1_0.manager_id,
        d1_0.name,
        d1_0.parent_id,
        d1_0.updated_at 
    from
        departments d1_0
2026-05-10T19:58:48.906+08:00 DEBUG 39928 --- [wiki-backend] [           main] org.hibernate.SQL                        : 
    select
        d1_0.id,
        d1_0.created_at,
        d1_0.deleted_at,
        d1_0.description,
        d1_0.manager_id,
        d1_0.name,
        d1_0.parent_id,
        d1_0.updated_at 
    from
        departments d1_0 
    where
        d1_0.id=?
2026-05-10T19:58:48.908+08:00 DEBUG 39928 --- [wiki-backend] [           main] org.hibernate.SQL                        : 
    select
        d1_0.id,
        d1_0.created_at,
        d1_0.deleted_at,
        d1_0.description,
        d1_0.manager_id,
        d1_0.name,
        d1_0.parent_id,
        d1_0.updated_at 
    from
        departments d1_0
2026-05-10T19:58:48.910+08:00 DEBUG 39928 --- [wiki-backend] [           main] org.hibernate.SQL                        : 
    select
        d1_0.id,
        d1_0.created_at,
        d1_0.deleted_at,
        d1_0.description,
        d1_0.manager_id,
        d1_0.name,
        d1_0.parent_id,
        d1_0.updated_at 
    from
        departments d1_0 
    where
        d1_0.id=?
2026-05-10T19:58:48.912+08:00 DEBUG 39928 --- [wiki-backend] [           main] org.hibernate.SQL                        : 
    select
        d1_0.id,
        d1_0.created_at,
        d1_0.deleted_at,
        d1_0.description,
        d1_0.manager_id,
        d1_0.name,
        d1_0.parent_id,
        d1_0.updated_at 
    from
        departments d1_0
2026-05-10T19:58:48.915+08:00 DEBUG 39928 --- [wiki-backend] [           main] org.hibernate.SQL                        : 
    select
        d1_0.id,
        d1_0.created_at,
        d1_0.deleted_at,
        d1_0.description,
        d1_0.manager_id,
        d1_0.name,
        d1_0.parent_id,
        d1_0.updated_at 
    from
        departments d1_0 
    where
        d1_0.id=?
2026-05-10T19:58:48.917+08:00 DEBUG 39928 --- [wiki-backend] [           main] org.hibernate.SQL                        : 
    select
        d1_0.id,
        d1_0.created_at,
        d1_0.deleted_at,
        d1_0.description,
        d1_0.manager_id,
        d1_0.name,
        d1_0.parent_id,
        d1_0.updated_at 
    from
        departments d1_0
2026-05-10T19:58:48.919+08:00 DEBUG 39928 --- [wiki-backend] [           main] org.hibernate.SQL                        : 
    select
        d1_0.id,
        d1_0.created_at,
        d1_0.deleted_at,
        d1_0.description,
        d1_0.manager_id,
        d1_0.name,
        d1_0.parent_id,
        d1_0.updated_at 
    from
        departments d1_0 
    where
        d1_0.id=?
2026-05-10T19:58:48.921+08:00 DEBUG 39928 --- [wiki-backend] [           main] org.hibernate.SQL                        : 
    select
        d1_0.id,
        d1_0.created_at,
        d1_0.deleted_at,
        d1_0.description,
        d1_0.manager_id,
        d1_0.name,
        d1_0.parent_id,
        d1_0.updated_at 
    from
        departments d1_0
2026-05-10T19:58:48.924+08:00 DEBUG 39928 --- [wiki-backend] [           main] org.hibernate.SQL                        : 
    select
        d1_0.id,
        d1_0.created_at,
        d1_0.deleted_at,
        d1_0.description,
        d1_0.manager_id,
        d1_0.name,
        d1_0.parent_id,
        d1_0.updated_at 
    from
        departments d1_0 
    where
        d1_0.id=?
2026-05-10T19:58:48.925+08:00 DEBUG 39928 --- [wiki-backend] [           main] org.hibernate.SQL                        : 
    select
        d1_0.id,
        d1_0.created_at,
        d1_0.deleted_at,
        d1_0.description,
        d1_0.manager_id,
        d1_0.name,
        d1_0.parent_id,
        d1_0.updated_at 
    from
        departments d1_0
2026-05-10T19:58:48.928+08:00 DEBUG 39928 --- [wiki-backend] [           main] org.hibernate.SQL                        : 
    select
        d1_0.id,
        d1_0.created_at,
        d1_0.deleted_at,
        d1_0.description,
        d1_0.manager_id,
        d1_0.name,
        d1_0.parent_id,
        d1_0.updated_at 
    from
        departments d1_0 
    where
        d1_0.id=?
2026-05-10T19:58:48.930+08:00 DEBUG 39928 --- [wiki-backend] [           main] org.hibernate.SQL                        : 
    select
        d1_0.id,
        d1_0.created_at,
        d1_0.deleted_at,
        d1_0.description,
        d1_0.manager_id,
        d1_0.name,
        d1_0.parent_id,
        d1_0.updated_at 
    from
        departments d1_0
2026-05-10T19:58:48.932+08:00 DEBUG 39928 --- [wiki-backend] [           main] org.hibernate.SQL                        : 
    select
        d1_0.id,
        d1_0.created_at,
        d1_0.deleted_at,
        d1_0.description,
        d1_0.manager_id,
        d1_0.name,
        d1_0.parent_id,
        d1_0.updated_at 
    from
        departments d1_0 
    where
        d1_0.id=?
2026-05-10T19:58:48.934+08:00 DEBUG 39928 --- [wiki-backend] [           main] org.hibernate.SQL                        : 
    select
        d1_0.id,
        d1_0.created_at,
        d1_0.deleted_at,
        d1_0.description,
        d1_0.manager_id,
        d1_0.name,
        d1_0.parent_id,
        d1_0.updated_at 
    from
        departments d1_0
2026-05-10T19:58:48.936+08:00 DEBUG 39928 --- [wiki-backend] [           main] org.hibernate.SQL                        : 
    select
        d1_0.id,
        d1_0.created_at,
        d1_0.deleted_at,
        d1_0.description,
        d1_0.manager_id,
        d1_0.name,
        d1_0.parent_id,
        d1_0.updated_at 
    from
        departments d1_0 
    where
        d1_0.id=?
2026-05-10T19:58:48.966+08:00 DEBUG 39928 --- [wiki-backend] [           main] org.hibernate.SQL                        : 
    select
        ua1_0.id,
        ua1_0.avatar_url,
        ua1_0.created_at,
        ua1_0.deleted_at,
        ua1_0.demo_password,
        ua1_0.department_id,
        ua1_0.email,
        ua1_0.nickname,
        ua1_0.password_hash,
        ua1_0.phone,
        ua1_0.role,
        ua1_0.updated_at,
        ua1_0.username 
    from
        users ua1_0 
    where
        ua1_0.username=?
2026-05-10T19:58:48.969+08:00 DEBUG 39928 --- [wiki-backend] [           main] org.hibernate.SQL                        : 
    select
        ua1_0.id,
        ua1_0.avatar_url,
        ua1_0.created_at,
        ua1_0.deleted_at,
        ua1_0.demo_password,
        ua1_0.department_id,
        ua1_0.email,
        ua1_0.nickname,
        ua1_0.password_hash,
        ua1_0.phone,
        ua1_0.role,
        ua1_0.updated_at,
        ua1_0.username 
    from
        users ua1_0 
    where
        ua1_0.id=?
2026-05-10T19:58:48.971+08:00 DEBUG 39928 --- [wiki-backend] [           main] org.hibernate.SQL                        : 
    select
        ua1_0.id,
        ua1_0.avatar_url,
        ua1_0.created_at,
        ua1_0.deleted_at,
        ua1_0.demo_password,
        ua1_0.department_id,
        ua1_0.email,
        ua1_0.nickname,
        ua1_0.password_hash,
        ua1_0.phone,
        ua1_0.role,
        ua1_0.updated_at,
        ua1_0.username 
    from
        users ua1_0 
    where
        ua1_0.username=?
2026-05-10T19:58:48.973+08:00 DEBUG 39928 --- [wiki-backend] [           main] org.hibernate.SQL                        : 
    select
        ua1_0.id,
        ua1_0.avatar_url,
        ua1_0.created_at,
        ua1_0.deleted_at,
        ua1_0.demo_password,
        ua1_0.department_id,
        ua1_0.email,
        ua1_0.nickname,
        ua1_0.password_hash,
        ua1_0.phone,
        ua1_0.role,
        ua1_0.updated_at,
        ua1_0.username 
    from
        users ua1_0 
    where
        ua1_0.id=?
2026-05-10T19:58:48.974+08:00 DEBUG 39928 --- [wiki-backend] [           main] org.hibernate.SQL                        : 
    select
        ua1_0.id,
        ua1_0.avatar_url,
        ua1_0.created_at,
        ua1_0.deleted_at,
        ua1_0.demo_password,
        ua1_0.department_id,
        ua1_0.email,
        ua1_0.nickname,
        ua1_0.password_hash,
        ua1_0.phone,
        ua1_0.role,
        ua1_0.updated_at,
        ua1_0.username 
    from
        users ua1_0 
    where
        ua1_0.username=?
2026-05-10T19:58:48.975+08:00 DEBUG 39928 --- [wiki-backend] [           main] org.hibernate.SQL                        : 
    select
        ua1_0.id,
        ua1_0.avatar_url,
        ua1_0.created_at,
        ua1_0.deleted_at,
        ua1_0.demo_password,
        ua1_0.department_id,
        ua1_0.email,
        ua1_0.nickname,
        ua1_0.password_hash,
        ua1_0.phone,
        ua1_0.role,
        ua1_0.updated_at,
        ua1_0.username 
    from
        users ua1_0 
    where
        ua1_0.id=?
2026-05-10T19:58:48.977+08:00 DEBUG 39928 --- [wiki-backend] [           main] org.hibernate.SQL                        : 
    select
        ua1_0.id,
        ua1_0.avatar_url,
        ua1_0.created_at,
        ua1_0.deleted_at,
        ua1_0.demo_password,
        ua1_0.department_id,
        ua1_0.email,
        ua1_0.nickname,
        ua1_0.password_hash,
        ua1_0.phone,
        ua1_0.role,
        ua1_0.updated_at,
        ua1_0.username 
    from
        users ua1_0 
    where
        ua1_0.username=?
2026-05-10T19:58:48.978+08:00 DEBUG 39928 --- [wiki-backend] [           main] org.hibernate.SQL                        : 
    select
        ua1_0.id,
        ua1_0.avatar_url,
        ua1_0.created_at,
        ua1_0.deleted_at,
        ua1_0.demo_password,
        ua1_0.department_id,
        ua1_0.email,
        ua1_0.nickname,
        ua1_0.password_hash,
        ua1_0.phone,
        ua1_0.role,
        ua1_0.updated_at,
        ua1_0.username 
    from
        users ua1_0 
    where
        ua1_0.id=?
2026-05-10T19:58:48.980+08:00 DEBUG 39928 --- [wiki-backend] [           main] org.hibernate.SQL                        : 
    select
        ua1_0.id,
        ua1_0.avatar_url,
        ua1_0.created_at,
        ua1_0.deleted_at,
        ua1_0.demo_password,
        ua1_0.department_id,
        ua1_0.email,
        ua1_0.nickname,
        ua1_0.password_hash,
        ua1_0.phone,
        ua1_0.role,
        ua1_0.updated_at,
        ua1_0.username 
    from
        users ua1_0 
    where
        ua1_0.username=?
2026-05-10T19:58:48.980+08:00 DEBUG 39928 --- [wiki-backend] [           main] org.hibernate.SQL                        : 
    select
        ua1_0.id,
        ua1_0.avatar_url,
        ua1_0.created_at,
        ua1_0.deleted_at,
        ua1_0.demo_password,
        ua1_0.department_id,
        ua1_0.email,
        ua1_0.nickname,
        ua1_0.password_hash,
        ua1_0.phone,
        ua1_0.role,
        ua1_0.updated_at,
        ua1_0.username 
    from
        users ua1_0 
    where
        ua1_0.id=?
2026-05-10T19:58:48.982+08:00 DEBUG 39928 --- [wiki-backend] [           main] org.hibernate.SQL                        : 
    select
        ua1_0.id,
        ua1_0.avatar_url,
        ua1_0.created_at,
        ua1_0.deleted_at,
        ua1_0.demo_password,
        ua1_0.department_id,
        ua1_0.email,
        ua1_0.nickname,
        ua1_0.password_hash,
        ua1_0.phone,
        ua1_0.role,
        ua1_0.updated_at,
        ua1_0.username 
    from
        users ua1_0 
    where
        ua1_0.username=?
2026-05-10T19:58:48.982+08:00 DEBUG 39928 --- [wiki-backend] [           main] org.hibernate.SQL                        : 
    select
        ua1_0.id,
        ua1_0.avatar_url,
        ua1_0.created_at,
        ua1_0.deleted_at,
        ua1_0.demo_password,
        ua1_0.department_id,
        ua1_0.email,
        ua1_0.nickname,
        ua1_0.password_hash,
        ua1_0.phone,
        ua1_0.role,
        ua1_0.updated_at,
        ua1_0.username 
    from
        users ua1_0 
    where
        ua1_0.id=?
2026-05-10T19:58:48.985+08:00 DEBUG 39928 --- [wiki-backend] [           main] org.hibernate.SQL                        : 
    select
        ua1_0.id,
        ua1_0.avatar_url,
        ua1_0.created_at,
        ua1_0.deleted_at,
        ua1_0.demo_password,
        ua1_0.department_id,
        ua1_0.email,
        ua1_0.nickname,
        ua1_0.password_hash,
        ua1_0.phone,
        ua1_0.role,
        ua1_0.updated_at,
        ua1_0.username 
    from
        users ua1_0 
    where
        ua1_0.username=?
2026-05-10T19:58:48.987+08:00 DEBUG 39928 --- [wiki-backend] [           main] org.hibernate.SQL                        : 
    select
        ua1_0.id,
        ua1_0.avatar_url,
        ua1_0.created_at,
        ua1_0.deleted_at,
        ua1_0.demo_password,
        ua1_0.department_id,
        ua1_0.email,
        ua1_0.nickname,
        ua1_0.password_hash,
        ua1_0.phone,
        ua1_0.role,
        ua1_0.updated_at,
        ua1_0.username 
    from
        users ua1_0 
    where
        ua1_0.id=?
2026-05-10T19:58:48.988+08:00 DEBUG 39928 --- [wiki-backend] [           main] org.hibernate.SQL                        : 
    select
        ua1_0.id,
        ua1_0.avatar_url,
        ua1_0.created_at,
        ua1_0.deleted_at,
        ua1_0.demo_password,
        ua1_0.department_id,
        ua1_0.email,
        ua1_0.nickname,
        ua1_0.password_hash,
        ua1_0.phone,
        ua1_0.role,
        ua1_0.updated_at,
        ua1_0.username 
    from
        users ua1_0 
    where
        ua1_0.username=?
2026-05-10T19:58:48.989+08:00 DEBUG 39928 --- [wiki-backend] [           main] org.hibernate.SQL                        : 
    select
        ua1_0.id,
        ua1_0.avatar_url,
        ua1_0.created_at,
        ua1_0.deleted_at,
        ua1_0.demo_password,
        ua1_0.department_id,
        ua1_0.email,
        ua1_0.nickname,
        ua1_0.password_hash,
        ua1_0.phone,
        ua1_0.role,
        ua1_0.updated_at,
        ua1_0.username 
    from
        users ua1_0 
    where
        ua1_0.id=?
2026-05-10T19:58:48.991+08:00 DEBUG 39928 --- [wiki-backend] [           main] org.hibernate.SQL                        : 
    select
        ua1_0.id,
        ua1_0.avatar_url,
        ua1_0.created_at,
        ua1_0.deleted_at,
        ua1_0.demo_password,
        ua1_0.department_id,
        ua1_0.email,
        ua1_0.nickname,
        ua1_0.password_hash,
        ua1_0.phone,
        ua1_0.role,
        ua1_0.updated_at,
        ua1_0.username 
    from
        users ua1_0 
    where
        ua1_0.username=?
2026-05-10T19:58:48.992+08:00 DEBUG 39928 --- [wiki-backend] [           main] org.hibernate.SQL                        : 
    select
        ua1_0.id,
        ua1_0.avatar_url,
        ua1_0.created_at,
        ua1_0.deleted_at,
        ua1_0.demo_password,
        ua1_0.department_id,
        ua1_0.email,
        ua1_0.nickname,
        ua1_0.password_hash,
        ua1_0.phone,
        ua1_0.role,
        ua1_0.updated_at,
        ua1_0.username 
    from
        users ua1_0 
    where
        ua1_0.id=?
2026-05-10T19:58:48.993+08:00 DEBUG 39928 --- [wiki-backend] [           main] org.hibernate.SQL                        : 
    select
        ua1_0.id,
        ua1_0.avatar_url,
        ua1_0.created_at,
        ua1_0.deleted_at,
        ua1_0.demo_password,
        ua1_0.department_id,
        ua1_0.email,
        ua1_0.nickname,
        ua1_0.password_hash,
        ua1_0.phone,
        ua1_0.role,
        ua1_0.updated_at,
        ua1_0.username 
    from
        users ua1_0 
    where
        ua1_0.username=?
2026-05-10T19:58:48.995+08:00 DEBUG 39928 --- [wiki-backend] [           main] org.hibernate.SQL                        : 
    select
        ua1_0.id,
        ua1_0.avatar_url,
        ua1_0.created_at,
        ua1_0.deleted_at,
        ua1_0.demo_password,
        ua1_0.department_id,
        ua1_0.email,
        ua1_0.nickname,
        ua1_0.password_hash,
        ua1_0.phone,
        ua1_0.role,
        ua1_0.updated_at,
        ua1_0.username 
    from
        users ua1_0 
    where
        ua1_0.id=?
2026-05-10T19:58:48.997+08:00 DEBUG 39928 --- [wiki-backend] [           main] org.hibernate.SQL                        : 
    select
        ua1_0.id,
        ua1_0.avatar_url,
        ua1_0.created_at,
        ua1_0.deleted_at,
        ua1_0.demo_password,
        ua1_0.department_id,
        ua1_0.email,
        ua1_0.nickname,
        ua1_0.password_hash,
        ua1_0.phone,
        ua1_0.role,
        ua1_0.updated_at,
        ua1_0.username 
    from
        users ua1_0 
    where
        ua1_0.username=?
2026-05-10T19:58:48.999+08:00 DEBUG 39928 --- [wiki-backend] [           main] org.hibernate.SQL                        : 
    select
        ua1_0.id,
        ua1_0.avatar_url,
        ua1_0.created_at,
        ua1_0.deleted_at,
        ua1_0.demo_password,
        ua1_0.department_id,
        ua1_0.email,
        ua1_0.nickname,
        ua1_0.password_hash,
        ua1_0.phone,
        ua1_0.role,
        ua1_0.updated_at,
        ua1_0.username 
    from
        users ua1_0 
    where
        ua1_0.id=?
2026-05-10T19:58:49.000+08:00 DEBUG 39928 --- [wiki-backend] [           main] org.hibernate.SQL                        : 
    select
        ua1_0.id,
        ua1_0.avatar_url,
        ua1_0.created_at,
        ua1_0.deleted_at,
        ua1_0.demo_password,
        ua1_0.department_id,
        ua1_0.email,
        ua1_0.nickname,
        ua1_0.password_hash,
        ua1_0.phone,
        ua1_0.role,
        ua1_0.updated_at,
        ua1_0.username 
    from
        users ua1_0 
    where
        ua1_0.username=?
2026-05-10T19:58:49.001+08:00 DEBUG 39928 --- [wiki-backend] [           main] org.hibernate.SQL                        : 
    select
        ua1_0.id,
        ua1_0.avatar_url,
        ua1_0.created_at,
        ua1_0.deleted_at,
        ua1_0.demo_password,
        ua1_0.department_id,
        ua1_0.email,
        ua1_0.nickname,
        ua1_0.password_hash,
        ua1_0.phone,
        ua1_0.role,
        ua1_0.updated_at,
        ua1_0.username 
    from
        users ua1_0 
    where
        ua1_0.id=?
2026-05-10T19:58:49.004+08:00 DEBUG 39928 --- [wiki-backend] [           main] org.hibernate.SQL                        : 
    select
        ua1_0.id,
        ua1_0.avatar_url,
        ua1_0.created_at,
        ua1_0.deleted_at,
        ua1_0.demo_password,
        ua1_0.department_id,
        ua1_0.email,
        ua1_0.nickname,
        ua1_0.password_hash,
        ua1_0.phone,
        ua1_0.role,
        ua1_0.updated_at,
        ua1_0.username 
    from
        users ua1_0 
    where
        ua1_0.username=?
2026-05-10T19:58:49.004+08:00 DEBUG 39928 --- [wiki-backend] [           main] org.hibernate.SQL                        : 
    select
        ua1_0.id,
        ua1_0.avatar_url,
        ua1_0.created_at,
        ua1_0.deleted_at,
        ua1_0.demo_password,
        ua1_0.department_id,
        ua1_0.email,
        ua1_0.nickname,
        ua1_0.password_hash,
        ua1_0.phone,
        ua1_0.role,
        ua1_0.updated_at,
        ua1_0.username 
    from
        users ua1_0 
    where
        ua1_0.id=?
2026-05-10T19:58:49.006+08:00 DEBUG 39928 --- [wiki-backend] [           main] org.hibernate.SQL                        : 
    select
        ua1_0.id,
        ua1_0.avatar_url,
        ua1_0.created_at,
        ua1_0.deleted_at,
        ua1_0.demo_password,
        ua1_0.department_id,
        ua1_0.email,
        ua1_0.nickname,
        ua1_0.password_hash,
        ua1_0.phone,
        ua1_0.role,
        ua1_0.updated_at,
        ua1_0.username 
    from
        users ua1_0 
    where
        ua1_0.username=?
2026-05-10T19:58:49.006+08:00 DEBUG 39928 --- [wiki-backend] [           main] org.hibernate.SQL                        : 
    select
        ua1_0.id,
        ua1_0.avatar_url,
        ua1_0.created_at,
        ua1_0.deleted_at,
        ua1_0.demo_password,
        ua1_0.department_id,
        ua1_0.email,
        ua1_0.nickname,
        ua1_0.password_hash,
        ua1_0.phone,
        ua1_0.role,
        ua1_0.updated_at,
        ua1_0.username 
    from
        users ua1_0 
    where
        ua1_0.id=?
2026-05-10T19:58:49.007+08:00 DEBUG 39928 --- [wiki-backend] [           main] org.hibernate.SQL                        : 
    select
        ua1_0.id,
        ua1_0.avatar_url,
        ua1_0.created_at,
        ua1_0.deleted_at,
        ua1_0.demo_password,
        ua1_0.department_id,
        ua1_0.email,
        ua1_0.nickname,
        ua1_0.password_hash,
        ua1_0.phone,
        ua1_0.role,
        ua1_0.updated_at,
        ua1_0.username 
    from
        users ua1_0 
    where
        ua1_0.username=?
2026-05-10T19:58:49.009+08:00 DEBUG 39928 --- [wiki-backend] [           main] org.hibernate.SQL                        : 
    select
        ua1_0.id,
        ua1_0.avatar_url,
        ua1_0.created_at,
        ua1_0.deleted_at,
        ua1_0.demo_password,
        ua1_0.department_id,
        ua1_0.email,
        ua1_0.nickname,
        ua1_0.password_hash,
        ua1_0.phone,
        ua1_0.role,
        ua1_0.updated_at,
        ua1_0.username 
    from
        users ua1_0 
    where
        ua1_0.id=?
2026-05-10T19:58:49.010+08:00 DEBUG 39928 --- [wiki-backend] [           main] org.hibernate.SQL                        : 
    select
        ua1_0.id,
        ua1_0.avatar_url,
        ua1_0.created_at,
        ua1_0.deleted_at,
        ua1_0.demo_password,
        ua1_0.department_id,
        ua1_0.email,
        ua1_0.nickname,
        ua1_0.password_hash,
        ua1_0.phone,
        ua1_0.role,
        ua1_0.updated_at,
        ua1_0.username 
    from
        users ua1_0 
    where
        ua1_0.username=?
2026-05-10T19:58:49.011+08:00 DEBUG 39928 --- [wiki-backend] [           main] org.hibernate.SQL                        : 
    select
        ua1_0.id,
        ua1_0.avatar_url,
        ua1_0.created_at,
        ua1_0.deleted_at,
        ua1_0.demo_password,
        ua1_0.department_id,
        ua1_0.email,
        ua1_0.nickname,
        ua1_0.password_hash,
        ua1_0.phone,
        ua1_0.role,
        ua1_0.updated_at,
        ua1_0.username 
    from
        users ua1_0 
    where
        ua1_0.id=?
2026-05-10T19:58:49.012+08:00 DEBUG 39928 --- [wiki-backend] [           main] org.hibernate.SQL                        : 
    select
        ua1_0.id,
        ua1_0.avatar_url,
        ua1_0.created_at,
        ua1_0.deleted_at,
        ua1_0.demo_password,
        ua1_0.department_id,
        ua1_0.email,
        ua1_0.nickname,
        ua1_0.password_hash,
        ua1_0.phone,
        ua1_0.role,
        ua1_0.updated_at,
        ua1_0.username 
    from
        users ua1_0 
    where
        ua1_0.username=?
2026-05-10T19:58:49.013+08:00 DEBUG 39928 --- [wiki-backend] [           main] org.hibernate.SQL                        : 
    select
        ua1_0.id,
        ua1_0.avatar_url,
        ua1_0.created_at,
        ua1_0.deleted_at,
        ua1_0.demo_password,
        ua1_0.department_id,
        ua1_0.email,
        ua1_0.nickname,
        ua1_0.password_hash,
        ua1_0.phone,
        ua1_0.role,
        ua1_0.updated_at,
        ua1_0.username 
    from
        users ua1_0 
    where
        ua1_0.id=?
2026-05-10T19:58:49.015+08:00 DEBUG 39928 --- [wiki-backend] [           main] org.hibernate.SQL                        : 
    select
        ua1_0.id,
        ua1_0.avatar_url,
        ua1_0.created_at,
        ua1_0.deleted_at,
        ua1_0.demo_password,
        ua1_0.department_id,
        ua1_0.email,
        ua1_0.nickname,
        ua1_0.password_hash,
        ua1_0.phone,
        ua1_0.role,
        ua1_0.updated_at,
        ua1_0.username 
    from
        users ua1_0 
    where
        ua1_0.username=?
2026-05-10T19:58:49.017+08:00 DEBUG 39928 --- [wiki-backend] [           main] org.hibernate.SQL                        : 
    select
        ua1_0.id,
        ua1_0.avatar_url,
        ua1_0.created_at,
        ua1_0.deleted_at,
        ua1_0.demo_password,
        ua1_0.department_id,
        ua1_0.email,
        ua1_0.nickname,
        ua1_0.password_hash,
        ua1_0.phone,
        ua1_0.role,
        ua1_0.updated_at,
        ua1_0.username 
    from
        users ua1_0 
    where
        ua1_0.id=?
2026-05-10T19:58:49.019+08:00 DEBUG 39928 --- [wiki-backend] [           main] org.hibernate.SQL                        : 
    select
        utm1_0.id,
        utm1_0.created_at,
        utm1_0.deleted_at,
        utm1_0.team_id,
        utm1_0.updated_at,
        utm1_0.user_id 
    from
        user_team_memberships utm1_0 
    where
        utm1_0.user_id=? 
        and utm1_0.team_id=? 
        and utm1_0.deleted_at is null
2026-05-10T19:58:49.021+08:00 DEBUG 39928 --- [wiki-backend] [           main] org.hibernate.SQL                        : 
    select
        utm1_0.id,
        utm1_0.created_at,
        utm1_0.deleted_at,
        utm1_0.team_id,
        utm1_0.updated_at,
        utm1_0.user_id 
    from
        user_team_memberships utm1_0 
    where
        utm1_0.id=?
2026-05-10T19:58:49.022+08:00 DEBUG 39928 --- [wiki-backend] [           main] org.hibernate.SQL                        : 
    select
        utm1_0.id,
        utm1_0.created_at,
        utm1_0.deleted_at,
        utm1_0.team_id,
        utm1_0.updated_at,
        utm1_0.user_id 
    from
        user_team_memberships utm1_0 
    where
        utm1_0.user_id=? 
        and utm1_0.team_id=? 
        and utm1_0.deleted_at is null
2026-05-10T19:58:49.024+08:00 DEBUG 39928 --- [wiki-backend] [           main] org.hibernate.SQL                        : 
    select
        utm1_0.id,
        utm1_0.created_at,
        utm1_0.deleted_at,
        utm1_0.team_id,
        utm1_0.updated_at,
        utm1_0.user_id 
    from
        user_team_memberships utm1_0 
    where
        utm1_0.id=?
2026-05-10T19:58:49.025+08:00 DEBUG 39928 --- [wiki-backend] [           main] org.hibernate.SQL                        : 
    select
        utm1_0.id,
        utm1_0.created_at,
        utm1_0.deleted_at,
        utm1_0.team_id,
        utm1_0.updated_at,
        utm1_0.user_id 
    from
        user_team_memberships utm1_0 
    where
        utm1_0.user_id=? 
        and utm1_0.team_id=? 
        and utm1_0.deleted_at is null
2026-05-10T19:58:49.026+08:00 DEBUG 39928 --- [wiki-backend] [           main] org.hibernate.SQL                        : 
    select
        utm1_0.id,
        utm1_0.created_at,
        utm1_0.deleted_at,
        utm1_0.team_id,
        utm1_0.updated_at,
        utm1_0.user_id 
    from
        user_team_memberships utm1_0 
    where
        utm1_0.id=?
2026-05-10T19:58:49.028+08:00 DEBUG 39928 --- [wiki-backend] [           main] org.hibernate.SQL                        : 
    select
        utm1_0.id,
        utm1_0.created_at,
        utm1_0.deleted_at,
        utm1_0.team_id,
        utm1_0.updated_at,
        utm1_0.user_id 
    from
        user_team_memberships utm1_0 
    where
        utm1_0.user_id=? 
        and utm1_0.team_id=? 
        and utm1_0.deleted_at is null
2026-05-10T19:58:49.030+08:00 DEBUG 39928 --- [wiki-backend] [           main] org.hibernate.SQL                        : 
    select
        utm1_0.id,
        utm1_0.created_at,
        utm1_0.deleted_at,
        utm1_0.team_id,
        utm1_0.updated_at,
        utm1_0.user_id 
    from
        user_team_memberships utm1_0 
    where
        utm1_0.id=?
2026-05-10T19:58:49.032+08:00 DEBUG 39928 --- [wiki-backend] [           main] org.hibernate.SQL                        : 
    select
        utm1_0.id,
        utm1_0.created_at,
        utm1_0.deleted_at,
        utm1_0.team_id,
        utm1_0.updated_at,
        utm1_0.user_id 
    from
        user_team_memberships utm1_0 
    where
        utm1_0.user_id=? 
        and utm1_0.team_id=? 
        and utm1_0.deleted_at is null
2026-05-10T19:58:49.033+08:00 DEBUG 39928 --- [wiki-backend] [           main] org.hibernate.SQL                        : 
    select
        utm1_0.id,
        utm1_0.created_at,
        utm1_0.deleted_at,
        utm1_0.team_id,
        utm1_0.updated_at,
        utm1_0.user_id 
    from
        user_team_memberships utm1_0 
    where
        utm1_0.id=?
2026-05-10T19:58:49.034+08:00 DEBUG 39928 --- [wiki-backend] [           main] org.hibernate.SQL                        : 
    select
        utm1_0.id,
        utm1_0.created_at,
        utm1_0.deleted_at,
        utm1_0.team_id,
        utm1_0.updated_at,
        utm1_0.user_id 
    from
        user_team_memberships utm1_0 
    where
        utm1_0.user_id=? 
        and utm1_0.team_id=? 
        and utm1_0.deleted_at is null
2026-05-10T19:58:49.035+08:00 DEBUG 39928 --- [wiki-backend] [           main] org.hibernate.SQL                        : 
    select
        utm1_0.id,
        utm1_0.created_at,
        utm1_0.deleted_at,
        utm1_0.team_id,
        utm1_0.updated_at,
        utm1_0.user_id 
    from
        user_team_memberships utm1_0 
    where
        utm1_0.id=?
2026-05-10T19:58:49.037+08:00 DEBUG 39928 --- [wiki-backend] [           main] org.hibernate.SQL                        : 
    select
        utm1_0.id,
        utm1_0.created_at,
        utm1_0.deleted_at,
        utm1_0.team_id,
        utm1_0.updated_at,
        utm1_0.user_id 
    from
        user_team_memberships utm1_0 
    where
        utm1_0.user_id=? 
        and utm1_0.team_id=? 
        and utm1_0.deleted_at is null
2026-05-10T19:58:49.038+08:00 DEBUG 39928 --- [wiki-backend] [           main] org.hibernate.SQL                        : 
    select
        utm1_0.id,
        utm1_0.created_at,
        utm1_0.deleted_at,
        utm1_0.team_id,
        utm1_0.updated_at,
        utm1_0.user_id 
    from
        user_team_memberships utm1_0 
    where
        utm1_0.id=?
2026-05-10T19:58:49.039+08:00 DEBUG 39928 --- [wiki-backend] [           main] org.hibernate.SQL                        : 
    select
        utm1_0.id,
        utm1_0.created_at,
        utm1_0.deleted_at,
        utm1_0.team_id,
        utm1_0.updated_at,
        utm1_0.user_id 
    from
        user_team_memberships utm1_0 
    where
        utm1_0.user_id=? 
        and utm1_0.team_id=? 
        and utm1_0.deleted_at is null
2026-05-10T19:58:49.039+08:00 DEBUG 39928 --- [wiki-backend] [           main] org.hibernate.SQL                        : 
    select
        utm1_0.id,
        utm1_0.created_at,
        utm1_0.deleted_at,
        utm1_0.team_id,
        utm1_0.updated_at,
        utm1_0.user_id 
    from
        user_team_memberships utm1_0 
    where
        utm1_0.id=?
2026-05-10T19:58:49.040+08:00 DEBUG 39928 --- [wiki-backend] [           main] org.hibernate.SQL                        : 
    select
        utm1_0.id,
        utm1_0.created_at,
        utm1_0.deleted_at,
        utm1_0.team_id,
        utm1_0.updated_at,
        utm1_0.user_id 
    from
        user_team_memberships utm1_0 
    where
        utm1_0.user_id=? 
        and utm1_0.team_id=? 
        and utm1_0.deleted_at is null
2026-05-10T19:58:49.042+08:00 DEBUG 39928 --- [wiki-backend] [           main] org.hibernate.SQL                        : 
    select
        utm1_0.id,
        utm1_0.created_at,
        utm1_0.deleted_at,
        utm1_0.team_id,
        utm1_0.updated_at,
        utm1_0.user_id 
    from
        user_team_memberships utm1_0 
    where
        utm1_0.id=?
2026-05-10T19:58:49.043+08:00 DEBUG 39928 --- [wiki-backend] [           main] org.hibernate.SQL                        : 
    select
        utm1_0.id,
        utm1_0.created_at,
        utm1_0.deleted_at,
        utm1_0.team_id,
        utm1_0.updated_at,
        utm1_0.user_id 
    from
        user_team_memberships utm1_0 
    where
        utm1_0.user_id=? 
        and utm1_0.team_id=? 
        and utm1_0.deleted_at is null
2026-05-10T19:58:49.044+08:00 DEBUG 39928 --- [wiki-backend] [           main] org.hibernate.SQL                        : 
    select
        utm1_0.id,
        utm1_0.created_at,
        utm1_0.deleted_at,
        utm1_0.team_id,
        utm1_0.updated_at,
        utm1_0.user_id 
    from
        user_team_memberships utm1_0 
    where
        utm1_0.id=?
2026-05-10T19:58:49.046+08:00 DEBUG 39928 --- [wiki-backend] [           main] org.hibernate.SQL                        : 
    select
        utm1_0.id,
        utm1_0.created_at,
        utm1_0.deleted_at,
        utm1_0.team_id,
        utm1_0.updated_at,
        utm1_0.user_id 
    from
        user_team_memberships utm1_0 
    where
        utm1_0.user_id=? 
        and utm1_0.team_id=? 
        and utm1_0.deleted_at is null
2026-05-10T19:58:49.046+08:00 DEBUG 39928 --- [wiki-backend] [           main] org.hibernate.SQL                        : 
    select
        utm1_0.id,
        utm1_0.created_at,
        utm1_0.deleted_at,
        utm1_0.team_id,
        utm1_0.updated_at,
        utm1_0.user_id 
    from
        user_team_memberships utm1_0 
    where
        utm1_0.id=?
2026-05-10T19:58:49.049+08:00 DEBUG 39928 --- [wiki-backend] [           main] org.hibernate.SQL                        : 
    select
        utm1_0.id,
        utm1_0.created_at,
        utm1_0.deleted_at,
        utm1_0.team_id,
        utm1_0.updated_at,
        utm1_0.user_id 
    from
        user_team_memberships utm1_0 
    where
        utm1_0.user_id=? 
        and utm1_0.team_id=? 
        and utm1_0.deleted_at is null
2026-05-10T19:58:49.050+08:00 DEBUG 39928 --- [wiki-backend] [           main] org.hibernate.SQL                        : 
    select
        utm1_0.id,
        utm1_0.created_at,
        utm1_0.deleted_at,
        utm1_0.team_id,
        utm1_0.updated_at,
        utm1_0.user_id 
    from
        user_team_memberships utm1_0 
    where
        utm1_0.id=?
2026-05-10T19:58:49.051+08:00 DEBUG 39928 --- [wiki-backend] [           main] org.hibernate.SQL                        : 
    select
        utm1_0.id,
        utm1_0.created_at,
        utm1_0.deleted_at,
        utm1_0.team_id,
        utm1_0.updated_at,
        utm1_0.user_id 
    from
        user_team_memberships utm1_0 
    where
        utm1_0.user_id=? 
        and utm1_0.team_id=? 
        and utm1_0.deleted_at is null
2026-05-10T19:58:49.052+08:00 DEBUG 39928 --- [wiki-backend] [           main] org.hibernate.SQL                        : 
    select
        utm1_0.id,
        utm1_0.created_at,
        utm1_0.deleted_at,
        utm1_0.team_id,
        utm1_0.updated_at,
        utm1_0.user_id 
    from
        user_team_memberships utm1_0 
    where
        utm1_0.id=?
2026-05-10T19:58:49.054+08:00 DEBUG 39928 --- [wiki-backend] [           main] org.hibernate.SQL                        : 
    select
        utm1_0.id,
        utm1_0.created_at,
        utm1_0.deleted_at,
        utm1_0.team_id,
        utm1_0.updated_at,
        utm1_0.user_id 
    from
        user_team_memberships utm1_0 
    where
        utm1_0.user_id=? 
        and utm1_0.team_id=? 
        and utm1_0.deleted_at is null
2026-05-10T19:58:49.055+08:00 DEBUG 39928 --- [wiki-backend] [           main] org.hibernate.SQL                        : 
    select
        utm1_0.id,
        utm1_0.created_at,
        utm1_0.deleted_at,
        utm1_0.team_id,
        utm1_0.updated_at,
        utm1_0.user_id 
    from
        user_team_memberships utm1_0 
    where
        utm1_0.id=?
2026-05-10T19:58:49.056+08:00 DEBUG 39928 --- [wiki-backend] [           main] org.hibernate.SQL                        : 
    select
        utm1_0.id,
        utm1_0.created_at,
        utm1_0.deleted_at,
        utm1_0.team_id,
        utm1_0.updated_at,
        utm1_0.user_id 
    from
        user_team_memberships utm1_0 
    where
        utm1_0.user_id=? 
        and utm1_0.team_id=? 
        and utm1_0.deleted_at is null
2026-05-10T19:58:49.057+08:00 DEBUG 39928 --- [wiki-backend] [           main] org.hibernate.SQL                        : 
    select
        utm1_0.id,
        utm1_0.created_at,
        utm1_0.deleted_at,
        utm1_0.team_id,
        utm1_0.updated_at,
        utm1_0.user_id 
    from
        user_team_memberships utm1_0 
    where
        utm1_0.id=?
2026-05-10T19:58:49.059+08:00 DEBUG 39928 --- [wiki-backend] [           main] org.hibernate.SQL                        : 
    select
        utm1_0.id,
        utm1_0.created_at,
        utm1_0.deleted_at,
        utm1_0.team_id,
        utm1_0.updated_at,
        utm1_0.user_id 
    from
        user_team_memberships utm1_0 
    where
        utm1_0.user_id=? 
        and utm1_0.team_id=? 
        and utm1_0.deleted_at is null
2026-05-10T19:58:49.060+08:00 DEBUG 39928 --- [wiki-backend] [           main] org.hibernate.SQL                        : 
    select
        utm1_0.id,
        utm1_0.created_at,
        utm1_0.deleted_at,
        utm1_0.team_id,
        utm1_0.updated_at,
        utm1_0.user_id 
    from
        user_team_memberships utm1_0 
    where
        utm1_0.id=?
2026-05-10T19:58:49.062+08:00 DEBUG 39928 --- [wiki-backend] [           main] org.hibernate.SQL                        : 
    select
        utm1_0.id,
        utm1_0.created_at,
        utm1_0.deleted_at,
        utm1_0.team_id,
        utm1_0.updated_at,
        utm1_0.user_id 
    from
        user_team_memberships utm1_0 
    where
        utm1_0.user_id=? 
        and utm1_0.team_id=? 
        and utm1_0.deleted_at is null
2026-05-10T19:58:49.063+08:00 DEBUG 39928 --- [wiki-backend] [           main] org.hibernate.SQL                        : 
    select
        utm1_0.id,
        utm1_0.created_at,
        utm1_0.deleted_at,
        utm1_0.team_id,
        utm1_0.updated_at,
        utm1_0.user_id 
    from
        user_team_memberships utm1_0 
    where
        utm1_0.id=?
2026-05-10T19:58:49.064+08:00 DEBUG 39928 --- [wiki-backend] [           main] org.hibernate.SQL                        : 
    select
        utm1_0.id,
        utm1_0.created_at,
        utm1_0.deleted_at,
        utm1_0.team_id,
        utm1_0.updated_at,
        utm1_0.user_id 
    from
        user_team_memberships utm1_0 
    where
        utm1_0.user_id=? 
        and utm1_0.team_id=? 
        and utm1_0.deleted_at is null
2026-05-10T19:58:49.065+08:00 DEBUG 39928 --- [wiki-backend] [           main] org.hibernate.SQL                        : 
    select
        utm1_0.id,
        utm1_0.created_at,
        utm1_0.deleted_at,
        utm1_0.team_id,
        utm1_0.updated_at,
        utm1_0.user_id 
    from
        user_team_memberships utm1_0 
    where
        utm1_0.id=?
2026-05-10T19:58:49.067+08:00 DEBUG 39928 --- [wiki-backend] [           main] org.hibernate.SQL                        : 
    select
        kb1_0.id,
        kb1_0.created_at,
        kb1_0.deleted_at,
        kb1_0.description,
        kb1_0.name,
        kb1_0.owner_id,
        kb1_0.parent_id,
        kb1_0.team_id,
        kb1_0.type,
        kb1_0.updated_at 
    from
        knowledge_bases kb1_0
2026-05-10T19:58:49.069+08:00 DEBUG 39928 --- [wiki-backend] [           main] org.hibernate.SQL                        : 
    select
        kb1_0.id,
        kb1_0.created_at,
        kb1_0.deleted_at,
        kb1_0.description,
        kb1_0.name,
        kb1_0.owner_id,
        kb1_0.parent_id,
        kb1_0.team_id,
        kb1_0.type,
        kb1_0.updated_at 
    from
        knowledge_bases kb1_0 
    where
        kb1_0.id=?
2026-05-10T19:58:49.070+08:00 DEBUG 39928 --- [wiki-backend] [           main] org.hibernate.SQL                        : 
    select
        kb1_0.id,
        kb1_0.created_at,
        kb1_0.deleted_at,
        kb1_0.description,
        kb1_0.name,
        kb1_0.owner_id,
        kb1_0.parent_id,
        kb1_0.team_id,
        kb1_0.type,
        kb1_0.updated_at 
    from
        knowledge_bases kb1_0
2026-05-10T19:58:49.072+08:00 DEBUG 39928 --- [wiki-backend] [           main] org.hibernate.SQL                        : 
    select
        kb1_0.id,
        kb1_0.created_at,
        kb1_0.deleted_at,
        kb1_0.description,
        kb1_0.name,
        kb1_0.owner_id,
        kb1_0.parent_id,
        kb1_0.team_id,
        kb1_0.type,
        kb1_0.updated_at 
    from
        knowledge_bases kb1_0 
    where
        kb1_0.id=?
2026-05-10T19:58:49.074+08:00 DEBUG 39928 --- [wiki-backend] [           main] org.hibernate.SQL                        : 
    select
        kb1_0.id,
        kb1_0.created_at,
        kb1_0.deleted_at,
        kb1_0.description,
        kb1_0.name,
        kb1_0.owner_id,
        kb1_0.parent_id,
        kb1_0.team_id,
        kb1_0.type,
        kb1_0.updated_at 
    from
        knowledge_bases kb1_0
2026-05-10T19:58:49.076+08:00 DEBUG 39928 --- [wiki-backend] [           main] org.hibernate.SQL                        : 
    select
        kb1_0.id,
        kb1_0.created_at,
        kb1_0.deleted_at,
        kb1_0.description,
        kb1_0.name,
        kb1_0.owner_id,
        kb1_0.parent_id,
        kb1_0.team_id,
        kb1_0.type,
        kb1_0.updated_at 
    from
        knowledge_bases kb1_0 
    where
        kb1_0.id=?
2026-05-10T19:58:49.078+08:00 DEBUG 39928 --- [wiki-backend] [           main] org.hibernate.SQL                        : 
    select
        kb1_0.id,
        kb1_0.created_at,
        kb1_0.deleted_at,
        kb1_0.description,
        kb1_0.name,
        kb1_0.owner_id,
        kb1_0.parent_id,
        kb1_0.team_id,
        kb1_0.type,
        kb1_0.updated_at 
    from
        knowledge_bases kb1_0
2026-05-10T19:58:49.081+08:00 DEBUG 39928 --- [wiki-backend] [           main] org.hibernate.SQL                        : 
    select
        kb1_0.id,
        kb1_0.created_at,
        kb1_0.deleted_at,
        kb1_0.description,
        kb1_0.name,
        kb1_0.owner_id,
        kb1_0.parent_id,
        kb1_0.team_id,
        kb1_0.type,
        kb1_0.updated_at 
    from
        knowledge_bases kb1_0 
    where
        kb1_0.id=?
2026-05-10T19:58:49.084+08:00 DEBUG 39928 --- [wiki-backend] [           main] org.hibernate.SQL                        : 
    select
        kb1_0.id,
        kb1_0.created_at,
        kb1_0.deleted_at,
        kb1_0.description,
        kb1_0.name,
        kb1_0.owner_id,
        kb1_0.parent_id,
        kb1_0.team_id,
        kb1_0.type,
        kb1_0.updated_at 
    from
        knowledge_bases kb1_0
2026-05-10T19:58:49.085+08:00 DEBUG 39928 --- [wiki-backend] [           main] org.hibernate.SQL                        : 
    select
        kb1_0.id,
        kb1_0.created_at,
        kb1_0.deleted_at,
        kb1_0.description,
        kb1_0.name,
        kb1_0.owner_id,
        kb1_0.parent_id,
        kb1_0.team_id,
        kb1_0.type,
        kb1_0.updated_at 
    from
        knowledge_bases kb1_0 
    where
        kb1_0.id=?
2026-05-10T19:58:49.086+08:00 DEBUG 39928 --- [wiki-backend] [           main] org.hibernate.SQL                        : 
    select
        kb1_0.id,
        kb1_0.created_at,
        kb1_0.deleted_at,
        kb1_0.description,
        kb1_0.name,
        kb1_0.owner_id,
        kb1_0.parent_id,
        kb1_0.team_id,
        kb1_0.type,
        kb1_0.updated_at 
    from
        knowledge_bases kb1_0
2026-05-10T19:58:49.089+08:00 DEBUG 39928 --- [wiki-backend] [           main] org.hibernate.SQL                        : 
    select
        kb1_0.id,
        kb1_0.created_at,
        kb1_0.deleted_at,
        kb1_0.description,
        kb1_0.name,
        kb1_0.owner_id,
        kb1_0.parent_id,
        kb1_0.team_id,
        kb1_0.type,
        kb1_0.updated_at 
    from
        knowledge_bases kb1_0 
    where
        kb1_0.id=?
2026-05-10T19:58:49.090+08:00 DEBUG 39928 --- [wiki-backend] [           main] org.hibernate.SQL                        : 
    select
        kb1_0.id,
        kb1_0.created_at,
        kb1_0.deleted_at,
        kb1_0.description,
        kb1_0.name,
        kb1_0.owner_id,
        kb1_0.parent_id,
        kb1_0.team_id,
        kb1_0.type,
        kb1_0.updated_at 
    from
        knowledge_bases kb1_0
2026-05-10T19:58:49.093+08:00 DEBUG 39928 --- [wiki-backend] [           main] org.hibernate.SQL                        : 
    select
        kb1_0.id,
        kb1_0.created_at,
        kb1_0.deleted_at,
        kb1_0.description,
        kb1_0.name,
        kb1_0.owner_id,
        kb1_0.parent_id,
        kb1_0.team_id,
        kb1_0.type,
        kb1_0.updated_at 
    from
        knowledge_bases kb1_0 
    where
        kb1_0.id=?
2026-05-10T19:58:49.094+08:00 DEBUG 39928 --- [wiki-backend] [           main] org.hibernate.SQL                        : 
    select
        kb1_0.id,
        kb1_0.created_at,
        kb1_0.deleted_at,
        kb1_0.description,
        kb1_0.name,
        kb1_0.owner_id,
        kb1_0.parent_id,
        kb1_0.team_id,
        kb1_0.type,
        kb1_0.updated_at 
    from
        knowledge_bases kb1_0
2026-05-10T19:58:49.095+08:00 DEBUG 39928 --- [wiki-backend] [           main] org.hibernate.SQL                        : 
    select
        kb1_0.id,
        kb1_0.created_at,
        kb1_0.deleted_at,
        kb1_0.description,
        kb1_0.name,
        kb1_0.owner_id,
        kb1_0.parent_id,
        kb1_0.team_id,
        kb1_0.type,
        kb1_0.updated_at 
    from
        knowledge_bases kb1_0 
    where
        kb1_0.id=?
2026-05-10T19:58:49.097+08:00 DEBUG 39928 --- [wiki-backend] [           main] org.hibernate.SQL                        : 
    select
        kb1_0.id,
        kb1_0.created_at,
        kb1_0.deleted_at,
        kb1_0.description,
        kb1_0.name,
        kb1_0.owner_id,
        kb1_0.parent_id,
        kb1_0.team_id,
        kb1_0.type,
        kb1_0.updated_at 
    from
        knowledge_bases kb1_0
2026-05-10T19:58:49.098+08:00 DEBUG 39928 --- [wiki-backend] [           main] org.hibernate.SQL                        : 
    select
        kb1_0.id,
        kb1_0.created_at,
        kb1_0.deleted_at,
        kb1_0.description,
        kb1_0.name,
        kb1_0.owner_id,
        kb1_0.parent_id,
        kb1_0.team_id,
        kb1_0.type,
        kb1_0.updated_at 
    from
        knowledge_bases kb1_0 
    where
        kb1_0.id=?
2026-05-10T19:58:49.100+08:00 DEBUG 39928 --- [wiki-backend] [           main] org.hibernate.SQL                        : 
    select
        kbm1_0.id,
        kbm1_0.created_at,
        kbm1_0.deleted_at,
        kbm1_0.kb_id,
        kbm1_0.role,
        kbm1_0.updated_at,
        kbm1_0.user_id 
    from
        knowledge_base_members kbm1_0 
    where
        kbm1_0.kb_id=? 
        and kbm1_0.user_id=?
2026-05-10T19:58:49.101+08:00 DEBUG 39928 --- [wiki-backend] [           main] org.hibernate.SQL                        : 
    select
        kbm1_0.id,
        kbm1_0.created_at,
        kbm1_0.deleted_at,
        kbm1_0.kb_id,
        kbm1_0.role,
        kbm1_0.updated_at,
        kbm1_0.user_id 
    from
        knowledge_base_members kbm1_0 
    where
        kbm1_0.id=?
2026-05-10T19:58:49.103+08:00 DEBUG 39928 --- [wiki-backend] [           main] org.hibernate.SQL                        : 
    select
        kbm1_0.id,
        kbm1_0.created_at,
        kbm1_0.deleted_at,
        kbm1_0.kb_id,
        kbm1_0.role,
        kbm1_0.updated_at,
        kbm1_0.user_id 
    from
        knowledge_base_members kbm1_0 
    where
        kbm1_0.kb_id=? 
        and kbm1_0.user_id=?
2026-05-10T19:58:49.104+08:00 DEBUG 39928 --- [wiki-backend] [           main] org.hibernate.SQL                        : 
    select
        kbm1_0.id,
        kbm1_0.created_at,
        kbm1_0.deleted_at,
        kbm1_0.kb_id,
        kbm1_0.role,
        kbm1_0.updated_at,
        kbm1_0.user_id 
    from
        knowledge_base_members kbm1_0 
    where
        kbm1_0.id=?
2026-05-10T19:58:49.105+08:00 DEBUG 39928 --- [wiki-backend] [           main] org.hibernate.SQL                        : 
    select
        kbm1_0.id,
        kbm1_0.created_at,
        kbm1_0.deleted_at,
        kbm1_0.kb_id,
        kbm1_0.role,
        kbm1_0.updated_at,
        kbm1_0.user_id 
    from
        knowledge_base_members kbm1_0 
    where
        kbm1_0.kb_id=? 
        and kbm1_0.user_id=?
2026-05-10T19:58:49.106+08:00 DEBUG 39928 --- [wiki-backend] [           main] org.hibernate.SQL                        : 
    select
        kbm1_0.id,
        kbm1_0.created_at,
        kbm1_0.deleted_at,
        kbm1_0.kb_id,
        kbm1_0.role,
        kbm1_0.updated_at,
        kbm1_0.user_id 
    from
        knowledge_base_members kbm1_0 
    where
        kbm1_0.id=?
2026-05-10T19:58:49.108+08:00 DEBUG 39928 --- [wiki-backend] [           main] org.hibernate.SQL                        : 
    select
        kbm1_0.id,
        kbm1_0.created_at,
        kbm1_0.deleted_at,
        kbm1_0.kb_id,
        kbm1_0.role,
        kbm1_0.updated_at,
        kbm1_0.user_id 
    from
        knowledge_base_members kbm1_0 
    where
        kbm1_0.kb_id=? 
        and kbm1_0.user_id=?
2026-05-10T19:58:49.109+08:00 DEBUG 39928 --- [wiki-backend] [           main] org.hibernate.SQL                        : 
    select
        kbm1_0.id,
        kbm1_0.created_at,
        kbm1_0.deleted_at,
        kbm1_0.kb_id,
        kbm1_0.role,
        kbm1_0.updated_at,
        kbm1_0.user_id 
    from
        knowledge_base_members kbm1_0 
    where
        kbm1_0.id=?
2026-05-10T19:58:49.111+08:00 DEBUG 39928 --- [wiki-backend] [           main] org.hibernate.SQL                        : 
    select
        kbm1_0.id,
        kbm1_0.created_at,
        kbm1_0.deleted_at,
        kbm1_0.kb_id,
        kbm1_0.role,
        kbm1_0.updated_at,
        kbm1_0.user_id 
    from
        knowledge_base_members kbm1_0 
    where
        kbm1_0.kb_id=? 
        and kbm1_0.user_id=?
2026-05-10T19:58:49.111+08:00 DEBUG 39928 --- [wiki-backend] [           main] org.hibernate.SQL                        : 
    select
        kbm1_0.id,
        kbm1_0.created_at,
        kbm1_0.deleted_at,
        kbm1_0.kb_id,
        kbm1_0.role,
        kbm1_0.updated_at,
        kbm1_0.user_id 
    from
        knowledge_base_members kbm1_0 
    where
        kbm1_0.id=?
2026-05-10T19:58:49.112+08:00 DEBUG 39928 --- [wiki-backend] [           main] org.hibernate.SQL                        : 
    select
        kbm1_0.id,
        kbm1_0.created_at,
        kbm1_0.deleted_at,
        kbm1_0.kb_id,
        kbm1_0.role,
        kbm1_0.updated_at,
        kbm1_0.user_id 
    from
        knowledge_base_members kbm1_0 
    where
        kbm1_0.kb_id=? 
        and kbm1_0.user_id=?
2026-05-10T19:58:49.113+08:00 DEBUG 39928 --- [wiki-backend] [           main] org.hibernate.SQL                        : 
    select
        kbm1_0.id,
        kbm1_0.created_at,
        kbm1_0.deleted_at,
        kbm1_0.kb_id,
        kbm1_0.role,
        kbm1_0.updated_at,
        kbm1_0.user_id 
    from
        knowledge_base_members kbm1_0 
    where
        kbm1_0.id=?
2026-05-10T19:58:49.115+08:00 DEBUG 39928 --- [wiki-backend] [           main] org.hibernate.SQL                        : 
    select
        kbm1_0.id,
        kbm1_0.created_at,
        kbm1_0.deleted_at,
        kbm1_0.kb_id,
        kbm1_0.role,
        kbm1_0.updated_at,
        kbm1_0.user_id 
    from
        knowledge_base_members kbm1_0 
    where
        kbm1_0.kb_id=? 
        and kbm1_0.user_id=?
2026-05-10T19:58:49.116+08:00 DEBUG 39928 --- [wiki-backend] [           main] org.hibernate.SQL                        : 
    select
        kbm1_0.id,
        kbm1_0.created_at,
        kbm1_0.deleted_at,
        kbm1_0.kb_id,
        kbm1_0.role,
        kbm1_0.updated_at,
        kbm1_0.user_id 
    from
        knowledge_base_members kbm1_0 
    where
        kbm1_0.id=?
2026-05-10T19:58:49.118+08:00 DEBUG 39928 --- [wiki-backend] [           main] org.hibernate.SQL                        : 
    select
        kbm1_0.id,
        kbm1_0.created_at,
        kbm1_0.deleted_at,
        kbm1_0.kb_id,
        kbm1_0.role,
        kbm1_0.updated_at,
        kbm1_0.user_id 
    from
        knowledge_base_members kbm1_0 
    where
        kbm1_0.kb_id=? 
        and kbm1_0.user_id=?
2026-05-10T19:58:49.119+08:00 DEBUG 39928 --- [wiki-backend] [           main] org.hibernate.SQL                        : 
    select
        kbm1_0.id,
        kbm1_0.created_at,
        kbm1_0.deleted_at,
        kbm1_0.kb_id,
        kbm1_0.role,
        kbm1_0.updated_at,
        kbm1_0.user_id 
    from
        knowledge_base_members kbm1_0 
    where
        kbm1_0.id=?
2026-05-10T19:58:49.121+08:00 DEBUG 39928 --- [wiki-backend] [           main] org.hibernate.SQL                        : 
    select
        kbm1_0.id,
        kbm1_0.created_at,
        kbm1_0.deleted_at,
        kbm1_0.kb_id,
        kbm1_0.role,
        kbm1_0.updated_at,
        kbm1_0.user_id 
    from
        knowledge_base_members kbm1_0 
    where
        kbm1_0.kb_id=? 
        and kbm1_0.user_id=?
2026-05-10T19:58:49.122+08:00 DEBUG 39928 --- [wiki-backend] [           main] org.hibernate.SQL                        : 
    select
        kbm1_0.id,
        kbm1_0.created_at,
        kbm1_0.deleted_at,
        kbm1_0.kb_id,
        kbm1_0.role,
        kbm1_0.updated_at,
        kbm1_0.user_id 
    from
        knowledge_base_members kbm1_0 
    where
        kbm1_0.id=?
2026-05-10T19:58:49.123+08:00 DEBUG 39928 --- [wiki-backend] [           main] org.hibernate.SQL                        : 
    select
        kbm1_0.id,
        kbm1_0.created_at,
        kbm1_0.deleted_at,
        kbm1_0.kb_id,
        kbm1_0.role,
        kbm1_0.updated_at,
        kbm1_0.user_id 
    from
        knowledge_base_members kbm1_0 
    where
        kbm1_0.kb_id=? 
        and kbm1_0.user_id=?
2026-05-10T19:58:49.123+08:00 DEBUG 39928 --- [wiki-backend] [           main] org.hibernate.SQL                        : 
    select
        kbm1_0.id,
        kbm1_0.created_at,
        kbm1_0.deleted_at,
        kbm1_0.kb_id,
        kbm1_0.role,
        kbm1_0.updated_at,
        kbm1_0.user_id 
    from
        knowledge_base_members kbm1_0 
    where
        kbm1_0.id=?
2026-05-10T19:58:49.124+08:00 DEBUG 39928 --- [wiki-backend] [           main] org.hibernate.SQL                        : 
    select
        kbm1_0.id,
        kbm1_0.created_at,
        kbm1_0.deleted_at,
        kbm1_0.kb_id,
        kbm1_0.role,
        kbm1_0.updated_at,
        kbm1_0.user_id 
    from
        knowledge_base_members kbm1_0 
    where
        kbm1_0.kb_id=? 
        and kbm1_0.user_id=?
2026-05-10T19:58:49.126+08:00 DEBUG 39928 --- [wiki-backend] [           main] org.hibernate.SQL                        : 
    select
        kbm1_0.id,
        kbm1_0.created_at,
        kbm1_0.deleted_at,
        kbm1_0.kb_id,
        kbm1_0.role,
        kbm1_0.updated_at,
        kbm1_0.user_id 
    from
        knowledge_base_members kbm1_0 
    where
        kbm1_0.id=?
2026-05-10T19:58:49.127+08:00 DEBUG 39928 --- [wiki-backend] [           main] org.hibernate.SQL                        : 
    select
        kbm1_0.id,
        kbm1_0.created_at,
        kbm1_0.deleted_at,
        kbm1_0.kb_id,
        kbm1_0.role,
        kbm1_0.updated_at,
        kbm1_0.user_id 
    from
        knowledge_base_members kbm1_0 
    where
        kbm1_0.kb_id=? 
        and kbm1_0.user_id=?
2026-05-10T19:58:49.127+08:00 DEBUG 39928 --- [wiki-backend] [           main] org.hibernate.SQL                        : 
    select
        kbm1_0.id,
        kbm1_0.created_at,
        kbm1_0.deleted_at,
        kbm1_0.kb_id,
        kbm1_0.role,
        kbm1_0.updated_at,
        kbm1_0.user_id 
    from
        knowledge_base_members kbm1_0 
    where
        kbm1_0.id=?
2026-05-10T19:58:49.128+08:00 DEBUG 39928 --- [wiki-backend] [           main] org.hibernate.SQL                        : 
    select
        kbm1_0.id,
        kbm1_0.created_at,
        kbm1_0.deleted_at,
        kbm1_0.kb_id,
        kbm1_0.role,
        kbm1_0.updated_at,
        kbm1_0.user_id 
    from
        knowledge_base_members kbm1_0 
    where
        kbm1_0.kb_id=? 
        and kbm1_0.user_id=?
2026-05-10T19:58:49.129+08:00 DEBUG 39928 --- [wiki-backend] [           main] org.hibernate.SQL                        : 
    select
        kbm1_0.id,
        kbm1_0.created_at,
        kbm1_0.deleted_at,
        kbm1_0.kb_id,
        kbm1_0.role,
        kbm1_0.updated_at,
        kbm1_0.user_id 
    from
        knowledge_base_members kbm1_0 
    where
        kbm1_0.id=?
2026-05-10T19:58:49.130+08:00 DEBUG 39928 --- [wiki-backend] [           main] org.hibernate.SQL                        : 
    select
        kbm1_0.id,
        kbm1_0.created_at,
        kbm1_0.deleted_at,
        kbm1_0.kb_id,
        kbm1_0.role,
        kbm1_0.updated_at,
        kbm1_0.user_id 
    from
        knowledge_base_members kbm1_0 
    where
        kbm1_0.kb_id=? 
        and kbm1_0.user_id=?
2026-05-10T19:58:49.132+08:00 DEBUG 39928 --- [wiki-backend] [           main] org.hibernate.SQL                        : 
    select
        kbm1_0.id,
        kbm1_0.created_at,
        kbm1_0.deleted_at,
        kbm1_0.kb_id,
        kbm1_0.role,
        kbm1_0.updated_at,
        kbm1_0.user_id 
    from
        knowledge_base_members kbm1_0 
    where
        kbm1_0.id=?
2026-05-10T19:58:49.132+08:00 DEBUG 39928 --- [wiki-backend] [           main] org.hibernate.SQL                        : 
    update
        knowledge_base_members 
    set
        deleted_at=?,
        kb_id=?,
        role=?,
        updated_at=?,
        user_id=? 
    where
        id=?
2026-05-10T19:58:49.138+08:00 DEBUG 39928 --- [wiki-backend] [           main] org.hibernate.SQL                        : 
    select
        kbm1_0.id,
        kbm1_0.created_at,
        kbm1_0.deleted_at,
        kbm1_0.kb_id,
        kbm1_0.role,
        kbm1_0.updated_at,
        kbm1_0.user_id 
    from
        knowledge_base_members kbm1_0 
    where
        kbm1_0.kb_id=? 
        and kbm1_0.user_id=?
2026-05-10T19:58:49.139+08:00 DEBUG 39928 --- [wiki-backend] [           main] org.hibernate.SQL                        : 
    select
        kbm1_0.id,
        kbm1_0.created_at,
        kbm1_0.deleted_at,
        kbm1_0.kb_id,
        kbm1_0.role,
        kbm1_0.updated_at,
        kbm1_0.user_id 
    from
        knowledge_base_members kbm1_0 
    where
        kbm1_0.id=?
2026-05-10T19:58:49.141+08:00 DEBUG 39928 --- [wiki-backend] [           main] org.hibernate.SQL                        : 
    update
        knowledge_base_members 
    set
        deleted_at=?,
        kb_id=?,
        role=?,
        updated_at=?,
        user_id=? 
    where
        id=?
2026-05-10T19:58:49.148+08:00 DEBUG 39928 --- [wiki-backend] [           main] org.hibernate.SQL                        : 
    select
        kbm1_0.id,
        kbm1_0.created_at,
        kbm1_0.deleted_at,
        kbm1_0.kb_id,
        kbm1_0.role,
        kbm1_0.updated_at,
        kbm1_0.user_id 
    from
        knowledge_base_members kbm1_0 
    where
        kbm1_0.kb_id=? 
        and kbm1_0.user_id=?
2026-05-10T19:58:49.148+08:00 DEBUG 39928 --- [wiki-backend] [           main] org.hibernate.SQL                        : 
    select
        kbm1_0.id,
        kbm1_0.created_at,
        kbm1_0.deleted_at,
        kbm1_0.kb_id,
        kbm1_0.role,
        kbm1_0.updated_at,
        kbm1_0.user_id 
    from
        knowledge_base_members kbm1_0 
    where
        kbm1_0.id=?
2026-05-10T19:58:49.149+08:00 DEBUG 39928 --- [wiki-backend] [           main] org.hibernate.SQL                        : 
    select
        kbm1_0.id,
        kbm1_0.created_at,
        kbm1_0.deleted_at,
        kbm1_0.kb_id,
        kbm1_0.role,
        kbm1_0.updated_at,
        kbm1_0.user_id 
    from
        knowledge_base_members kbm1_0 
    where
        kbm1_0.kb_id=? 
        and kbm1_0.user_id=?
2026-05-10T19:58:49.151+08:00 DEBUG 39928 --- [wiki-backend] [           main] org.hibernate.SQL                        : 
    select
        kbm1_0.id,
        kbm1_0.created_at,
        kbm1_0.deleted_at,
        kbm1_0.kb_id,
        kbm1_0.role,
        kbm1_0.updated_at,
        kbm1_0.user_id 
    from
        knowledge_base_members kbm1_0 
    where
        kbm1_0.id=?
2026-05-10T19:58:49.152+08:00 DEBUG 39928 --- [wiki-backend] [           main] org.hibernate.SQL                        : 
    select
        kbm1_0.id,
        kbm1_0.created_at,
        kbm1_0.deleted_at,
        kbm1_0.kb_id,
        kbm1_0.role,
        kbm1_0.updated_at,
        kbm1_0.user_id 
    from
        knowledge_base_members kbm1_0 
    where
        kbm1_0.kb_id=? 
        and kbm1_0.user_id=?
2026-05-10T19:58:49.153+08:00 DEBUG 39928 --- [wiki-backend] [           main] org.hibernate.SQL                        : 
    select
        kbm1_0.id,
        kbm1_0.created_at,
        kbm1_0.deleted_at,
        kbm1_0.kb_id,
        kbm1_0.role,
        kbm1_0.updated_at,
        kbm1_0.user_id 
    from
        knowledge_base_members kbm1_0 
    where
        kbm1_0.id=?
2026-05-10T19:58:49.155+08:00 DEBUG 39928 --- [wiki-backend] [           main] org.hibernate.SQL                        : 
    select
        kbm1_0.id,
        kbm1_0.created_at,
        kbm1_0.deleted_at,
        kbm1_0.kb_id,
        kbm1_0.role,
        kbm1_0.updated_at,
        kbm1_0.user_id 
    from
        knowledge_base_members kbm1_0 
    where
        kbm1_0.kb_id=? 
        and kbm1_0.user_id=?
2026-05-10T19:58:49.156+08:00 DEBUG 39928 --- [wiki-backend] [           main] org.hibernate.SQL                        : 
    select
        kbm1_0.id,
        kbm1_0.created_at,
        kbm1_0.deleted_at,
        kbm1_0.kb_id,
        kbm1_0.role,
        kbm1_0.updated_at,
        kbm1_0.user_id 
    from
        knowledge_base_members kbm1_0 
    where
        kbm1_0.id=?
2026-05-10T19:58:49.158+08:00 DEBUG 39928 --- [wiki-backend] [           main] org.hibernate.SQL                        : 
    select
        kbm1_0.id,
        kbm1_0.created_at,
        kbm1_0.deleted_at,
        kbm1_0.kb_id,
        kbm1_0.role,
        kbm1_0.updated_at,
        kbm1_0.user_id 
    from
        knowledge_base_members kbm1_0 
    where
        kbm1_0.kb_id=? 
        and kbm1_0.user_id=?
2026-05-10T19:58:49.159+08:00 DEBUG 39928 --- [wiki-backend] [           main] org.hibernate.SQL                        : 
    select
        kbm1_0.id,
        kbm1_0.created_at,
        kbm1_0.deleted_at,
        kbm1_0.kb_id,
        kbm1_0.role,
        kbm1_0.updated_at,
        kbm1_0.user_id 
    from
        knowledge_base_members kbm1_0 
    where
        kbm1_0.id=?
2026-05-10T19:58:49.160+08:00 DEBUG 39928 --- [wiki-backend] [           main] org.hibernate.SQL                        : 
    update
        knowledge_base_members 
    set
        deleted_at=?,
        kb_id=?,
        role=?,
        updated_at=?,
        user_id=? 
    where
        id=?
2026-05-10T19:58:49.164+08:00 DEBUG 39928 --- [wiki-backend] [           main] org.hibernate.SQL                        : 
    select
        kbm1_0.id,
        kbm1_0.created_at,
        kbm1_0.deleted_at,
        kbm1_0.kb_id,
        kbm1_0.role,
        kbm1_0.updated_at,
        kbm1_0.user_id 
    from
        knowledge_base_members kbm1_0 
    where
        kbm1_0.kb_id=? 
        and kbm1_0.user_id=?
2026-05-10T19:58:49.165+08:00 DEBUG 39928 --- [wiki-backend] [           main] org.hibernate.SQL                        : 
    select
        kbm1_0.id,
        kbm1_0.created_at,
        kbm1_0.deleted_at,
        kbm1_0.kb_id,
        kbm1_0.role,
        kbm1_0.updated_at,
        kbm1_0.user_id 
    from
        knowledge_base_members kbm1_0 
    where
        kbm1_0.id=?
2026-05-10T19:58:49.167+08:00 DEBUG 39928 --- [wiki-backend] [           main] org.hibernate.SQL                        : 
    select
        kbm1_0.id,
        kbm1_0.created_at,
        kbm1_0.deleted_at,
        kbm1_0.kb_id,
        kbm1_0.role,
        kbm1_0.updated_at,
        kbm1_0.user_id 
    from
        knowledge_base_members kbm1_0 
    where
        kbm1_0.kb_id=? 
        and kbm1_0.user_id=?
2026-05-10T19:58:49.169+08:00 DEBUG 39928 --- [wiki-backend] [           main] org.hibernate.SQL                        : 
    select
        kbm1_0.id,
        kbm1_0.created_at,
        kbm1_0.deleted_at,
        kbm1_0.kb_id,
        kbm1_0.role,
        kbm1_0.updated_at,
        kbm1_0.user_id 
    from
        knowledge_base_members kbm1_0 
    where
        kbm1_0.id=?
2026-05-10T19:58:49.170+08:00 DEBUG 39928 --- [wiki-backend] [           main] org.hibernate.SQL                        : 
    select
        kbm1_0.id,
        kbm1_0.created_at,
        kbm1_0.deleted_at,
        kbm1_0.kb_id,
        kbm1_0.role,
        kbm1_0.updated_at,
        kbm1_0.user_id 
    from
        knowledge_base_members kbm1_0 
    where
        kbm1_0.kb_id=? 
        and kbm1_0.user_id=?
2026-05-10T19:58:49.173+08:00 DEBUG 39928 --- [wiki-backend] [           main] org.hibernate.SQL                        : 
    select
        kbm1_0.id,
        kbm1_0.created_at,
        kbm1_0.deleted_at,
        kbm1_0.kb_id,
        kbm1_0.role,
        kbm1_0.updated_at,
        kbm1_0.user_id 
    from
        knowledge_base_members kbm1_0 
    where
        kbm1_0.id=?
2026-05-10T19:58:49.174+08:00 DEBUG 39928 --- [wiki-backend] [           main] org.hibernate.SQL                        : 
    update
        knowledge_base_members 
    set
        deleted_at=?,
        kb_id=?,
        role=?,
        updated_at=?,
        user_id=? 
    where
        id=?
2026-05-10T19:58:49.179+08:00 DEBUG 39928 --- [wiki-backend] [           main] org.hibernate.SQL                        : 
    select
        kbm1_0.id,
        kbm1_0.created_at,
        kbm1_0.deleted_at,
        kbm1_0.kb_id,
        kbm1_0.role,
        kbm1_0.updated_at,
        kbm1_0.user_id 
    from
        knowledge_base_members kbm1_0 
    where
        kbm1_0.kb_id=? 
        and kbm1_0.user_id=?
2026-05-10T19:58:49.180+08:00 DEBUG 39928 --- [wiki-backend] [           main] org.hibernate.SQL                        : 
    select
        kbm1_0.id,
        kbm1_0.created_at,
        kbm1_0.deleted_at,
        kbm1_0.kb_id,
        kbm1_0.role,
        kbm1_0.updated_at,
        kbm1_0.user_id 
    from
        knowledge_base_members kbm1_0 
    where
        kbm1_0.id=?
2026-05-10T19:58:49.181+08:00 DEBUG 39928 --- [wiki-backend] [           main] org.hibernate.SQL                        : 
    update
        knowledge_base_members 
    set
        deleted_at=?,
        kb_id=?,
        role=?,
        updated_at=?,
        user_id=? 
    where
        id=?
2026-05-10T19:58:49.186+08:00 DEBUG 39928 --- [wiki-backend] [           main] org.hibernate.SQL                        : 
    select
        kbm1_0.id,
        kbm1_0.created_at,
        kbm1_0.deleted_at,
        kbm1_0.kb_id,
        kbm1_0.role,
        kbm1_0.updated_at,
        kbm1_0.user_id 
    from
        knowledge_base_members kbm1_0 
    where
        kbm1_0.kb_id=? 
        and kbm1_0.user_id=?
2026-05-10T19:58:49.187+08:00 DEBUG 39928 --- [wiki-backend] [           main] org.hibernate.SQL                        : 
    select
        kbm1_0.id,
        kbm1_0.created_at,
        kbm1_0.deleted_at,
        kbm1_0.kb_id,
        kbm1_0.role,
        kbm1_0.updated_at,
        kbm1_0.user_id 
    from
        knowledge_base_members kbm1_0 
    where
        kbm1_0.id=?
2026-05-10T19:58:49.189+08:00 DEBUG 39928 --- [wiki-backend] [           main] org.hibernate.SQL                        : 
    select
        kbm1_0.id,
        kbm1_0.created_at,
        kbm1_0.deleted_at,
        kbm1_0.kb_id,
        kbm1_0.role,
        kbm1_0.updated_at,
        kbm1_0.user_id 
    from
        knowledge_base_members kbm1_0 
    where
        kbm1_0.kb_id=? 
        and kbm1_0.user_id=?
2026-05-10T19:58:49.190+08:00 DEBUG 39928 --- [wiki-backend] [           main] org.hibernate.SQL                        : 
    select
        kbm1_0.id,
        kbm1_0.created_at,
        kbm1_0.deleted_at,
        kbm1_0.kb_id,
        kbm1_0.role,
        kbm1_0.updated_at,
        kbm1_0.user_id 
    from
        knowledge_base_members kbm1_0 
    where
        kbm1_0.id=?
2026-05-10T19:58:49.191+08:00 DEBUG 39928 --- [wiki-backend] [           main] org.hibernate.SQL                        : 
    select
        kbm1_0.id,
        kbm1_0.created_at,
        kbm1_0.deleted_at,
        kbm1_0.kb_id,
        kbm1_0.role,
        kbm1_0.updated_at,
        kbm1_0.user_id 
    from
        knowledge_base_members kbm1_0 
    where
        kbm1_0.kb_id=? 
        and kbm1_0.user_id=?
2026-05-10T19:58:49.192+08:00 DEBUG 39928 --- [wiki-backend] [           main] org.hibernate.SQL                        : 
    select
        kbm1_0.id,
        kbm1_0.created_at,
        kbm1_0.deleted_at,
        kbm1_0.kb_id,
        kbm1_0.role,
        kbm1_0.updated_at,
        kbm1_0.user_id 
    from
        knowledge_base_members kbm1_0 
    where
        kbm1_0.id=?
2026-05-10T19:58:49.193+08:00 DEBUG 39928 --- [wiki-backend] [           main] org.hibernate.SQL                        : 
    update
        knowledge_base_members 
    set
        deleted_at=?,
        kb_id=?,
        role=?,
        updated_at=?,
        user_id=? 
    where
        id=?
2026-05-10T19:58:49.199+08:00 DEBUG 39928 --- [wiki-backend] [           main] org.hibernate.SQL                        : 
    select
        kbm1_0.id,
        kbm1_0.created_at,
        kbm1_0.deleted_at,
        kbm1_0.kb_id,
        kbm1_0.role,
        kbm1_0.updated_at,
        kbm1_0.user_id 
    from
        knowledge_base_members kbm1_0 
    where
        kbm1_0.kb_id=? 
        and kbm1_0.user_id=?
2026-05-10T19:58:49.200+08:00 DEBUG 39928 --- [wiki-backend] [           main] org.hibernate.SQL                        : 
    select
        kbm1_0.id,
        kbm1_0.created_at,
        kbm1_0.deleted_at,
        kbm1_0.kb_id,
        kbm1_0.role,
        kbm1_0.updated_at,
        kbm1_0.user_id 
    from
        knowledge_base_members kbm1_0 
    where
        kbm1_0.id=?
2026-05-10T19:58:49.201+08:00 DEBUG 39928 --- [wiki-backend] [           main] org.hibernate.SQL                        : 
    update
        knowledge_base_members 
    set
        deleted_at=?,
        kb_id=?,
        role=?,
        updated_at=?,
        user_id=? 
    where
        id=?
2026-05-10T19:58:49.207+08:00 DEBUG 39928 --- [wiki-backend] [           main] org.hibernate.SQL                        : 
    select
        kbm1_0.id,
        kbm1_0.created_at,
        kbm1_0.deleted_at,
        kbm1_0.kb_id,
        kbm1_0.role,
        kbm1_0.updated_at,
        kbm1_0.user_id 
    from
        knowledge_base_members kbm1_0 
    where
        kbm1_0.kb_id=? 
        and kbm1_0.user_id=?
2026-05-10T19:58:49.208+08:00 DEBUG 39928 --- [wiki-backend] [           main] org.hibernate.SQL                        : 
    select
        kbm1_0.id,
        kbm1_0.created_at,
        kbm1_0.deleted_at,
        kbm1_0.kb_id,
        kbm1_0.role,
        kbm1_0.updated_at,
        kbm1_0.user_id 
    from
        knowledge_base_members kbm1_0 
    where
        kbm1_0.id=?
2026-05-10T19:58:49.209+08:00 DEBUG 39928 --- [wiki-backend] [           main] org.hibernate.SQL                        : 
    select
        kbm1_0.id,
        kbm1_0.created_at,
        kbm1_0.deleted_at,
        kbm1_0.kb_id,
        kbm1_0.role,
        kbm1_0.updated_at,
        kbm1_0.user_id 
    from
        knowledge_base_members kbm1_0 
    where
        kbm1_0.kb_id=? 
        and kbm1_0.user_id=?
2026-05-10T19:58:49.210+08:00 DEBUG 39928 --- [wiki-backend] [           main] org.hibernate.SQL                        : 
    select
        kbm1_0.id,
        kbm1_0.created_at,
        kbm1_0.deleted_at,
        kbm1_0.kb_id,
        kbm1_0.role,
        kbm1_0.updated_at,
        kbm1_0.user_id 
    from
        knowledge_base_members kbm1_0 
    where
        kbm1_0.id=?
2026-05-10T19:58:49.212+08:00 DEBUG 39928 --- [wiki-backend] [           main] org.hibernate.SQL                        : 
    select
        kbm1_0.id,
        kbm1_0.created_at,
        kbm1_0.deleted_at,
        kbm1_0.kb_id,
        kbm1_0.role,
        kbm1_0.updated_at,
        kbm1_0.user_id 
    from
        knowledge_base_members kbm1_0 
    where
        kbm1_0.kb_id=? 
        and kbm1_0.user_id=?
2026-05-10T19:58:49.213+08:00 DEBUG 39928 --- [wiki-backend] [           main] org.hibernate.SQL                        : 
    select
        kbm1_0.id,
        kbm1_0.created_at,
        kbm1_0.deleted_at,
        kbm1_0.kb_id,
        kbm1_0.role,
        kbm1_0.updated_at,
        kbm1_0.user_id 
    from
        knowledge_base_members kbm1_0 
    where
        kbm1_0.id=?
2026-05-10T19:58:49.215+08:00 DEBUG 39928 --- [wiki-backend] [           main] org.hibernate.SQL                        : 
    select
        kbm1_0.id,
        kbm1_0.created_at,
        kbm1_0.deleted_at,
        kbm1_0.kb_id,
        kbm1_0.role,
        kbm1_0.updated_at,
        kbm1_0.user_id 
    from
        knowledge_base_members kbm1_0 
    where
        kbm1_0.kb_id=? 
        and kbm1_0.user_id=?
2026-05-10T19:58:49.217+08:00 DEBUG 39928 --- [wiki-backend] [           main] org.hibernate.SQL                        : 
    select
        kbm1_0.id,
        kbm1_0.created_at,
        kbm1_0.deleted_at,
        kbm1_0.kb_id,
        kbm1_0.role,
        kbm1_0.updated_at,
        kbm1_0.user_id 
    from
        knowledge_base_members kbm1_0 
    where
        kbm1_0.id=?
2026-05-10T19:58:49.219+08:00 DEBUG 39928 --- [wiki-backend] [           main] org.hibernate.SQL                        : 
    update
        knowledge_base_members 
    set
        deleted_at=?,
        kb_id=?,
        role=?,
        updated_at=?,
        user_id=? 
    where
        id=?
2026-05-10T19:58:49.224+08:00 DEBUG 39928 --- [wiki-backend] [           main] org.hibernate.SQL                        : 
    select
        kbm1_0.id,
        kbm1_0.created_at,
        kbm1_0.deleted_at,
        kbm1_0.kb_id,
        kbm1_0.role,
        kbm1_0.updated_at,
        kbm1_0.user_id 
    from
        knowledge_base_members kbm1_0 
    where
        kbm1_0.kb_id=? 
        and kbm1_0.user_id=?
2026-05-10T19:58:49.225+08:00 DEBUG 39928 --- [wiki-backend] [           main] org.hibernate.SQL                        : 
    select
        kbm1_0.id,
        kbm1_0.created_at,
        kbm1_0.deleted_at,
        kbm1_0.kb_id,
        kbm1_0.role,
        kbm1_0.updated_at,
        kbm1_0.user_id 
    from
        knowledge_base_members kbm1_0 
    where
        kbm1_0.id=?
2026-05-10T19:58:49.227+08:00 DEBUG 39928 --- [wiki-backend] [           main] org.hibernate.SQL                        : 
    select
        kbm1_0.id,
        kbm1_0.created_at,
        kbm1_0.deleted_at,
        kbm1_0.kb_id,
        kbm1_0.role,
        kbm1_0.updated_at,
        kbm1_0.user_id 
    from
        knowledge_base_members kbm1_0 
    where
        kbm1_0.kb_id=? 
        and kbm1_0.user_id=?
2026-05-10T19:58:49.228+08:00 DEBUG 39928 --- [wiki-backend] [           main] org.hibernate.SQL                        : 
    select
        kbm1_0.id,
        kbm1_0.created_at,
        kbm1_0.deleted_at,
        kbm1_0.kb_id,
        kbm1_0.role,
        kbm1_0.updated_at,
        kbm1_0.user_id 
    from
        knowledge_base_members kbm1_0 
    where
        kbm1_0.id=?
2026-05-10T19:58:49.229+08:00 DEBUG 39928 --- [wiki-backend] [           main] org.hibernate.SQL                        : 
    select
        kbm1_0.id,
        kbm1_0.created_at,
        kbm1_0.deleted_at,
        kbm1_0.kb_id,
        kbm1_0.role,
        kbm1_0.updated_at,
        kbm1_0.user_id 
    from
        knowledge_base_members kbm1_0 
    where
        kbm1_0.kb_id=? 
        and kbm1_0.user_id=?
2026-05-10T19:58:49.230+08:00 DEBUG 39928 --- [wiki-backend] [           main] org.hibernate.SQL                        : 
    select
        kbm1_0.id,
        kbm1_0.created_at,
        kbm1_0.deleted_at,
        kbm1_0.kb_id,
        kbm1_0.role,
        kbm1_0.updated_at,
        kbm1_0.user_id 
    from
        knowledge_base_members kbm1_0 
    where
        kbm1_0.id=?
2026-05-10T19:58:49.230+08:00 DEBUG 39928 --- [wiki-backend] [           main] org.hibernate.SQL                        : 
    update
        knowledge_base_members 
    set
        deleted_at=?,
        kb_id=?,
        role=?,
        updated_at=?,
        user_id=? 
    where
        id=?
2026-05-10T19:58:49.236+08:00 DEBUG 39928 --- [wiki-backend] [           main] org.hibernate.SQL                        : 
    select
        kbm1_0.id,
        kbm1_0.created_at,
        kbm1_0.deleted_at,
        kbm1_0.kb_id,
        kbm1_0.role,
        kbm1_0.updated_at,
        kbm1_0.user_id 
    from
        knowledge_base_members kbm1_0 
    where
        kbm1_0.kb_id=? 
        and kbm1_0.user_id=?
2026-05-10T19:58:49.237+08:00 DEBUG 39928 --- [wiki-backend] [           main] org.hibernate.SQL                        : 
    select
        kbm1_0.id,
        kbm1_0.created_at,
        kbm1_0.deleted_at,
        kbm1_0.kb_id,
        kbm1_0.role,
        kbm1_0.updated_at,
        kbm1_0.user_id 
    from
        knowledge_base_members kbm1_0 
    where
        kbm1_0.id=?
2026-05-10T19:58:49.239+08:00 DEBUG 39928 --- [wiki-backend] [           main] org.hibernate.SQL                        : 
    select
        kbm1_0.id,
        kbm1_0.created_at,
        kbm1_0.deleted_at,
        kbm1_0.kb_id,
        kbm1_0.role,
        kbm1_0.updated_at,
        kbm1_0.user_id 
    from
        knowledge_base_members kbm1_0 
    where
        kbm1_0.kb_id=? 
        and kbm1_0.user_id=?
2026-05-10T19:58:49.240+08:00 DEBUG 39928 --- [wiki-backend] [           main] org.hibernate.SQL                        : 
    select
        kbm1_0.id,
        kbm1_0.created_at,
        kbm1_0.deleted_at,
        kbm1_0.kb_id,
        kbm1_0.role,
        kbm1_0.updated_at,
        kbm1_0.user_id 
    from
        knowledge_base_members kbm1_0 
    where
        kbm1_0.id=?
2026-05-10T19:58:49.242+08:00 DEBUG 39928 --- [wiki-backend] [           main] org.hibernate.SQL                        : 
    select
        kbm1_0.id,
        kbm1_0.created_at,
        kbm1_0.deleted_at,
        kbm1_0.kb_id,
        kbm1_0.role,
        kbm1_0.updated_at,
        kbm1_0.user_id 
    from
        knowledge_base_members kbm1_0 
    where
        kbm1_0.kb_id=? 
        and kbm1_0.user_id=?
2026-05-10T19:58:49.244+08:00 DEBUG 39928 --- [wiki-backend] [           main] org.hibernate.SQL                        : 
    select
        kbm1_0.id,
        kbm1_0.created_at,
        kbm1_0.deleted_at,
        kbm1_0.kb_id,
        kbm1_0.role,
        kbm1_0.updated_at,
        kbm1_0.user_id 
    from
        knowledge_base_members kbm1_0 
    where
        kbm1_0.id=?
2026-05-10T19:58:49.248+08:00 DEBUG 39928 --- [wiki-backend] [           main] org.hibernate.SQL                        : 
    select
        wd1_0.id,
        wd1_0.created_at,
        wd1_0.deleted_at,
        wd1_0.html_content,
        wd1_0.kb_id,
        wd1_0.markdown_content,
        wd1_0.owner_id,
        wd1_0.parent_id,
        wd1_0.published,
        wd1_0.title,
        wd1_0.updated_at,
        wd1_0.version_no,
        wd1_0.view_count,
        wd1_0.visibility 
    from
        documents wd1_0 
    where
        wd1_0.kb_id=? 
        and wd1_0.title like ? escape '\\' 
        and wd1_0.deleted_at is null
2026-05-10T19:58:49.303+08:00 DEBUG 39928 --- [wiki-backend] [           main] org.hibernate.SQL                        : 
    select
        wd1_0.id,
        wd1_0.created_at,
        wd1_0.deleted_at,
        wd1_0.html_content,
        wd1_0.kb_id,
        wd1_0.markdown_content,
        wd1_0.owner_id,
        wd1_0.parent_id,
        wd1_0.published,
        wd1_0.title,
        wd1_0.updated_at,
        wd1_0.version_no,
        wd1_0.view_count,
        wd1_0.visibility 
    from
        documents wd1_0 
    where
        wd1_0.id=?
2026-05-10T19:58:49.307+08:00 DEBUG 39928 --- [wiki-backend] [           main] org.hibernate.SQL                        : 
    select
        wd1_0.id,
        wd1_0.created_at,
        wd1_0.deleted_at,
        wd1_0.html_content,
        wd1_0.kb_id,
        wd1_0.markdown_content,
        wd1_0.owner_id,
        wd1_0.parent_id,
        wd1_0.published,
        wd1_0.title,
        wd1_0.updated_at,
        wd1_0.version_no,
        wd1_0.view_count,
        wd1_0.visibility 
    from
        documents wd1_0 
    where
        wd1_0.kb_id=? 
        and wd1_0.title like ? escape '\\' 
        and wd1_0.deleted_at is null
2026-05-10T19:58:49.311+08:00 DEBUG 39928 --- [wiki-backend] [           main] org.hibernate.SQL                        : 
    select
        wd1_0.id,
        wd1_0.created_at,
        wd1_0.deleted_at,
        wd1_0.html_content,
        wd1_0.kb_id,
        wd1_0.markdown_content,
        wd1_0.owner_id,
        wd1_0.parent_id,
        wd1_0.published,
        wd1_0.title,
        wd1_0.updated_at,
        wd1_0.version_no,
        wd1_0.view_count,
        wd1_0.visibility 
    from
        documents wd1_0 
    where
        wd1_0.id=?
2026-05-10T19:58:49.314+08:00 DEBUG 39928 --- [wiki-backend] [           main] org.hibernate.SQL                        : 
    select
        wd1_0.id,
        wd1_0.created_at,
        wd1_0.deleted_at,
        wd1_0.html_content,
        wd1_0.kb_id,
        wd1_0.markdown_content,
        wd1_0.owner_id,
        wd1_0.parent_id,
        wd1_0.published,
        wd1_0.title,
        wd1_0.updated_at,
        wd1_0.version_no,
        wd1_0.view_count,
        wd1_0.visibility 
    from
        documents wd1_0 
    where
        wd1_0.kb_id=? 
        and wd1_0.title like ? escape '\\' 
        and wd1_0.deleted_at is null
2026-05-10T19:58:49.316+08:00 DEBUG 39928 --- [wiki-backend] [           main] org.hibernate.SQL                        : 
    select
        wd1_0.id,
        wd1_0.created_at,
        wd1_0.deleted_at,
        wd1_0.html_content,
        wd1_0.kb_id,
        wd1_0.markdown_content,
        wd1_0.owner_id,
        wd1_0.parent_id,
        wd1_0.published,
        wd1_0.title,
        wd1_0.updated_at,
        wd1_0.version_no,
        wd1_0.view_count,
        wd1_0.visibility 
    from
        documents wd1_0 
    where
        wd1_0.id=?
2026-05-10T19:58:49.319+08:00 DEBUG 39928 --- [wiki-backend] [           main] org.hibernate.SQL                        : 
    select
        wd1_0.id,
        wd1_0.created_at,
        wd1_0.deleted_at,
        wd1_0.html_content,
        wd1_0.kb_id,
        wd1_0.markdown_content,
        wd1_0.owner_id,
        wd1_0.parent_id,
        wd1_0.published,
        wd1_0.title,
        wd1_0.updated_at,
        wd1_0.version_no,
        wd1_0.view_count,
        wd1_0.visibility 
    from
        documents wd1_0 
    where
        wd1_0.kb_id=? 
        and wd1_0.title like ? escape '\\' 
        and wd1_0.deleted_at is null
2026-05-10T19:58:49.322+08:00 DEBUG 39928 --- [wiki-backend] [           main] org.hibernate.SQL                        : 
    select
        wd1_0.id,
        wd1_0.created_at,
        wd1_0.deleted_at,
        wd1_0.html_content,
        wd1_0.kb_id,
        wd1_0.markdown_content,
        wd1_0.owner_id,
        wd1_0.parent_id,
        wd1_0.published,
        wd1_0.title,
        wd1_0.updated_at,
        wd1_0.version_no,
        wd1_0.view_count,
        wd1_0.visibility 
    from
        documents wd1_0 
    where
        wd1_0.id=?
2026-05-10T19:58:49.324+08:00 DEBUG 39928 --- [wiki-backend] [           main] org.hibernate.SQL                        : 
    select
        wd1_0.id,
        wd1_0.created_at,
        wd1_0.deleted_at,
        wd1_0.html_content,
        wd1_0.kb_id,
        wd1_0.markdown_content,
        wd1_0.owner_id,
        wd1_0.parent_id,
        wd1_0.published,
        wd1_0.title,
        wd1_0.updated_at,
        wd1_0.version_no,
        wd1_0.view_count,
        wd1_0.visibility 
    from
        documents wd1_0 
    where
        wd1_0.kb_id=? 
        and wd1_0.title like ? escape '\\' 
        and wd1_0.deleted_at is null
2026-05-10T19:58:49.327+08:00 DEBUG 39928 --- [wiki-backend] [           main] org.hibernate.SQL                        : 
    select
        wd1_0.id,
        wd1_0.created_at,
        wd1_0.deleted_at,
        wd1_0.html_content,
        wd1_0.kb_id,
        wd1_0.markdown_content,
        wd1_0.owner_id,
        wd1_0.parent_id,
        wd1_0.published,
        wd1_0.title,
        wd1_0.updated_at,
        wd1_0.version_no,
        wd1_0.view_count,
        wd1_0.visibility 
    from
        documents wd1_0 
    where
        wd1_0.id=?
2026-05-10T19:58:49.329+08:00 DEBUG 39928 --- [wiki-backend] [           main] org.hibernate.SQL                        : 
    select
        wd1_0.id,
        wd1_0.created_at,
        wd1_0.deleted_at,
        wd1_0.html_content,
        wd1_0.kb_id,
        wd1_0.markdown_content,
        wd1_0.owner_id,
        wd1_0.parent_id,
        wd1_0.published,
        wd1_0.title,
        wd1_0.updated_at,
        wd1_0.version_no,
        wd1_0.view_count,
        wd1_0.visibility 
    from
        documents wd1_0 
    where
        wd1_0.kb_id=? 
        and wd1_0.title like ? escape '\\' 
        and wd1_0.deleted_at is null
2026-05-10T19:58:49.332+08:00 DEBUG 39928 --- [wiki-backend] [           main] org.hibernate.SQL                        : 
    select
        wd1_0.id,
        wd1_0.created_at,
        wd1_0.deleted_at,
        wd1_0.html_content,
        wd1_0.kb_id,
        wd1_0.markdown_content,
        wd1_0.owner_id,
        wd1_0.parent_id,
        wd1_0.published,
        wd1_0.title,
        wd1_0.updated_at,
        wd1_0.version_no,
        wd1_0.view_count,
        wd1_0.visibility 
    from
        documents wd1_0 
    where
        wd1_0.id=?
2026-05-10T19:58:49.334+08:00 DEBUG 39928 --- [wiki-backend] [           main] org.hibernate.SQL                        : 
    select
        wd1_0.id,
        wd1_0.created_at,
        wd1_0.deleted_at,
        wd1_0.html_content,
        wd1_0.kb_id,
        wd1_0.markdown_content,
        wd1_0.owner_id,
        wd1_0.parent_id,
        wd1_0.published,
        wd1_0.title,
        wd1_0.updated_at,
        wd1_0.version_no,
        wd1_0.view_count,
        wd1_0.visibility 
    from
        documents wd1_0 
    where
        wd1_0.kb_id=? 
        and wd1_0.title like ? escape '\\' 
        and wd1_0.deleted_at is null
2026-05-10T19:58:49.337+08:00 DEBUG 39928 --- [wiki-backend] [           main] org.hibernate.SQL                        : 
    select
        wd1_0.id,
        wd1_0.created_at,
        wd1_0.deleted_at,
        wd1_0.html_content,
        wd1_0.kb_id,
        wd1_0.markdown_content,
        wd1_0.owner_id,
        wd1_0.parent_id,
        wd1_0.published,
        wd1_0.title,
        wd1_0.updated_at,
        wd1_0.version_no,
        wd1_0.view_count,
        wd1_0.visibility 
    from
        documents wd1_0 
    where
        wd1_0.id=?
2026-05-10T19:58:49.339+08:00 DEBUG 39928 --- [wiki-backend] [           main] org.hibernate.SQL                        : 
    select
        wd1_0.id,
        wd1_0.created_at,
        wd1_0.deleted_at,
        wd1_0.html_content,
        wd1_0.kb_id,
        wd1_0.markdown_content,
        wd1_0.owner_id,
        wd1_0.parent_id,
        wd1_0.published,
        wd1_0.title,
        wd1_0.updated_at,
        wd1_0.version_no,
        wd1_0.view_count,
        wd1_0.visibility 
    from
        documents wd1_0 
    where
        wd1_0.kb_id=? 
        and wd1_0.title like ? escape '\\' 
        and wd1_0.deleted_at is null
2026-05-10T19:58:49.342+08:00 DEBUG 39928 --- [wiki-backend] [           main] org.hibernate.SQL                        : 
    select
        wd1_0.id,
        wd1_0.created_at,
        wd1_0.deleted_at,
        wd1_0.html_content,
        wd1_0.kb_id,
        wd1_0.markdown_content,
        wd1_0.owner_id,
        wd1_0.parent_id,
        wd1_0.published,
        wd1_0.title,
        wd1_0.updated_at,
        wd1_0.version_no,
        wd1_0.view_count,
        wd1_0.visibility 
    from
        documents wd1_0 
    where
        wd1_0.id=?
2026-05-10T19:58:49.345+08:00 DEBUG 39928 --- [wiki-backend] [           main] org.hibernate.SQL                        : 
    select
        wd1_0.id,
        wd1_0.created_at,
        wd1_0.deleted_at,
        wd1_0.html_content,
        wd1_0.kb_id,
        wd1_0.markdown_content,
        wd1_0.owner_id,
        wd1_0.parent_id,
        wd1_0.published,
        wd1_0.title,
        wd1_0.updated_at,
        wd1_0.version_no,
        wd1_0.view_count,
        wd1_0.visibility 
    from
        documents wd1_0 
    where
        wd1_0.kb_id=? 
        and wd1_0.title like ? escape '\\' 
        and wd1_0.deleted_at is null
2026-05-10T19:58:49.348+08:00 DEBUG 39928 --- [wiki-backend] [           main] org.hibernate.SQL                        : 
    select
        wd1_0.id,
        wd1_0.created_at,
        wd1_0.deleted_at,
        wd1_0.html_content,
        wd1_0.kb_id,
        wd1_0.markdown_content,
        wd1_0.owner_id,
        wd1_0.parent_id,
        wd1_0.published,
        wd1_0.title,
        wd1_0.updated_at,
        wd1_0.version_no,
        wd1_0.view_count,
        wd1_0.visibility 
    from
        documents wd1_0 
    where
        wd1_0.id=?
2026-05-10T19:58:49.350+08:00 DEBUG 39928 --- [wiki-backend] [           main] org.hibernate.SQL                        : 
    select
        wd1_0.id,
        wd1_0.created_at,
        wd1_0.deleted_at,
        wd1_0.html_content,
        wd1_0.kb_id,
        wd1_0.markdown_content,
        wd1_0.owner_id,
        wd1_0.parent_id,
        wd1_0.published,
        wd1_0.title,
        wd1_0.updated_at,
        wd1_0.version_no,
        wd1_0.view_count,
        wd1_0.visibility 
    from
        documents wd1_0 
    where
        wd1_0.kb_id=? 
        and wd1_0.title like ? escape '\\' 
        and wd1_0.deleted_at is null
2026-05-10T19:58:49.353+08:00 DEBUG 39928 --- [wiki-backend] [           main] org.hibernate.SQL                        : 
    select
        wd1_0.id,
        wd1_0.created_at,
        wd1_0.deleted_at,
        wd1_0.html_content,
        wd1_0.kb_id,
        wd1_0.markdown_content,
        wd1_0.owner_id,
        wd1_0.parent_id,
        wd1_0.published,
        wd1_0.title,
        wd1_0.updated_at,
        wd1_0.version_no,
        wd1_0.view_count,
        wd1_0.visibility 
    from
        documents wd1_0 
    where
        wd1_0.id=?
2026-05-10T19:58:49.354+08:00 DEBUG 39928 --- [wiki-backend] [           main] org.hibernate.SQL                        : 
    select
        wd1_0.id,
        wd1_0.created_at,
        wd1_0.deleted_at,
        wd1_0.html_content,
        wd1_0.kb_id,
        wd1_0.markdown_content,
        wd1_0.owner_id,
        wd1_0.parent_id,
        wd1_0.published,
        wd1_0.title,
        wd1_0.updated_at,
        wd1_0.version_no,
        wd1_0.view_count,
        wd1_0.visibility 
    from
        documents wd1_0 
    where
        wd1_0.kb_id=? 
        and wd1_0.title like ? escape '\\' 
        and wd1_0.deleted_at is null
2026-05-10T19:58:49.358+08:00 DEBUG 39928 --- [wiki-backend] [           main] org.hibernate.SQL                        : 
    select
        wd1_0.id,
        wd1_0.created_at,
        wd1_0.deleted_at,
        wd1_0.html_content,
        wd1_0.kb_id,
        wd1_0.markdown_content,
        wd1_0.owner_id,
        wd1_0.parent_id,
        wd1_0.published,
        wd1_0.title,
        wd1_0.updated_at,
        wd1_0.version_no,
        wd1_0.view_count,
        wd1_0.visibility 
    from
        documents wd1_0 
    where
        wd1_0.id=?
2026-05-10T19:58:49.360+08:00 DEBUG 39928 --- [wiki-backend] [           main] org.hibernate.SQL                        : 
    select
        wd1_0.id,
        wd1_0.created_at,
        wd1_0.deleted_at,
        wd1_0.html_content,
        wd1_0.kb_id,
        wd1_0.markdown_content,
        wd1_0.owner_id,
        wd1_0.parent_id,
        wd1_0.published,
        wd1_0.title,
        wd1_0.updated_at,
        wd1_0.version_no,
        wd1_0.view_count,
        wd1_0.visibility 
    from
        documents wd1_0 
    where
        wd1_0.kb_id=? 
        and wd1_0.title like ? escape '\\' 
        and wd1_0.deleted_at is null
2026-05-10T19:58:49.362+08:00 DEBUG 39928 --- [wiki-backend] [           main] org.hibernate.SQL                        : 
    select
        wd1_0.id,
        wd1_0.created_at,
        wd1_0.deleted_at,
        wd1_0.html_content,
        wd1_0.kb_id,
        wd1_0.markdown_content,
        wd1_0.owner_id,
        wd1_0.parent_id,
        wd1_0.published,
        wd1_0.title,
        wd1_0.updated_at,
        wd1_0.version_no,
        wd1_0.view_count,
        wd1_0.visibility 
    from
        documents wd1_0 
    where
        wd1_0.id=?
2026-05-10T19:58:49.365+08:00 DEBUG 39928 --- [wiki-backend] [           main] org.hibernate.SQL                        : 
    select
        wd1_0.id,
        wd1_0.created_at,
        wd1_0.deleted_at,
        wd1_0.html_content,
        wd1_0.kb_id,
        wd1_0.markdown_content,
        wd1_0.owner_id,
        wd1_0.parent_id,
        wd1_0.published,
        wd1_0.title,
        wd1_0.updated_at,
        wd1_0.version_no,
        wd1_0.view_count,
        wd1_0.visibility 
    from
        documents wd1_0 
    where
        wd1_0.kb_id=? 
        and wd1_0.title like ? escape '\\' 
        and wd1_0.deleted_at is null
2026-05-10T19:58:49.369+08:00 DEBUG 39928 --- [wiki-backend] [           main] org.hibernate.SQL                        : 
    select
        wd1_0.id,
        wd1_0.created_at,
        wd1_0.deleted_at,
        wd1_0.html_content,
        wd1_0.kb_id,
        wd1_0.markdown_content,
        wd1_0.owner_id,
        wd1_0.parent_id,
        wd1_0.published,
        wd1_0.title,
        wd1_0.updated_at,
        wd1_0.version_no,
        wd1_0.view_count,
        wd1_0.visibility 
    from
        documents wd1_0 
    where
        wd1_0.id=?
2026-05-10T19:58:49.371+08:00 DEBUG 39928 --- [wiki-backend] [           main] org.hibernate.SQL                        : 
    select
        wd1_0.id,
        wd1_0.created_at,
        wd1_0.deleted_at,
        wd1_0.html_content,
        wd1_0.kb_id,
        wd1_0.markdown_content,
        wd1_0.owner_id,
        wd1_0.parent_id,
        wd1_0.published,
        wd1_0.title,
        wd1_0.updated_at,
        wd1_0.version_no,
        wd1_0.view_count,
        wd1_0.visibility 
    from
        documents wd1_0 
    where
        wd1_0.kb_id=? 
        and wd1_0.title like ? escape '\\' 
        and wd1_0.deleted_at is null
2026-05-10T19:58:49.375+08:00 DEBUG 39928 --- [wiki-backend] [           main] org.hibernate.SQL                        : 
    select
        wd1_0.id,
        wd1_0.created_at,
        wd1_0.deleted_at,
        wd1_0.html_content,
        wd1_0.kb_id,
        wd1_0.markdown_content,
        wd1_0.owner_id,
        wd1_0.parent_id,
        wd1_0.published,
        wd1_0.title,
        wd1_0.updated_at,
        wd1_0.version_no,
        wd1_0.view_count,
        wd1_0.visibility 
    from
        documents wd1_0 
    where
        wd1_0.id=?
2026-05-10T19:58:49.377+08:00 DEBUG 39928 --- [wiki-backend] [           main] org.hibernate.SQL                        : 
    select
        wd1_0.id,
        wd1_0.created_at,
        wd1_0.deleted_at,
        wd1_0.html_content,
        wd1_0.kb_id,
        wd1_0.markdown_content,
        wd1_0.owner_id,
        wd1_0.parent_id,
        wd1_0.published,
        wd1_0.title,
        wd1_0.updated_at,
        wd1_0.version_no,
        wd1_0.view_count,
        wd1_0.visibility 
    from
        documents wd1_0 
    where
        wd1_0.kb_id=? 
        and wd1_0.title like ? escape '\\' 
        and wd1_0.deleted_at is null
2026-05-10T19:58:49.379+08:00 DEBUG 39928 --- [wiki-backend] [           main] org.hibernate.SQL                        : 
    select
        wd1_0.id,
        wd1_0.created_at,
        wd1_0.deleted_at,
        wd1_0.html_content,
        wd1_0.kb_id,
        wd1_0.markdown_content,
        wd1_0.owner_id,
        wd1_0.parent_id,
        wd1_0.published,
        wd1_0.title,
        wd1_0.updated_at,
        wd1_0.version_no,
        wd1_0.view_count,
        wd1_0.visibility 
    from
        documents wd1_0 
    where
        wd1_0.id=?
2026-05-10T19:58:49.381+08:00 DEBUG 39928 --- [wiki-backend] [           main] org.hibernate.SQL                        : 
    select
        wd1_0.id,
        wd1_0.created_at,
        wd1_0.deleted_at,
        wd1_0.html_content,
        wd1_0.kb_id,
        wd1_0.markdown_content,
        wd1_0.owner_id,
        wd1_0.parent_id,
        wd1_0.published,
        wd1_0.title,
        wd1_0.updated_at,
        wd1_0.version_no,
        wd1_0.view_count,
        wd1_0.visibility 
    from
        documents wd1_0 
    where
        wd1_0.kb_id=? 
        and wd1_0.title like ? escape '\\' 
        and wd1_0.deleted_at is null
2026-05-10T19:58:49.384+08:00 DEBUG 39928 --- [wiki-backend] [           main] org.hibernate.SQL                        : 
    select
        wd1_0.id,
        wd1_0.created_at,
        wd1_0.deleted_at,
        wd1_0.html_content,
        wd1_0.kb_id,
        wd1_0.markdown_content,
        wd1_0.owner_id,
        wd1_0.parent_id,
        wd1_0.published,
        wd1_0.title,
        wd1_0.updated_at,
        wd1_0.version_no,
        wd1_0.view_count,
        wd1_0.visibility 
    from
        documents wd1_0 
    where
        wd1_0.id=?
2026-05-10T19:58:49.386+08:00 DEBUG 39928 --- [wiki-backend] [           main] org.hibernate.SQL                        : 
    select
        wd1_0.id,
        wd1_0.created_at,
        wd1_0.deleted_at,
        wd1_0.html_content,
        wd1_0.kb_id,
        wd1_0.markdown_content,
        wd1_0.owner_id,
        wd1_0.parent_id,
        wd1_0.published,
        wd1_0.title,
        wd1_0.updated_at,
        wd1_0.version_no,
        wd1_0.view_count,
        wd1_0.visibility 
    from
        documents wd1_0 
    where
        wd1_0.kb_id=? 
        and wd1_0.title like ? escape '\\' 
        and wd1_0.deleted_at is null
2026-05-10T19:58:49.388+08:00 DEBUG 39928 --- [wiki-backend] [           main] org.hibernate.SQL                        : 
    select
        wd1_0.id,
        wd1_0.created_at,
        wd1_0.deleted_at,
        wd1_0.html_content,
        wd1_0.kb_id,
        wd1_0.markdown_content,
        wd1_0.owner_id,
        wd1_0.parent_id,
        wd1_0.published,
        wd1_0.title,
        wd1_0.updated_at,
        wd1_0.version_no,
        wd1_0.view_count,
        wd1_0.visibility 
    from
        documents wd1_0 
    where
        wd1_0.id=?
2026-05-10T19:58:49.391+08:00 DEBUG 39928 --- [wiki-backend] [           main] org.hibernate.SQL                        : 
    select
        wd1_0.id,
        wd1_0.created_at,
        wd1_0.deleted_at,
        wd1_0.html_content,
        wd1_0.kb_id,
        wd1_0.markdown_content,
        wd1_0.owner_id,
        wd1_0.parent_id,
        wd1_0.published,
        wd1_0.title,
        wd1_0.updated_at,
        wd1_0.version_no,
        wd1_0.view_count,
        wd1_0.visibility 
    from
        documents wd1_0 
    where
        wd1_0.kb_id=? 
        and wd1_0.title like ? escape '\\' 
        and wd1_0.deleted_at is null
2026-05-10T19:58:49.393+08:00 DEBUG 39928 --- [wiki-backend] [           main] org.hibernate.SQL                        : 
    select
        wd1_0.id,
        wd1_0.created_at,
        wd1_0.deleted_at,
        wd1_0.html_content,
        wd1_0.kb_id,
        wd1_0.markdown_content,
        wd1_0.owner_id,
        wd1_0.parent_id,
        wd1_0.published,
        wd1_0.title,
        wd1_0.updated_at,
        wd1_0.version_no,
        wd1_0.view_count,
        wd1_0.visibility 
    from
        documents wd1_0 
    where
        wd1_0.id=?
2026-05-10T19:58:49.395+08:00 DEBUG 39928 --- [wiki-backend] [           main] org.hibernate.SQL                        : 
    select
        wd1_0.id,
        wd1_0.created_at,
        wd1_0.deleted_at,
        wd1_0.html_content,
        wd1_0.kb_id,
        wd1_0.markdown_content,
        wd1_0.owner_id,
        wd1_0.parent_id,
        wd1_0.published,
        wd1_0.title,
        wd1_0.updated_at,
        wd1_0.version_no,
        wd1_0.view_count,
        wd1_0.visibility 
    from
        documents wd1_0 
    where
        wd1_0.kb_id=? 
        and wd1_0.title like ? escape '\\' 
        and wd1_0.deleted_at is null
2026-05-10T19:58:49.398+08:00 DEBUG 39928 --- [wiki-backend] [           main] org.hibernate.SQL                        : 
    select
        wd1_0.id,
        wd1_0.created_at,
        wd1_0.deleted_at,
        wd1_0.html_content,
        wd1_0.kb_id,
        wd1_0.markdown_content,
        wd1_0.owner_id,
        wd1_0.parent_id,
        wd1_0.published,
        wd1_0.title,
        wd1_0.updated_at,
        wd1_0.version_no,
        wd1_0.view_count,
        wd1_0.visibility 
    from
        documents wd1_0 
    where
        wd1_0.id=?
2026-05-10T19:58:49.401+08:00 DEBUG 39928 --- [wiki-backend] [           main] org.hibernate.SQL                        : 
    select
        wd1_0.id,
        wd1_0.created_at,
        wd1_0.deleted_at,
        wd1_0.html_content,
        wd1_0.kb_id,
        wd1_0.markdown_content,
        wd1_0.owner_id,
        wd1_0.parent_id,
        wd1_0.published,
        wd1_0.title,
        wd1_0.updated_at,
        wd1_0.version_no,
        wd1_0.view_count,
        wd1_0.visibility 
    from
        documents wd1_0 
    where
        wd1_0.kb_id=? 
        and wd1_0.title like ? escape '\\' 
        and wd1_0.deleted_at is null
2026-05-10T19:58:49.402+08:00 DEBUG 39928 --- [wiki-backend] [           main] org.hibernate.SQL                        : 
    select
        wd1_0.id,
        wd1_0.created_at,
        wd1_0.deleted_at,
        wd1_0.html_content,
        wd1_0.kb_id,
        wd1_0.markdown_content,
        wd1_0.owner_id,
        wd1_0.parent_id,
        wd1_0.published,
        wd1_0.title,
        wd1_0.updated_at,
        wd1_0.version_no,
        wd1_0.view_count,
        wd1_0.visibility 
    from
        documents wd1_0 
    where
        wd1_0.id=?
2026-05-10T19:58:49.404+08:00 DEBUG 39928 --- [wiki-backend] [           main] org.hibernate.SQL                        : 
    select
        wd1_0.id,
        wd1_0.created_at,
        wd1_0.deleted_at,
        wd1_0.html_content,
        wd1_0.kb_id,
        wd1_0.markdown_content,
        wd1_0.owner_id,
        wd1_0.parent_id,
        wd1_0.published,
        wd1_0.title,
        wd1_0.updated_at,
        wd1_0.version_no,
        wd1_0.view_count,
        wd1_0.visibility 
    from
        documents wd1_0 
    where
        wd1_0.kb_id=? 
        and wd1_0.title like ? escape '\\' 
        and wd1_0.deleted_at is null
2026-05-10T19:58:49.406+08:00 DEBUG 39928 --- [wiki-backend] [           main] org.hibernate.SQL                        : 
    select
        wd1_0.id,
        wd1_0.created_at,
        wd1_0.deleted_at,
        wd1_0.html_content,
        wd1_0.kb_id,
        wd1_0.markdown_content,
        wd1_0.owner_id,
        wd1_0.parent_id,
        wd1_0.published,
        wd1_0.title,
        wd1_0.updated_at,
        wd1_0.version_no,
        wd1_0.view_count,
        wd1_0.visibility 
    from
        documents wd1_0 
    where
        wd1_0.id=?
2026-05-10T19:58:49.407+08:00 DEBUG 39928 --- [wiki-backend] [           main] org.hibernate.SQL                        : 
    select
        wd1_0.id,
        wd1_0.created_at,
        wd1_0.deleted_at,
        wd1_0.html_content,
        wd1_0.kb_id,
        wd1_0.markdown_content,
        wd1_0.owner_id,
        wd1_0.parent_id,
        wd1_0.published,
        wd1_0.title,
        wd1_0.updated_at,
        wd1_0.version_no,
        wd1_0.view_count,
        wd1_0.visibility 
    from
        documents wd1_0 
    where
        wd1_0.kb_id=? 
        and wd1_0.title like ? escape '\\' 
        and wd1_0.deleted_at is null
2026-05-10T19:58:49.410+08:00 DEBUG 39928 --- [wiki-backend] [           main] org.hibernate.SQL                        : 
    select
        wd1_0.id,
        wd1_0.created_at,
        wd1_0.deleted_at,
        wd1_0.html_content,
        wd1_0.kb_id,
        wd1_0.markdown_content,
        wd1_0.owner_id,
        wd1_0.parent_id,
        wd1_0.published,
        wd1_0.title,
        wd1_0.updated_at,
        wd1_0.version_no,
        wd1_0.view_count,
        wd1_0.visibility 
    from
        documents wd1_0 
    where
        wd1_0.id=?
2026-05-10T19:58:49.412+08:00 DEBUG 39928 --- [wiki-backend] [           main] org.hibernate.SQL                        : 
    select
        wd1_0.id,
        wd1_0.created_at,
        wd1_0.deleted_at,
        wd1_0.html_content,
        wd1_0.kb_id,
        wd1_0.markdown_content,
        wd1_0.owner_id,
        wd1_0.parent_id,
        wd1_0.published,
        wd1_0.title,
        wd1_0.updated_at,
        wd1_0.version_no,
        wd1_0.view_count,
        wd1_0.visibility 
    from
        documents wd1_0 
    where
        wd1_0.kb_id=? 
        and wd1_0.title like ? escape '\\' 
        and wd1_0.deleted_at is null
2026-05-10T19:58:49.414+08:00 DEBUG 39928 --- [wiki-backend] [           main] org.hibernate.SQL                        : 
    select
        wd1_0.id,
        wd1_0.created_at,
        wd1_0.deleted_at,
        wd1_0.html_content,
        wd1_0.kb_id,
        wd1_0.markdown_content,
        wd1_0.owner_id,
        wd1_0.parent_id,
        wd1_0.published,
        wd1_0.title,
        wd1_0.updated_at,
        wd1_0.version_no,
        wd1_0.view_count,
        wd1_0.visibility 
    from
        documents wd1_0 
    where
        wd1_0.id=?
2026-05-10T19:58:49.417+08:00 DEBUG 39928 --- [wiki-backend] [           main] org.hibernate.SQL                        : 
    select
        wd1_0.id,
        wd1_0.created_at,
        wd1_0.deleted_at,
        wd1_0.html_content,
        wd1_0.kb_id,
        wd1_0.markdown_content,
        wd1_0.owner_id,
        wd1_0.parent_id,
        wd1_0.published,
        wd1_0.title,
        wd1_0.updated_at,
        wd1_0.version_no,
        wd1_0.view_count,
        wd1_0.visibility 
    from
        documents wd1_0 
    where
        wd1_0.kb_id=? 
        and wd1_0.title like ? escape '\\' 
        and wd1_0.deleted_at is null
2026-05-10T19:58:49.419+08:00 DEBUG 39928 --- [wiki-backend] [           main] org.hibernate.SQL                        : 
    select
        wd1_0.id,
        wd1_0.created_at,
        wd1_0.deleted_at,
        wd1_0.html_content,
        wd1_0.kb_id,
        wd1_0.markdown_content,
        wd1_0.owner_id,
        wd1_0.parent_id,
        wd1_0.published,
        wd1_0.title,
        wd1_0.updated_at,
        wd1_0.version_no,
        wd1_0.view_count,
        wd1_0.visibility 
    from
        documents wd1_0 
    where
        wd1_0.id=?
2026-05-10T19:58:49.422+08:00 DEBUG 39928 --- [wiki-backend] [           main] org.hibernate.SQL                        : 
    select
        wd1_0.id,
        wd1_0.created_at,
        wd1_0.deleted_at,
        wd1_0.html_content,
        wd1_0.kb_id,
        wd1_0.markdown_content,
        wd1_0.owner_id,
        wd1_0.parent_id,
        wd1_0.published,
        wd1_0.title,
        wd1_0.updated_at,
        wd1_0.version_no,
        wd1_0.view_count,
        wd1_0.visibility 
    from
        documents wd1_0 
    where
        wd1_0.kb_id=? 
        and wd1_0.title like ? escape '\\' 
        and wd1_0.deleted_at is null
2026-05-10T19:58:49.424+08:00 DEBUG 39928 --- [wiki-backend] [           main] org.hibernate.SQL                        : 
    select
        wd1_0.id,
        wd1_0.created_at,
        wd1_0.deleted_at,
        wd1_0.html_content,
        wd1_0.kb_id,
        wd1_0.markdown_content,
        wd1_0.owner_id,
        wd1_0.parent_id,
        wd1_0.published,
        wd1_0.title,
        wd1_0.updated_at,
        wd1_0.version_no,
        wd1_0.view_count,
        wd1_0.visibility 
    from
        documents wd1_0 
    where
        wd1_0.id=?
2026-05-10T19:58:49.426+08:00 DEBUG 39928 --- [wiki-backend] [           main] org.hibernate.SQL                        : 
    select
        wd1_0.id,
        wd1_0.created_at,
        wd1_0.deleted_at,
        wd1_0.html_content,
        wd1_0.kb_id,
        wd1_0.markdown_content,
        wd1_0.owner_id,
        wd1_0.parent_id,
        wd1_0.published,
        wd1_0.title,
        wd1_0.updated_at,
        wd1_0.version_no,
        wd1_0.view_count,
        wd1_0.visibility 
    from
        documents wd1_0 
    where
        wd1_0.kb_id=? 
        and wd1_0.title like ? escape '\\' 
        and wd1_0.deleted_at is null
2026-05-10T19:58:49.428+08:00 DEBUG 39928 --- [wiki-backend] [           main] org.hibernate.SQL                        : 
    select
        wd1_0.id,
        wd1_0.created_at,
        wd1_0.deleted_at,
        wd1_0.html_content,
        wd1_0.kb_id,
        wd1_0.markdown_content,
        wd1_0.owner_id,
        wd1_0.parent_id,
        wd1_0.published,
        wd1_0.title,
        wd1_0.updated_at,
        wd1_0.version_no,
        wd1_0.view_count,
        wd1_0.visibility 
    from
        documents wd1_0 
    where
        wd1_0.id=?
2026-05-10T19:58:49.430+08:00 DEBUG 39928 --- [wiki-backend] [           main] org.hibernate.SQL                        : 
    select
        wd1_0.id,
        wd1_0.created_at,
        wd1_0.deleted_at,
        wd1_0.html_content,
        wd1_0.kb_id,
        wd1_0.markdown_content,
        wd1_0.owner_id,
        wd1_0.parent_id,
        wd1_0.published,
        wd1_0.title,
        wd1_0.updated_at,
        wd1_0.version_no,
        wd1_0.view_count,
        wd1_0.visibility 
    from
        documents wd1_0 
    where
        wd1_0.kb_id=? 
        and wd1_0.title like ? escape '\\' 
        and wd1_0.deleted_at is null
2026-05-10T19:58:49.431+08:00 DEBUG 39928 --- [wiki-backend] [           main] org.hibernate.SQL                        : 
    select
        wd1_0.id,
        wd1_0.created_at,
        wd1_0.deleted_at,
        wd1_0.html_content,
        wd1_0.kb_id,
        wd1_0.markdown_content,
        wd1_0.owner_id,
        wd1_0.parent_id,
        wd1_0.published,
        wd1_0.title,
        wd1_0.updated_at,
        wd1_0.version_no,
        wd1_0.view_count,
        wd1_0.visibility 
    from
        documents wd1_0 
    where
        wd1_0.id=?
2026-05-10T19:58:49.433+08:00 DEBUG 39928 --- [wiki-backend] [           main] org.hibernate.SQL                        : 
    select
        wd1_0.id,
        wd1_0.created_at,
        wd1_0.deleted_at,
        wd1_0.html_content,
        wd1_0.kb_id,
        wd1_0.markdown_content,
        wd1_0.owner_id,
        wd1_0.parent_id,
        wd1_0.published,
        wd1_0.title,
        wd1_0.updated_at,
        wd1_0.version_no,
        wd1_0.view_count,
        wd1_0.visibility 
    from
        documents wd1_0 
    where
        wd1_0.kb_id=? 
        and wd1_0.title like ? escape '\\' 
        and wd1_0.deleted_at is null
2026-05-10T19:58:49.434+08:00 DEBUG 39928 --- [wiki-backend] [           main] org.hibernate.SQL                        : 
    select
        wd1_0.id,
        wd1_0.created_at,
        wd1_0.deleted_at,
        wd1_0.html_content,
        wd1_0.kb_id,
        wd1_0.markdown_content,
        wd1_0.owner_id,
        wd1_0.parent_id,
        wd1_0.published,
        wd1_0.title,
        wd1_0.updated_at,
        wd1_0.version_no,
        wd1_0.view_count,
        wd1_0.visibility 
    from
        documents wd1_0 
    where
        wd1_0.id=?
2026-05-10T19:58:49.437+08:00 DEBUG 39928 --- [wiki-backend] [           main] org.hibernate.SQL                        : 
    select
        wd1_0.id,
        wd1_0.created_at,
        wd1_0.deleted_at,
        wd1_0.html_content,
        wd1_0.kb_id,
        wd1_0.markdown_content,
        wd1_0.owner_id,
        wd1_0.parent_id,
        wd1_0.published,
        wd1_0.title,
        wd1_0.updated_at,
        wd1_0.version_no,
        wd1_0.view_count,
        wd1_0.visibility 
    from
        documents wd1_0 
    where
        wd1_0.kb_id=? 
        and wd1_0.title like ? escape '\\' 
        and wd1_0.deleted_at is null
2026-05-10T19:58:49.439+08:00 DEBUG 39928 --- [wiki-backend] [           main] org.hibernate.SQL                        : 
    select
        wd1_0.id,
        wd1_0.created_at,
        wd1_0.deleted_at,
        wd1_0.html_content,
        wd1_0.kb_id,
        wd1_0.markdown_content,
        wd1_0.owner_id,
        wd1_0.parent_id,
        wd1_0.published,
        wd1_0.title,
        wd1_0.updated_at,
        wd1_0.version_no,
        wd1_0.view_count,
        wd1_0.visibility 
    from
        documents wd1_0 
    where
        wd1_0.id=?
2026-05-10T19:58:49.440+08:00 DEBUG 39928 --- [wiki-backend] [           main] org.hibernate.SQL                        : 
    select
        wd1_0.id,
        wd1_0.created_at,
        wd1_0.deleted_at,
        wd1_0.html_content,
        wd1_0.kb_id,
        wd1_0.markdown_content,
        wd1_0.owner_id,
        wd1_0.parent_id,
        wd1_0.published,
        wd1_0.title,
        wd1_0.updated_at,
        wd1_0.version_no,
        wd1_0.view_count,
        wd1_0.visibility 
    from
        documents wd1_0 
    where
        wd1_0.kb_id=? 
        and wd1_0.title like ? escape '\\' 
        and wd1_0.deleted_at is null
2026-05-10T19:58:49.442+08:00 DEBUG 39928 --- [wiki-backend] [           main] org.hibernate.SQL                        : 
    select
        wd1_0.id,
        wd1_0.created_at,
        wd1_0.deleted_at,
        wd1_0.html_content,
        wd1_0.kb_id,
        wd1_0.markdown_content,
        wd1_0.owner_id,
        wd1_0.parent_id,
        wd1_0.published,
        wd1_0.title,
        wd1_0.updated_at,
        wd1_0.version_no,
        wd1_0.view_count,
        wd1_0.visibility 
    from
        documents wd1_0 
    where
        wd1_0.id=?
2026-05-10T19:58:49.444+08:00 DEBUG 39928 --- [wiki-backend] [           main] org.hibernate.SQL                        : 
    select
        wd1_0.id,
        wd1_0.created_at,
        wd1_0.deleted_at,
        wd1_0.html_content,
        wd1_0.kb_id,
        wd1_0.markdown_content,
        wd1_0.owner_id,
        wd1_0.parent_id,
        wd1_0.published,
        wd1_0.title,
        wd1_0.updated_at,
        wd1_0.version_no,
        wd1_0.view_count,
        wd1_0.visibility 
    from
        documents wd1_0 
    where
        wd1_0.kb_id=? 
        and wd1_0.title like ? escape '\\' 
        and wd1_0.deleted_at is null
2026-05-10T19:58:49.445+08:00 DEBUG 39928 --- [wiki-backend] [           main] org.hibernate.SQL                        : 
    select
        wd1_0.id,
        wd1_0.created_at,
        wd1_0.deleted_at,
        wd1_0.html_content,
        wd1_0.kb_id,
        wd1_0.markdown_content,
        wd1_0.owner_id,
        wd1_0.parent_id,
        wd1_0.published,
        wd1_0.title,
        wd1_0.updated_at,
        wd1_0.version_no,
        wd1_0.view_count,
        wd1_0.visibility 
    from
        documents wd1_0 
    where
        wd1_0.id=?
2026-05-10T19:58:49.447+08:00 DEBUG 39928 --- [wiki-backend] [           main] org.hibernate.SQL                        : 
    select
        wd1_0.id,
        wd1_0.created_at,
        wd1_0.deleted_at,
        wd1_0.html_content,
        wd1_0.kb_id,
        wd1_0.markdown_content,
        wd1_0.owner_id,
        wd1_0.parent_id,
        wd1_0.published,
        wd1_0.title,
        wd1_0.updated_at,
        wd1_0.version_no,
        wd1_0.view_count,
        wd1_0.visibility 
    from
        documents wd1_0 
    where
        wd1_0.kb_id=? 
        and wd1_0.title like ? escape '\\' 
        and wd1_0.deleted_at is null
2026-05-10T19:58:49.449+08:00 DEBUG 39928 --- [wiki-backend] [           main] org.hibernate.SQL                        : 
    select
        wd1_0.id,
        wd1_0.created_at,
        wd1_0.deleted_at,
        wd1_0.html_content,
        wd1_0.kb_id,
        wd1_0.markdown_content,
        wd1_0.owner_id,
        wd1_0.parent_id,
        wd1_0.published,
        wd1_0.title,
        wd1_0.updated_at,
        wd1_0.version_no,
        wd1_0.view_count,
        wd1_0.visibility 
    from
        documents wd1_0 
    where
        wd1_0.id=?
2026-05-10T19:58:49.452+08:00 DEBUG 39928 --- [wiki-backend] [           main] org.hibernate.SQL                        : 
    select
        wd1_0.id,
        wd1_0.created_at,
        wd1_0.deleted_at,
        wd1_0.html_content,
        wd1_0.kb_id,
        wd1_0.markdown_content,
        wd1_0.owner_id,
        wd1_0.parent_id,
        wd1_0.published,
        wd1_0.title,
        wd1_0.updated_at,
        wd1_0.version_no,
        wd1_0.view_count,
        wd1_0.visibility 
    from
        documents wd1_0 
    where
        wd1_0.kb_id=? 
        and wd1_0.title like ? escape '\\' 
        and wd1_0.deleted_at is null
2026-05-10T19:58:49.453+08:00 DEBUG 39928 --- [wiki-backend] [           main] org.hibernate.SQL                        : 
    select
        wd1_0.id,
        wd1_0.created_at,
        wd1_0.deleted_at,
        wd1_0.html_content,
        wd1_0.kb_id,
        wd1_0.markdown_content,
        wd1_0.owner_id,
        wd1_0.parent_id,
        wd1_0.published,
        wd1_0.title,
        wd1_0.updated_at,
        wd1_0.version_no,
        wd1_0.view_count,
        wd1_0.visibility 
    from
        documents wd1_0 
    where
        wd1_0.id=?
2026-05-10T19:58:49.457+08:00 DEBUG 39928 --- [wiki-backend] [           main] org.hibernate.SQL                        : 
    select
        wd1_0.id,
        wd1_0.created_at,
        wd1_0.deleted_at,
        wd1_0.html_content,
        wd1_0.kb_id,
        wd1_0.markdown_content,
        wd1_0.owner_id,
        wd1_0.parent_id,
        wd1_0.published,
        wd1_0.title,
        wd1_0.updated_at,
        wd1_0.version_no,
        wd1_0.view_count,
        wd1_0.visibility 
    from
        documents wd1_0 
    where
        wd1_0.kb_id=? 
        and wd1_0.title like ? escape '\\' 
        and wd1_0.deleted_at is null
2026-05-10T19:58:49.459+08:00 DEBUG 39928 --- [wiki-backend] [           main] org.hibernate.SQL                        : 
    select
        wd1_0.id,
        wd1_0.created_at,
        wd1_0.deleted_at,
        wd1_0.html_content,
        wd1_0.kb_id,
        wd1_0.markdown_content,
        wd1_0.owner_id,
        wd1_0.parent_id,
        wd1_0.published,
        wd1_0.title,
        wd1_0.updated_at,
        wd1_0.version_no,
        wd1_0.view_count,
        wd1_0.visibility 
    from
        documents wd1_0 
    where
        wd1_0.id=?
2026-05-10T19:58:49.461+08:00 DEBUG 39928 --- [wiki-backend] [           main] org.hibernate.SQL                        : 
    select
        wd1_0.id,
        wd1_0.created_at,
        wd1_0.deleted_at,
        wd1_0.html_content,
        wd1_0.kb_id,
        wd1_0.markdown_content,
        wd1_0.owner_id,
        wd1_0.parent_id,
        wd1_0.published,
        wd1_0.title,
        wd1_0.updated_at,
        wd1_0.version_no,
        wd1_0.view_count,
        wd1_0.visibility 
    from
        documents wd1_0 
    where
        wd1_0.kb_id=? 
        and wd1_0.title like ? escape '\\' 
        and wd1_0.deleted_at is null
2026-05-10T19:58:49.462+08:00 DEBUG 39928 --- [wiki-backend] [           main] org.hibernate.SQL                        : 
    select
        wd1_0.id,
        wd1_0.created_at,
        wd1_0.deleted_at,
        wd1_0.html_content,
        wd1_0.kb_id,
        wd1_0.markdown_content,
        wd1_0.owner_id,
        wd1_0.parent_id,
        wd1_0.published,
        wd1_0.title,
        wd1_0.updated_at,
        wd1_0.version_no,
        wd1_0.view_count,
        wd1_0.visibility 
    from
        documents wd1_0 
    where
        wd1_0.id=?
2026-05-10T19:58:49.477+08:00 DEBUG 39928 --- [wiki-backend] [           main] org.hibernate.SQL                        : 
    select
        count(*) 
    from
        departments d1_0
2026-05-10T19:58:49.582+08:00 DEBUG 39928 --- [wiki-backend] [           main] org.hibernate.SQL                        : 
    select
        ua1_0.id,
        ua1_0.avatar_url,
        ua1_0.created_at,
        ua1_0.deleted_at,
        ua1_0.demo_password,
        ua1_0.department_id,
        ua1_0.email,
        ua1_0.nickname,
        ua1_0.password_hash,
        ua1_0.phone,
        ua1_0.role,
        ua1_0.updated_at,
        ua1_0.username 
    from
        users ua1_0 
    where
        ua1_0.username=? 
        or ua1_0.email=? 
        or ua1_0.phone=?
2026-05-10T19:58:49.611+08:00 DEBUG 39928 --- [wiki-backend] [           main] o.s.w.s.s.s.WebSocketHandlerMapping      : Patterns [/ws/collab] in 'webSocketHandlerMapping'
2026-05-10T19:58:49.753+08:00  WARN 39928 --- [wiki-backend] [           main] .s.s.UserDetailsServiceAutoConfiguration : 

Using generated security password: c70e634f-ead1-4dcd-adb9-0baded43e650

This generated password is for development use only. Your security configuration must be updated before running your application in production.

2026-05-10T19:58:49.758+08:00  INFO 39928 --- [wiki-backend] [           main] r$InitializeUserDetailsManagerConfigurer : Global AuthenticationManager configured with UserDetailsService bean with name inMemoryUserDetailsManager
2026-05-10T19:58:49.883+08:00 DEBUG 39928 --- [wiki-backend] [           main] s.w.s.m.m.a.RequestMappingHandlerMapping : 186 mappings in 'requestMappingHandlerMapping'
2026-05-10T19:58:49.918+08:00 DEBUG 39928 --- [wiki-backend] [           main] o.s.w.s.handler.SimpleUrlHandlerMapping  : Patterns [/webjars/**, /**, /swagger-ui*/*swagger-initializer.js, /swagger-ui*/**] in 'resourceHandlerMapping'
2026-05-10T19:58:50.001+08:00  INFO 39928 --- [wiki-backend] [           main] o.s.b.a.e.web.EndpointLinksResolver      : Exposing 3 endpoints beneath base path '/actuator'
2026-05-10T19:58:50.123+08:00 DEBUG 39928 --- [wiki-backend] [           main] s.w.s.m.m.a.RequestMappingHandlerAdapter : ControllerAdvice beans: 0 @ModelAttribute, 0 @InitBinder, 1 RequestBodyAdvice, 1 ResponseBodyAdvice
2026-05-10T19:58:50.152+08:00 DEBUG 39928 --- [wiki-backend] [           main] .m.m.a.ExceptionHandlerExceptionResolver : ControllerAdvice beans: 2 @ExceptionHandler, 1 ResponseBodyAdvice
2026-05-10T19:58:50.422+08:00  INFO 39928 --- [wiki-backend] [           main] o.s.b.w.embedded.tomcat.TomcatWebServer  : Tomcat started on port 8080 (http) with context path '/'
2026-05-10T19:58:50.444+08:00 DEBUG 39928 --- [wiki-backend] [           main] .s.b.a.l.ConditionEvaluationReportLogger : 


============================
CONDITIONS EVALUATION REPORT
============================


Positive matches:
-----------------

   AopAutoConfiguration matched:
      - @ConditionalOnProperty (spring.aop.auto=true) matched (OnPropertyCondition)

   AopAutoConfiguration.AspectJAutoProxyingConfiguration matched:
      - @ConditionalOnClass found required class 'org.aspectj.weaver.Advice' (OnClassCondition)

   AopAutoConfiguration.AspectJAutoProxyingConfiguration.CglibAutoProxyConfiguration matched:
      - @ConditionalOnProperty (spring.aop.proxy-target-class=true) matched (OnPropertyCondition)

   ApplicationAvailabilityAutoConfiguration#applicationAvailability matched:
      - @ConditionalOnMissingBean (types: org.springframework.boot.availability.ApplicationAvailability; SearchStrategy: all) did not find any beans (OnBeanCondition)

   AvailabilityProbesAutoConfiguration matched:
      - Probes availability 'management.endpoint.health.probes.enabled' set to 'true' (AvailabilityProbesAutoConfiguration.ProbesCondition)

   AvailabilityProbesAutoConfiguration#livenessStateHealthIndicator matched:
      - @ConditionalOnMissingBean (names: livenessStateHealthIndicator; SearchStrategy: all) did not find any beans (OnBeanCondition)

   AvailabilityProbesAutoConfiguration#readinessStateHealthIndicator matched:
      - @ConditionalOnMissingBean (names: readinessStateHealthIndicator; SearchStrategy: all) did not find any beans (OnBeanCondition)

   CacheMeterBinderProvidersConfiguration matched:
      - @ConditionalOnClass found required class 'io.micrometer.core.instrument.binder.MeterBinder' (OnClassCondition)

   CacheMeterBinderProvidersConfiguration.RedisCacheMeterBinderProviderConfiguration matched:
      - @ConditionalOnClass found required class 'org.springframework.data.redis.cache.RedisCache' (OnClassCondition)

   CompositeMeterRegistryAutoConfiguration matched:
      - @ConditionalOnClass found required class 'io.micrometer.core.instrument.composite.CompositeMeterRegistry' (OnClassCondition)

   DataSourceAutoConfiguration matched:
      - @ConditionalOnClass found required classes 'javax.sql.DataSource', 'org.springframework.jdbc.datasource.embedded.EmbeddedDatabaseType' (OnClassCondition)
      - @ConditionalOnMissingBean (types: io.r2dbc.spi.ConnectionFactory; SearchStrategy: all) did not find any beans (OnBeanCondition)

   DataSourceAutoConfiguration.PooledDataSourceConfiguration matched:
      - AnyNestedCondition 1 matched 1 did not; NestedCondition on DataSourceAutoConfiguration.PooledDataSourceCondition.PooledDataSourceAvailable PooledDataSource found supported DataSource; NestedCondition on DataSourceAutoConfiguration.PooledDataSourceCondition.ExplicitType @ConditionalOnProperty (spring.datasource.type) did not find property 'type' (DataSourceAutoConfiguration.PooledDataSourceCondition)
      - @ConditionalOnMissingBean (types: javax.sql.DataSource,javax.sql.XADataSource; SearchStrategy: all) did not find any beans (OnBeanCondition)

   DataSourceAutoConfiguration.PooledDataSourceConfiguration#jdbcConnectionDetails matched:
      - @ConditionalOnMissingBean (types: org.springframework.boot.autoconfigure.jdbc.JdbcConnectionDetails; SearchStrategy: all) did not find any beans (OnBeanCondition)

   DataSourceConfiguration.Hikari matched:
      - @ConditionalOnClass found required class 'com.zaxxer.hikari.HikariDataSource' (OnClassCondition)
      - @ConditionalOnProperty (spring.datasource.type=com.zaxxer.hikari.HikariDataSource) matched (OnPropertyCondition)
      - @ConditionalOnMissingBean (types: javax.sql.DataSource; SearchStrategy: all) did not find any beans (OnBeanCondition)

   DataSourceHealthContributorAutoConfiguration matched:
      - @ConditionalOnClass found required classes 'org.springframework.jdbc.core.JdbcTemplate', 'org.springframework.jdbc.datasource.lookup.AbstractRoutingDataSource' (OnClassCondition)
      - @ConditionalOnEnabledHealthIndicator management.health.defaults.enabled is considered true (OnEnabledHealthIndicatorCondition)
      - @ConditionalOnBean (types: javax.sql.DataSource; SearchStrategy: all) found bean 'dataSource' (OnBeanCondition)

   DataSourceHealthContributorAutoConfiguration#dbHealthContributor matched:
      - @ConditionalOnMissingBean (names: dbHealthIndicator,dbHealthContributor; SearchStrategy: all) did not find any beans (OnBeanCondition)

   DataSourceInitializationConfiguration matched:
      - @ConditionalOnClass found required class 'org.springframework.jdbc.datasource.init.DatabasePopulator' (OnClassCondition)
      - @ConditionalOnSingleCandidate (types: javax.sql.DataSource; SearchStrategy: all) found a single bean 'dataSource'; @ConditionalOnMissingBean (types: org.springframework.boot.autoconfigure.sql.init.SqlDataSourceScriptDatabaseInitializer,org.springframework.boot.autoconfigure.sql.init.SqlR2dbcScriptDatabaseInitializer; SearchStrategy: all) did not find any beans (OnBeanCondition)

   DataSourceJmxConfiguration matched:
      - @ConditionalOnProperty (spring.jmx.enabled=true) matched (OnPropertyCondition)

   DataSourceJmxConfiguration.Hikari matched:
      - @ConditionalOnClass found required class 'com.zaxxer.hikari.HikariDataSource' (OnClassCondition)
      - @ConditionalOnSingleCandidate (types: javax.sql.DataSource; SearchStrategy: all) found a single bean 'dataSource' (OnBeanCondition)

   DataSourcePoolMetadataProvidersConfiguration.HikariPoolDataSourceMetadataProviderConfiguration matched:
      - @ConditionalOnClass found required class 'com.zaxxer.hikari.HikariDataSource' (OnClassCondition)

   DataSourcePoolMetricsAutoConfiguration matched:
      - @ConditionalOnClass found required classes 'javax.sql.DataSource', 'io.micrometer.core.instrument.MeterRegistry' (OnClassCondition)
      - @ConditionalOnBean (types: javax.sql.DataSource,io.micrometer.core.instrument.MeterRegistry; SearchStrategy: all) found beans 'simpleMeterRegistry', 'dataSource' (OnBeanCondition)

   DataSourcePoolMetricsAutoConfiguration.DataSourcePoolMetadataMetricsConfiguration matched:
      - @ConditionalOnBean (types: org.springframework.boot.jdbc.metadata.DataSourcePoolMetadataProvider; SearchStrategy: all) found bean 'hikariPoolDataSourceMetadataProvider' (OnBeanCondition)

   DataSourcePoolMetricsAutoConfiguration.HikariDataSourceMetricsConfiguration matched:
      - @ConditionalOnClass found required class 'com.zaxxer.hikari.HikariDataSource' (OnClassCondition)

   DataSourceTransactionManagerAutoConfiguration matched:
      - @ConditionalOnClass found required classes 'javax.sql.DataSource', 'org.springframework.jdbc.core.JdbcTemplate', 'org.springframework.transaction.TransactionManager' (OnClassCondition)

   DataSourceTransactionManagerAutoConfiguration.JdbcTransactionManagerConfiguration matched:
      - @ConditionalOnSingleCandidate (types: javax.sql.DataSource; SearchStrategy: all) found a single bean 'dataSource' (OnBeanCondition)

   DiskSpaceHealthContributorAutoConfiguration matched:
      - @ConditionalOnEnabledHealthIndicator management.health.defaults.enabled is considered true (OnEnabledHealthIndicatorCondition)

   DiskSpaceHealthContributorAutoConfiguration#diskSpaceHealthIndicator matched:
      - @ConditionalOnMissingBean (names: diskSpaceHealthIndicator; SearchStrategy: all) did not find any beans (OnBeanCondition)

   DispatcherServletAutoConfiguration matched:
      - @ConditionalOnClass found required class 'org.springframework.web.servlet.DispatcherServlet' (OnClassCondition)
      - found 'session' scope (OnWebApplicationCondition)

   DispatcherServletAutoConfiguration.DispatcherServletConfiguration matched:
      - @ConditionalOnClass found required class 'jakarta.servlet.ServletRegistration' (OnClassCondition)
      - Default DispatcherServlet did not find dispatcher servlet beans (DispatcherServletAutoConfiguration.DefaultDispatcherServletCondition)

   DispatcherServletAutoConfiguration.DispatcherServletRegistrationConfiguration matched:
      - @ConditionalOnClass found required class 'jakarta.servlet.ServletRegistration' (OnClassCondition)
      - DispatcherServlet Registration did not find servlet registration bean (DispatcherServletAutoConfiguration.DispatcherServletRegistrationCondition)

   DispatcherServletAutoConfiguration.DispatcherServletRegistrationConfiguration#dispatcherServletRegistration matched:
      - @ConditionalOnBean (names: dispatcherServlet types: org.springframework.web.servlet.DispatcherServlet; SearchStrategy: all) found bean 'dispatcherServlet' (OnBeanCondition)

   EmbeddedWebServerFactoryCustomizerAutoConfiguration matched:
      - @ConditionalOnWebApplication (required) found 'session' scope (OnWebApplicationCondition)
      - @ConditionalOnWarDeployment the application is not deployed as a WAR file. (OnWarDeploymentCondition)

   EmbeddedWebServerFactoryCustomizerAutoConfiguration.TomcatWebServerFactoryCustomizerConfiguration matched:
      - @ConditionalOnClass found required classes 'org.apache.catalina.startup.Tomcat', 'org.apache.coyote.UpgradeProtocol' (OnClassCondition)

   EndpointAutoConfiguration#endpointCachingOperationInvokerAdvisor matched:
      - @ConditionalOnMissingBean (types: org.springframework.boot.actuate.endpoint.invoker.cache.CachingOperationInvokerAdvisor; SearchStrategy: all) did not find any beans (OnBeanCondition)

   EndpointAutoConfiguration#endpointOperationParameterMapper matched:
      - @ConditionalOnMissingBean (types: org.springframework.boot.actuate.endpoint.invoke.ParameterValueMapper; SearchStrategy: all) did not find any beans (OnBeanCondition)

   ErrorMvcAutoConfiguration matched:
      - @ConditionalOnClass found required classes 'jakarta.servlet.Servlet', 'org.springframework.web.servlet.DispatcherServlet' (OnClassCondition)
      - found 'session' scope (OnWebApplicationCondition)

   ErrorMvcAutoConfiguration#basicErrorController matched:
      - @ConditionalOnMissingBean (types: org.springframework.boot.web.servlet.error.ErrorController; SearchStrategy: current) did not find any beans (OnBeanCondition)

   ErrorMvcAutoConfiguration#errorAttributes matched:
      - @ConditionalOnMissingBean (types: org.springframework.boot.web.servlet.error.ErrorAttributes; SearchStrategy: current) did not find any beans (OnBeanCondition)

   ErrorMvcAutoConfiguration.DefaultErrorViewResolverConfiguration#conventionErrorViewResolver matched:
      - @ConditionalOnBean (types: org.springframework.web.servlet.DispatcherServlet; SearchStrategy: all) found bean 'dispatcherServlet'; @ConditionalOnMissingBean (types: org.springframework.boot.autoconfigure.web.servlet.error.ErrorViewResolver; SearchStrategy: all) did not find any beans (OnBeanCondition)

   ErrorMvcAutoConfiguration.WhitelabelErrorViewConfiguration matched:
      - @ConditionalOnProperty (server.error.whitelabel.enabled) matched (OnPropertyCondition)
      - ErrorTemplate Missing did not find error template view (ErrorMvcAutoConfiguration.ErrorTemplateMissingCondition)

   ErrorMvcAutoConfiguration.WhitelabelErrorViewConfiguration#beanNameViewResolver matched:
      - @ConditionalOnMissingBean (types: org.springframework.web.servlet.view.BeanNameViewResolver; SearchStrategy: all) did not find any beans (OnBeanCondition)

   ErrorMvcAutoConfiguration.WhitelabelErrorViewConfiguration#defaultErrorView matched:
      - @ConditionalOnMissingBean (names: error; SearchStrategy: all) did not find any beans (OnBeanCondition)

   GenericCacheConfiguration matched:
      - Cache org.springframework.boot.autoconfigure.cache.GenericCacheConfiguration automatic cache type (CacheCondition)

   HealthContributorAutoConfiguration#pingHealthContributor matched:
      - @ConditionalOnEnabledHealthIndicator management.health.defaults.enabled is considered true (OnEnabledHealthIndicatorCondition)

   HealthEndpointAutoConfiguration matched:
      - @ConditionalOnAvailableEndpoint marked as exposed by a 'management.endpoints.web.exposure' property (OnAvailableEndpointCondition)

   HealthEndpointConfiguration#healthContributorRegistry matched:
      - @ConditionalOnMissingBean (types: org.springframework.boot.actuate.health.HealthContributorRegistry; SearchStrategy: all) did not find any beans (OnBeanCondition)

   HealthEndpointConfiguration#healthEndpoint matched:
      - @ConditionalOnMissingBean (types: org.springframework.boot.actuate.health.HealthEndpoint; SearchStrategy: all) did not find any beans (OnBeanCondition)

   HealthEndpointConfiguration#healthEndpointGroupMembershipValidator matched:
      - @ConditionalOnProperty (management.endpoint.health.validate-group-membership=true) matched (OnPropertyCondition)

   HealthEndpointConfiguration#healthEndpointGroups matched:
      - @ConditionalOnMissingBean (types: org.springframework.boot.actuate.health.HealthEndpointGroups; SearchStrategy: all) did not find any beans (OnBeanCondition)

   HealthEndpointConfiguration#healthHttpCodeStatusMapper matched:
      - @ConditionalOnMissingBean (types: org.springframework.boot.actuate.health.HttpCodeStatusMapper; SearchStrategy: all) did not find any beans (OnBeanCondition)

   HealthEndpointConfiguration#healthStatusAggregator matched:
      - @ConditionalOnMissingBean (types: org.springframework.boot.actuate.health.StatusAggregator; SearchStrategy: all) did not find any beans (OnBeanCondition)

   HealthEndpointWebExtensionConfiguration matched:
      - found 'session' scope (OnWebApplicationCondition)
      - @ConditionalOnAvailableEndpoint marked as exposed by a 'management.endpoints.web.exposure' property (OnAvailableEndpointCondition)
      - @ConditionalOnBean (types: org.springframework.boot.actuate.health.HealthEndpoint; SearchStrategy: all) found bean 'healthEndpoint' (OnBeanCondition)

   HealthEndpointWebExtensionConfiguration#healthEndpointWebExtension matched:
      - @ConditionalOnMissingBean (types: org.springframework.boot.actuate.health.HealthEndpointWebExtension; SearchStrategy: all) did not find any beans (OnBeanCondition)

   HealthEndpointWebExtensionConfiguration.MvcAdditionalHealthEndpointPathsConfiguration matched:
      - @ConditionalOnAvailableEndpoint marked as exposed by a 'management.endpoints.web.exposure' property (OnAvailableEndpointCondition)
      - @ConditionalOnBean (types: org.springframework.web.servlet.DispatcherServlet; SearchStrategy: all) found bean 'dispatcherServlet' (OnBeanCondition)

   HibernateJpaAutoConfiguration matched:
      - @ConditionalOnClass found required classes 'org.springframework.orm.jpa.LocalContainerEntityManagerFactoryBean', 'jakarta.persistence.EntityManager', 'org.hibernate.engine.spi.SessionImplementor' (OnClassCondition)

   HibernateJpaConfiguration matched:
      - @ConditionalOnSingleCandidate (types: javax.sql.DataSource; SearchStrategy: all) found a single bean 'dataSource' (OnBeanCondition)

   HttpClientObservationsAutoConfiguration matched:
      - @ConditionalOnClass found required class 'io.micrometer.observation.Observation' (OnClassCondition)
      - @ConditionalOnBean (types: io.micrometer.observation.ObservationRegistry; SearchStrategy: all) found bean 'observationRegistry' (OnBeanCondition)

   HttpClientObservationsAutoConfiguration.MeterFilterConfiguration matched:
      - @ConditionalOnClass found required class 'io.micrometer.core.instrument.MeterRegistry' (OnClassCondition)
      - @ConditionalOnBean (types: io.micrometer.core.instrument.MeterRegistry; SearchStrategy: all) found bean 'simpleMeterRegistry' (OnBeanCondition)

   HttpEncodingAutoConfiguration matched:
      - @ConditionalOnClass found required class 'org.springframework.web.filter.CharacterEncodingFilter' (OnClassCondition)
      - found 'session' scope (OnWebApplicationCondition)
      - @ConditionalOnProperty (server.servlet.encoding.enabled) matched (OnPropertyCondition)

   HttpEncodingAutoConfiguration#characterEncodingFilter matched:
      - @ConditionalOnMissingBean (types: org.springframework.web.filter.CharacterEncodingFilter; SearchStrategy: all) did not find any beans (OnBeanCondition)

   HttpMessageConvertersAutoConfiguration matched:
      - @ConditionalOnClass found required class 'org.springframework.http.converter.HttpMessageConverter' (OnClassCondition)
      - NoneNestedConditions 0 matched 1 did not; NestedCondition on HttpMessageConvertersAutoConfiguration.NotReactiveWebApplicationCondition.ReactiveWebApplication did not find reactive web application classes (HttpMessageConvertersAutoConfiguration.NotReactiveWebApplicationCondition)

   HttpMessageConvertersAutoConfiguration#messageConverters matched:
      - @ConditionalOnMissingBean (types: org.springframework.boot.autoconfigure.http.HttpMessageConverters; SearchStrategy: all) did not find any beans (OnBeanCondition)

   HttpMessageConvertersAutoConfiguration.StringHttpMessageConverterConfiguration matched:
      - @ConditionalOnClass found required class 'org.springframework.http.converter.StringHttpMessageConverter' (OnClassCondition)

   HttpMessageConvertersAutoConfiguration.StringHttpMessageConverterConfiguration#stringHttpMessageConverter matched:
      - @ConditionalOnMissingBean (types: org.springframework.http.converter.StringHttpMessageConverter; SearchStrategy: all) did not find any beans (OnBeanCondition)

   InfoEndpointAutoConfiguration matched:
      - @ConditionalOnAvailableEndpoint marked as exposed by a 'management.endpoints.web.exposure' property (OnAvailableEndpointCondition)

   InfoEndpointAutoConfiguration#infoEndpoint matched:
      - @ConditionalOnMissingBean (types: org.springframework.boot.actuate.info.InfoEndpoint; SearchStrategy: all) did not find any beans (OnBeanCondition)

   JacksonAutoConfiguration matched:
      - @ConditionalOnClass found required class 'com.fasterxml.jackson.databind.ObjectMapper' (OnClassCondition)

   JacksonAutoConfiguration.Jackson2ObjectMapperBuilderCustomizerConfiguration matched:
      - @ConditionalOnClass found required class 'org.springframework.http.converter.json.Jackson2ObjectMapperBuilder' (OnClassCondition)

   JacksonAutoConfiguration.JacksonObjectMapperBuilderConfiguration matched:
      - @ConditionalOnClass found required class 'org.springframework.http.converter.json.Jackson2ObjectMapperBuilder' (OnClassCondition)

   JacksonAutoConfiguration.JacksonObjectMapperBuilderConfiguration#jacksonObjectMapperBuilder matched:
      - @ConditionalOnMissingBean (types: org.springframework.http.converter.json.Jackson2ObjectMapperBuilder; SearchStrategy: all) did not find any beans (OnBeanCondition)

   JacksonAutoConfiguration.JacksonObjectMapperConfiguration matched:
      - @ConditionalOnClass found required class 'org.springframework.http.converter.json.Jackson2ObjectMapperBuilder' (OnClassCondition)

   JacksonAutoConfiguration.JacksonObjectMapperConfiguration#jacksonObjectMapper matched:
      - @ConditionalOnMissingBean (types: com.fasterxml.jackson.databind.ObjectMapper; SearchStrategy: all) did not find any beans (OnBeanCondition)

   JacksonAutoConfiguration.ParameterNamesModuleConfiguration matched:
      - @ConditionalOnClass found required class 'com.fasterxml.jackson.module.paramnames.ParameterNamesModule' (OnClassCondition)

   JacksonAutoConfiguration.ParameterNamesModuleConfiguration#parameterNamesModule matched:
      - @ConditionalOnMissingBean (types: com.fasterxml.jackson.module.paramnames.ParameterNamesModule; SearchStrategy: all) did not find any beans (OnBeanCondition)

   JacksonEndpointAutoConfiguration#endpointObjectMapper matched:
      - @ConditionalOnClass found required classes 'com.fasterxml.jackson.databind.ObjectMapper', 'org.springframework.http.converter.json.Jackson2ObjectMapperBuilder' (OnClassCondition)
      - @ConditionalOnProperty (management.endpoints.jackson.isolated-object-mapper) matched (OnPropertyCondition)

   JacksonHttpMessageConvertersConfiguration.MappingJackson2HttpMessageConverterConfiguration matched:
      - @ConditionalOnClass found required class 'com.fasterxml.jackson.databind.ObjectMapper' (OnClassCondition)
      - @ConditionalOnProperty (spring.mvc.converters.preferred-json-mapper=jackson) matched (OnPropertyCondition)
      - @ConditionalOnBean (types: com.fasterxml.jackson.databind.ObjectMapper; SearchStrategy: all) found bean 'jacksonObjectMapper' (OnBeanCondition)

   JacksonHttpMessageConvertersConfiguration.MappingJackson2HttpMessageConverterConfiguration#mappingJackson2HttpMessageConverter matched:
      - @ConditionalOnMissingBean (types: org.springframework.http.converter.json.MappingJackson2HttpMessageConverter ignored: org.springframework.hateoas.server.mvc.TypeConstrainedMappingJackson2HttpMessageConverter,org.springframework.data.rest.webmvc.alps.AlpsJsonHttpMessageConverter; SearchStrategy: all) did not find any beans (OnBeanCondition)

   JdbcClientAutoConfiguration matched:
      - @ConditionalOnSingleCandidate (types: org.springframework.jdbc.core.namedparam.NamedParameterJdbcTemplate; SearchStrategy: all) found a single bean 'namedParameterJdbcTemplate'; @ConditionalOnMissingBean (types: org.springframework.jdbc.core.simple.JdbcClient; SearchStrategy: all) did not find any beans (OnBeanCondition)

   JdbcTemplateAutoConfiguration matched:
      - @ConditionalOnClass found required classes 'javax.sql.DataSource', 'org.springframework.jdbc.core.JdbcTemplate' (OnClassCondition)
      - @ConditionalOnSingleCandidate (types: javax.sql.DataSource; SearchStrategy: all) found a single bean 'dataSource' (OnBeanCondition)

   JdbcTemplateConfiguration matched:
      - @ConditionalOnMissingBean (types: org.springframework.jdbc.core.JdbcOperations; SearchStrategy: all) did not find any beans (OnBeanCondition)

   JpaBaseConfiguration#entityManagerFactory matched:
      - @ConditionalOnMissingBean (types: org.springframework.orm.jpa.LocalContainerEntityManagerFactoryBean,jakarta.persistence.EntityManagerFactory; SearchStrategy: all) did not find any beans (OnBeanCondition)

   JpaBaseConfiguration#entityManagerFactoryBuilder matched:
      - @ConditionalOnMissingBean (types: org.springframework.boot.orm.jpa.EntityManagerFactoryBuilder; SearchStrategy: all) did not find any beans (OnBeanCondition)

   JpaBaseConfiguration#jpaVendorAdapter matched:
      - @ConditionalOnMissingBean (types: org.springframework.orm.jpa.JpaVendorAdapter; SearchStrategy: all) did not find any beans (OnBeanCondition)

   JpaBaseConfiguration#transactionManager matched:
      - @ConditionalOnMissingBean (types: org.springframework.transaction.TransactionManager; SearchStrategy: all) did not find any beans (OnBeanCondition)

   JpaBaseConfiguration.PersistenceManagedTypesConfiguration matched:
      - @ConditionalOnMissingBean (types: org.springframework.orm.jpa.LocalContainerEntityManagerFactoryBean,jakarta.persistence.EntityManagerFactory; SearchStrategy: all) did not find any beans (OnBeanCondition)

   JpaBaseConfiguration.PersistenceManagedTypesConfiguration#persistenceManagedTypes matched:
      - @ConditionalOnMissingBean (types: org.springframework.orm.jpa.persistenceunit.PersistenceManagedTypes; SearchStrategy: all) did not find any beans (OnBeanCondition)

   JpaRepositoriesAutoConfiguration matched:
      - @ConditionalOnClass found required class 'org.springframework.data.jpa.repository.JpaRepository' (OnClassCondition)
      - @ConditionalOnProperty (spring.data.jpa.repositories.enabled=true) matched (OnPropertyCondition)
      - @ConditionalOnBean (types: javax.sql.DataSource; SearchStrategy: all) found bean 'dataSource'; @ConditionalOnMissingBean (types: org.springframework.data.jpa.repository.support.JpaRepositoryFactoryBean,org.springframework.data.jpa.repository.config.JpaRepositoryConfigExtension; SearchStrategy: all) did not find any beans (OnBeanCondition)

   JtaAutoConfiguration matched:
      - @ConditionalOnClass found required class 'jakarta.transaction.Transaction' (OnClassCondition)
      - @ConditionalOnProperty (spring.jta.enabled) matched (OnPropertyCondition)

   JvmMetricsAutoConfiguration matched:
      - @ConditionalOnClass found required class 'io.micrometer.core.instrument.MeterRegistry' (OnClassCondition)
      - @ConditionalOnBean (types: io.micrometer.core.instrument.MeterRegistry; SearchStrategy: all) found bean 'simpleMeterRegistry' (OnBeanCondition)

   JvmMetricsAutoConfiguration#classLoaderMetrics matched:
      - @ConditionalOnMissingBean (types: io.micrometer.core.instrument.binder.jvm.ClassLoaderMetrics; SearchStrategy: all) did not find any beans (OnBeanCondition)

   JvmMetricsAutoConfiguration#jvmCompilationMetrics matched:
      - @ConditionalOnMissingBean (types: io.micrometer.core.instrument.binder.jvm.JvmCompilationMetrics; SearchStrategy: all) did not find any beans (OnBeanCondition)

   JvmMetricsAutoConfiguration#jvmGcMetrics matched:
      - @ConditionalOnMissingBean (types: io.micrometer.core.instrument.binder.jvm.JvmGcMetrics; SearchStrategy: all) did not find any beans (OnBeanCondition)

   JvmMetricsAutoConfiguration#jvmHeapPressureMetrics matched:
      - @ConditionalOnMissingBean (types: io.micrometer.core.instrument.binder.jvm.JvmHeapPressureMetrics; SearchStrategy: all) did not find any beans (OnBeanCondition)

   JvmMetricsAutoConfiguration#jvmInfoMetrics matched:
      - @ConditionalOnMissingBean (types: io.micrometer.core.instrument.binder.jvm.JvmInfoMetrics; SearchStrategy: all) did not find any beans (OnBeanCondition)

   JvmMetricsAutoConfiguration#jvmMemoryMetrics matched:
      - @ConditionalOnMissingBean (types: io.micrometer.core.instrument.binder.jvm.JvmMemoryMetrics; SearchStrategy: all) did not find any beans (OnBeanCondition)

   JvmMetricsAutoConfiguration#jvmThreadMetrics matched:
      - @ConditionalOnMissingBean (types: io.micrometer.core.instrument.binder.jvm.JvmThreadMetrics; SearchStrategy: all) did not find any beans (OnBeanCondition)

   LettuceConnectionConfiguration matched:
      - @ConditionalOnClass found required class 'io.lettuce.core.RedisClient' (OnClassCondition)
      - @ConditionalOnProperty (spring.data.redis.client-type=lettuce) matched (OnPropertyCondition)

   LettuceConnectionConfiguration#lettuceClientResources matched:
      - @ConditionalOnMissingBean (types: io.lettuce.core.resource.ClientResources; SearchStrategy: all) did not find any beans (OnBeanCondition)

   LettuceConnectionConfiguration#redisConnectionFactory matched:
      - @ConditionalOnMissingBean (types: org.springframework.data.redis.connection.RedisConnectionFactory; SearchStrategy: all) did not find any beans (OnBeanCondition)
      - @ConditionalOnThreading found PLATFORM (OnThreadingCondition)

   LettuceMetricsAutoConfiguration matched:
      - @ConditionalOnClass found required classes 'io.lettuce.core.RedisClient', 'io.lettuce.core.metrics.MicrometerCommandLatencyRecorder' (OnClassCondition)
      - @ConditionalOnBean (types: io.micrometer.core.instrument.MeterRegistry; SearchStrategy: all) found bean 'simpleMeterRegistry' (OnBeanCondition)

   LettuceMetricsAutoConfiguration#micrometerOptions matched:
      - @ConditionalOnMissingBean (types: io.lettuce.core.metrics.MicrometerOptions; SearchStrategy: all) did not find any beans (OnBeanCondition)

   LifecycleAutoConfiguration#defaultLifecycleProcessor matched:
      - @ConditionalOnMissingBean (names: lifecycleProcessor; SearchStrategy: current) did not find any beans (OnBeanCondition)

   LogbackMetricsAutoConfiguration matched:
      - @ConditionalOnClass found required classes 'io.micrometer.core.instrument.MeterRegistry', 'ch.qos.logback.classic.LoggerContext', 'org.slf4j.LoggerFactory' (OnClassCondition)
      - LogbackLoggingCondition ILoggerFactory is a Logback LoggerContext (LogbackMetricsAutoConfiguration.LogbackLoggingCondition)
      - @ConditionalOnBean (types: io.micrometer.core.instrument.MeterRegistry; SearchStrategy: all) found bean 'simpleMeterRegistry' (OnBeanCondition)

   LogbackMetricsAutoConfiguration#logbackMetrics matched:
      - @ConditionalOnMissingBean (types: io.micrometer.core.instrument.binder.logging.LogbackMetrics; SearchStrategy: all) did not find any beans (OnBeanCondition)

   MailSenderAutoConfiguration matched:
      - @ConditionalOnClass found required classes 'jakarta.mail.internet.MimeMessage', 'jakarta.activation.MimeType', 'org.springframework.mail.MailSender' (OnClassCondition)
      - AnyNestedCondition 1 matched 1 did not; NestedCondition on MailSenderAutoConfiguration.MailSenderCondition.JndiNameProperty @ConditionalOnProperty (spring.mail.jndi-name) did not find property 'jndi-name'; NestedCondition on MailSenderAutoConfiguration.MailSenderCondition.HostProperty @ConditionalOnProperty (spring.mail.host) matched (MailSenderAutoConfiguration.MailSenderCondition)
      - @ConditionalOnMissingBean (types: org.springframework.mail.MailSender; SearchStrategy: all) did not find any beans (OnBeanCondition)

   MailSenderPropertiesConfiguration matched:
      - @ConditionalOnProperty (spring.mail.host) matched (OnPropertyCondition)

   MailSenderPropertiesConfiguration#mailSender matched:
      - @ConditionalOnMissingBean (types: org.springframework.mail.javamail.JavaMailSender; SearchStrategy: all) did not find any beans (OnBeanCondition)

   ManagementContextAutoConfiguration.SameManagementContextConfiguration matched:
      - Management Port actual port type (SAME) matched required type (OnManagementPortCondition)

   MetricsAutoConfiguration matched:
      - @ConditionalOnClass found required class 'io.micrometer.core.annotation.Timed' (OnClassCondition)

   MetricsAutoConfiguration#micrometerClock matched:
      - @ConditionalOnMissingBean (types: io.micrometer.core.instrument.Clock; SearchStrategy: all) did not find any beans (OnBeanCondition)

   MetricsEndpointAutoConfiguration matched:
      - @ConditionalOnClass found required class 'io.micrometer.core.annotation.Timed' (OnClassCondition)
      - @ConditionalOnAvailableEndpoint marked as exposed by a 'management.endpoints.web.exposure' property (OnAvailableEndpointCondition)

   MetricsEndpointAutoConfiguration#metricsEndpoint matched:
      - @ConditionalOnBean (types: io.micrometer.core.instrument.MeterRegistry; SearchStrategy: all) found bean 'simpleMeterRegistry'; @ConditionalOnMissingBean (types: org.springframework.boot.actuate.metrics.MetricsEndpoint; SearchStrategy: all) did not find any beans (OnBeanCondition)

   MultipartAutoConfiguration matched:
      - @ConditionalOnClass found required classes 'jakarta.servlet.Servlet', 'org.springframework.web.multipart.support.StandardServletMultipartResolver', 'jakarta.servlet.MultipartConfigElement' (OnClassCondition)
      - found 'session' scope (OnWebApplicationCondition)
      - @ConditionalOnProperty (spring.servlet.multipart.enabled) matched (OnPropertyCondition)

   MultipartAutoConfiguration#multipartConfigElement matched:
      - @ConditionalOnMissingBean (types: jakarta.servlet.MultipartConfigElement; SearchStrategy: all) did not find any beans (OnBeanCondition)

   MultipartAutoConfiguration#multipartResolver matched:
      - @ConditionalOnMissingBean (types: org.springframework.web.multipart.MultipartResolver; SearchStrategy: all) did not find any beans (OnBeanCondition)

   NamedParameterJdbcTemplateConfiguration matched:
      - @ConditionalOnSingleCandidate (types: org.springframework.jdbc.core.JdbcTemplate; SearchStrategy: all) found a single bean 'jdbcTemplate'; @ConditionalOnMissingBean (types: org.springframework.jdbc.core.namedparam.NamedParameterJdbcOperations; SearchStrategy: all) did not find any beans (OnBeanCondition)

   NettyAutoConfiguration matched:
      - @ConditionalOnClass found required class 'io.netty.util.NettyRuntime' (OnClassCondition)

   NoOpCacheConfiguration matched:
      - Cache org.springframework.boot.autoconfigure.cache.NoOpCacheConfiguration automatic cache type (CacheCondition)

   ObservationAutoConfiguration matched:
      - @ConditionalOnClass found required class 'io.micrometer.observation.ObservationRegistry' (OnClassCondition)

   ObservationAutoConfiguration#observationRegistry matched:
      - @ConditionalOnMissingBean (types: io.micrometer.observation.ObservationRegistry; SearchStrategy: all) did not find any beans (OnBeanCondition)

   ObservationAutoConfiguration.MeterObservationHandlerConfiguration matched:
      - @ConditionalOnBean (types: io.micrometer.core.instrument.MeterRegistry; SearchStrategy: all) found bean 'simpleMeterRegistry'; @ConditionalOnMissingBean (types: io.micrometer.core.instrument.observation.MeterObservationHandler; SearchStrategy: all) did not find any beans (OnBeanCondition)

   ObservationAutoConfiguration.MeterObservationHandlerConfiguration.OnlyMetricsMeterObservationHandlerConfiguration matched:
      - @ConditionalOnMissingBean (types: io.micrometer.tracing.Tracer; SearchStrategy: all) did not find any beans (OnBeanCondition)

   ObservationAutoConfiguration.ObservedAspectConfiguration matched:
      - @ConditionalOnClass found required class 'org.aspectj.weaver.Advice' (OnClassCondition)

   ObservationAutoConfiguration.ObservedAspectConfiguration#observedAspect matched:
      - @ConditionalOnMissingBean (types: io.micrometer.observation.aop.ObservedAspect; SearchStrategy: all) did not find any beans (OnBeanCondition)

   ObservationAutoConfiguration.OnlyMetricsConfiguration matched:
      - @ConditionalOnClass found required class 'io.micrometer.core.instrument.MeterRegistry'; @ConditionalOnMissingClass did not find unwanted class 'io.micrometer.tracing.Tracer' (OnClassCondition)

   PersistenceExceptionTranslationAutoConfiguration matched:
      - @ConditionalOnClass found required class 'org.springframework.dao.annotation.PersistenceExceptionTranslationPostProcessor' (OnClassCondition)

   PersistenceExceptionTranslationAutoConfiguration#persistenceExceptionTranslationPostProcessor matched:
      - @ConditionalOnProperty (spring.dao.exceptiontranslation.enabled) matched (OnPropertyCondition)
      - @ConditionalOnMissingBean (types: org.springframework.dao.annotation.PersistenceExceptionTranslationPostProcessor; SearchStrategy: all) did not find any beans (OnBeanCondition)

   PropertyPlaceholderAutoConfiguration#propertySourcesPlaceholderConfigurer matched:
      - @ConditionalOnMissingBean (types: org.springframework.context.support.PropertySourcesPlaceholderConfigurer; SearchStrategy: current) did not find any beans (OnBeanCondition)

   ReactiveHealthEndpointConfiguration matched:
      - @ConditionalOnClass found required class 'reactor.core.publisher.Flux' (OnClassCondition)
      - @ConditionalOnBean (types: org.springframework.boot.actuate.health.HealthEndpoint; SearchStrategy: all) found bean 'healthEndpoint' (OnBeanCondition)

   ReactiveHealthEndpointConfiguration#reactiveHealthContributorRegistry matched:
      - @ConditionalOnMissingBean (types: org.springframework.boot.actuate.health.ReactiveHealthContributorRegistry; SearchStrategy: all) did not find any beans (OnBeanCondition)

   ReactorAutoConfiguration matched:
      - @ConditionalOnClass found required class 'reactor.core.publisher.Hooks' (OnClassCondition)

   RedisAutoConfiguration matched:
      - @ConditionalOnClass found required class 'org.springframework.data.redis.core.RedisOperations' (OnClassCondition)

   RedisAutoConfiguration#redisConnectionDetails matched:
      - @ConditionalOnMissingBean (types: org.springframework.boot.autoconfigure.data.redis.RedisConnectionDetails; SearchStrategy: all) did not find any beans (OnBeanCondition)

   RedisAutoConfiguration#redisTemplate matched:
      - @ConditionalOnSingleCandidate (types: org.springframework.data.redis.connection.RedisConnectionFactory; SearchStrategy: all) found a single bean 'redisConnectionFactory'; @ConditionalOnMissingBean (names: redisTemplate; SearchStrategy: all) did not find any beans (OnBeanCondition)

   RedisAutoConfiguration#stringRedisTemplate matched:
      - @ConditionalOnSingleCandidate (types: org.springframework.data.redis.connection.RedisConnectionFactory; SearchStrategy: all) found a single bean 'redisConnectionFactory'; @ConditionalOnMissingBean (types: org.springframework.data.redis.core.StringRedisTemplate; SearchStrategy: all) did not find any beans (OnBeanCondition)

   RedisCacheConfiguration matched:
      - @ConditionalOnClass found required class 'org.springframework.data.redis.connection.RedisConnectionFactory' (OnClassCondition)
      - Cache org.springframework.boot.autoconfigure.cache.RedisCacheConfiguration automatic cache type (CacheCondition)

   RedisHealthContributorAutoConfiguration matched:
      - @ConditionalOnClass found required class 'org.springframework.data.redis.connection.RedisConnectionFactory' (OnClassCondition)
      - @ConditionalOnEnabledHealthIndicator management.health.defaults.enabled is considered true (OnEnabledHealthIndicatorCondition)
      - @ConditionalOnBean (types: org.springframework.data.redis.connection.RedisConnectionFactory; SearchStrategy: all) found bean 'redisConnectionFactory' (OnBeanCondition)

   RedisReactiveAutoConfiguration matched:
      - @ConditionalOnClass found required classes 'org.springframework.data.redis.connection.ReactiveRedisConnectionFactory', 'org.springframework.data.redis.core.ReactiveRedisTemplate', 'reactor.core.publisher.Flux' (OnClassCondition)

   RedisReactiveAutoConfiguration#reactiveRedisTemplate matched:
      - @ConditionalOnBean (types: org.springframework.data.redis.connection.ReactiveRedisConnectionFactory; SearchStrategy: all) found bean 'redisConnectionFactory'; @ConditionalOnMissingBean (names: reactiveRedisTemplate; SearchStrategy: all) did not find any beans (OnBeanCondition)

   RedisReactiveAutoConfiguration#reactiveStringRedisTemplate matched:
      - @ConditionalOnBean (types: org.springframework.data.redis.connection.ReactiveRedisConnectionFactory; SearchStrategy: all) found bean 'redisConnectionFactory'; @ConditionalOnMissingBean (names: reactiveStringRedisTemplate; SearchStrategy: all) did not find any beans (OnBeanCondition)

   RedisReactiveHealthContributorAutoConfiguration matched:
      - @ConditionalOnClass found required classes 'org.springframework.data.redis.connection.ReactiveRedisConnectionFactory', 'reactor.core.publisher.Flux' (OnClassCondition)
      - @ConditionalOnEnabledHealthIndicator management.health.defaults.enabled is considered true (OnEnabledHealthIndicatorCondition)
      - @ConditionalOnBean (types: org.springframework.data.redis.connection.ReactiveRedisConnectionFactory; SearchStrategy: all) found bean 'redisConnectionFactory' (OnBeanCondition)

   RedisReactiveHealthContributorAutoConfiguration#redisHealthContributor matched:
      - @ConditionalOnMissingBean (names: redisHealthIndicator,redisHealthContributor; SearchStrategy: all) did not find any beans (OnBeanCondition)

   RedisRepositoriesAutoConfiguration matched:
      - @ConditionalOnClass found required class 'org.springframework.data.redis.repository.configuration.EnableRedisRepositories' (OnClassCondition)
      - @ConditionalOnProperty (spring.data.redis.repositories.enabled=true) matched (OnPropertyCondition)
      - @ConditionalOnBean (types: org.springframework.data.redis.connection.RedisConnectionFactory; SearchStrategy: all) found bean 'redisConnectionFactory'; @ConditionalOnMissingBean (types: org.springframework.data.redis.repository.support.RedisRepositoryFactoryBean; SearchStrategy: all) did not find any beans (OnBeanCondition)

   RepositoryMetricsAutoConfiguration matched:
      - @ConditionalOnClass found required class 'org.springframework.data.repository.Repository' (OnClassCondition)
      - @ConditionalOnBean (types: io.micrometer.core.instrument.MeterRegistry; SearchStrategy: all) found bean 'simpleMeterRegistry' (OnBeanCondition)

   RepositoryMetricsAutoConfiguration#metricsRepositoryMethodInvocationListener matched:
      - @ConditionalOnMissingBean (types: org.springframework.boot.actuate.metrics.data.MetricsRepositoryMethodInvocationListener; SearchStrategy: all) did not find any beans (OnBeanCondition)

   RepositoryMetricsAutoConfiguration#repositoryTagsProvider matched:
      - @ConditionalOnMissingBean (types: org.springframework.boot.actuate.metrics.data.RepositoryTagsProvider; SearchStrategy: all) did not find any beans (OnBeanCondition)

   RestClientAutoConfiguration matched:
      - @ConditionalOnClass found required class 'org.springframework.web.client.RestClient' (OnClassCondition)
      - NoneNestedConditions 0 matched 1 did not; NestedCondition on NotReactiveWebApplicationCondition.ReactiveWebApplication did not find reactive web application classes (NotReactiveWebApplicationCondition)

   RestClientAutoConfiguration#httpMessageConvertersRestClientCustomizer matched:
      - @ConditionalOnMissingBean (types: org.springframework.boot.autoconfigure.web.client.HttpMessageConvertersRestClientCustomizer; SearchStrategy: all) did not find any beans (OnBeanCondition)

   RestClientAutoConfiguration#restClientBuilder matched:
      - @ConditionalOnMissingBean (types: org.springframework.web.client.RestClient$Builder; SearchStrategy: all) did not find any beans (OnBeanCondition)

   RestClientAutoConfiguration#restClientBuilderConfigurer matched:
      - @ConditionalOnMissingBean (types: org.springframework.boot.autoconfigure.web.client.RestClientBuilderConfigurer; SearchStrategy: all) did not find any beans (OnBeanCondition)

   RestClientAutoConfiguration#restClientSsl matched:
      - @ConditionalOnBean (types: org.springframework.boot.ssl.SslBundles; SearchStrategy: all) found bean 'sslBundleRegistry'; @ConditionalOnMissingBean (types: org.springframework.boot.autoconfigure.web.client.RestClientSsl; SearchStrategy: all) did not find any beans (OnBeanCondition)

   RestClientObservationConfiguration matched:
      - @ConditionalOnClass found required class 'org.springframework.web.client.RestClient' (OnClassCondition)
      - @ConditionalOnBean (types: org.springframework.web.client.RestClient$Builder; SearchStrategy: all) found bean 'restClientBuilder' (OnBeanCondition)

   RestTemplateAutoConfiguration matched:
      - @ConditionalOnClass found required class 'org.springframework.web.client.RestTemplate' (OnClassCondition)
      - NoneNestedConditions 0 matched 1 did not; NestedCondition on NotReactiveWebApplicationCondition.ReactiveWebApplication did not find reactive web application classes (NotReactiveWebApplicationCondition)

   RestTemplateAutoConfiguration#restTemplateBuilder matched:
      - @ConditionalOnMissingBean (types: org.springframework.boot.web.client.RestTemplateBuilder; SearchStrategy: all) did not find any beans (OnBeanCondition)

   RestTemplateObservationConfiguration matched:
      - @ConditionalOnClass found required class 'org.springframework.web.client.RestTemplate' (OnClassCondition)
      - @ConditionalOnBean (types: org.springframework.boot.web.client.RestTemplateBuilder; SearchStrategy: all) found bean 'restTemplateBuilder' (OnBeanCondition)

   ScheduledTasksObservabilityAutoConfiguration matched:
      - @ConditionalOnClass found required class 'org.springframework.scheduling.concurrent.ThreadPoolTaskScheduler' (OnClassCondition)
      - @ConditionalOnBean (types: io.micrometer.observation.ObservationRegistry; SearchStrategy: all) found bean 'observationRegistry' (OnBeanCondition)

   SecurityAutoConfiguration matched:
      - @ConditionalOnClass found required class 'org.springframework.security.authentication.DefaultAuthenticationEventPublisher' (OnClassCondition)

   SecurityAutoConfiguration#authenticationEventPublisher matched:
      - @ConditionalOnMissingBean (types: org.springframework.security.authentication.AuthenticationEventPublisher; SearchStrategy: all) did not find any beans (OnBeanCondition)

   SecurityFilterAutoConfiguration matched:
      - @ConditionalOnClass found required classes 'org.springframework.security.web.context.AbstractSecurityWebApplicationInitializer', 'org.springframework.security.config.http.SessionCreationPolicy' (OnClassCondition)
      - found 'session' scope (OnWebApplicationCondition)

   SecurityFilterAutoConfiguration#securityFilterChainRegistration matched:
      - @ConditionalOnBean (names: springSecurityFilterChain; SearchStrategy: all) found bean 'springSecurityFilterChain' (OnBeanCondition)

   SecurityRequestMatchersManagementContextConfiguration matched:
      - @ConditionalOnClass found required class 'org.springframework.security.web.util.matcher.RequestMatcher' (OnClassCondition)
      - found 'session' scope (OnWebApplicationCondition)

   SecurityRequestMatchersManagementContextConfiguration.MvcRequestMatcherConfiguration matched:
      - @ConditionalOnClass found required class 'org.springframework.web.servlet.DispatcherServlet' (OnClassCondition)
      - @ConditionalOnBean (types: org.springframework.boot.autoconfigure.web.servlet.DispatcherServletPath; SearchStrategy: all) found bean 'dispatcherServletRegistration' (OnBeanCondition)

   SecurityRequestMatchersManagementContextConfiguration.MvcRequestMatcherConfiguration#requestMatcherProvider matched:
      - @ConditionalOnClass found required class 'org.springframework.web.servlet.DispatcherServlet' (OnClassCondition)
      - @ConditionalOnMissingBean (types: org.springframework.boot.autoconfigure.security.servlet.RequestMatcherProvider; SearchStrategy: all) did not find any beans (OnBeanCondition)

   ServletEndpointManagementContextConfiguration matched:
      - found 'session' scope (OnWebApplicationCondition)

   ServletEndpointManagementContextConfiguration.WebMvcServletEndpointManagementContextConfiguration matched:
      - @ConditionalOnClass found required class 'org.springframework.web.servlet.DispatcherServlet' (OnClassCondition)

   ServletManagementContextAutoConfiguration matched:
      - @ConditionalOnClass found required class 'jakarta.servlet.Servlet' (OnClassCondition)
      - found 'session' scope (OnWebApplicationCondition)

   ServletWebServerFactoryAutoConfiguration matched:
      - @ConditionalOnClass found required class 'jakarta.servlet.ServletRequest' (OnClassCondition)
      - found 'session' scope (OnWebApplicationCondition)

   ServletWebServerFactoryAutoConfiguration#tomcatServletWebServerFactoryCustomizer matched:
      - @ConditionalOnClass found required class 'org.apache.catalina.startup.Tomcat' (OnClassCondition)

   ServletWebServerFactoryConfiguration.EmbeddedTomcat matched:
      - @ConditionalOnClass found required classes 'jakarta.servlet.Servlet', 'org.apache.catalina.startup.Tomcat', 'org.apache.coyote.UpgradeProtocol' (OnClassCondition)
      - @ConditionalOnMissingBean (types: org.springframework.boot.web.servlet.server.ServletWebServerFactory; SearchStrategy: current) did not find any beans (OnBeanCondition)

   SimpleCacheConfiguration matched:
      - Cache org.springframework.boot.autoconfigure.cache.SimpleCacheConfiguration automatic cache type (CacheCondition)

   SimpleMetricsExportAutoConfiguration matched:
      - @ConditionalOnEnabledMetricsExport management.defaults.metrics.export.enabled is considered true (OnMetricsExportEnabledCondition)
      - @ConditionalOnBean (types: io.micrometer.core.instrument.Clock; SearchStrategy: all) found bean 'micrometerClock'; @ConditionalOnMissingBean (types: io.micrometer.core.instrument.MeterRegistry; SearchStrategy: all) did not find any beans (OnBeanCondition)

   SimpleMetricsExportAutoConfiguration#simpleConfig matched:
      - @ConditionalOnMissingBean (types: io.micrometer.core.instrument.simple.SimpleConfig; SearchStrategy: all) did not find any beans (OnBeanCondition)

   SpringBootWebSecurityConfiguration matched:
      - found 'session' scope (OnWebApplicationCondition)

   SpringBootWebSecurityConfiguration.WebSecurityEnablerConfiguration matched:
      - @ConditionalOnClass found required class 'org.springframework.security.config.annotation.web.configuration.EnableWebSecurity' (OnClassCondition)
      - @ConditionalOnMissingBean (names: springSecurityFilterChain; SearchStrategy: all) did not find any beans (OnBeanCondition)

   SpringDataWebAutoConfiguration matched:
      - @ConditionalOnClass found required classes 'org.springframework.data.web.PageableHandlerMethodArgumentResolver', 'org.springframework.web.servlet.config.annotation.WebMvcConfigurer' (OnClassCondition)
      - found 'session' scope (OnWebApplicationCondition)
      - @ConditionalOnMissingBean (types: org.springframework.data.web.PageableHandlerMethodArgumentResolver; SearchStrategy: all) did not find any beans (OnBeanCondition)

   SpringDataWebAutoConfiguration#pageableCustomizer matched:
      - @ConditionalOnMissingBean (types: org.springframework.data.web.config.PageableHandlerMethodArgumentResolverCustomizer; SearchStrategy: all) did not find any beans (OnBeanCondition)

   SpringDataWebAutoConfiguration#sortCustomizer matched:
      - @ConditionalOnMissingBean (types: org.springframework.data.web.config.SortHandlerMethodArgumentResolverCustomizer; SearchStrategy: all) did not find any beans (OnBeanCondition)

   SpringDocConfigProperties matched:
      - @ConditionalOnProperty (springdoc.api-docs.enabled) matched (OnPropertyCondition)
      - @ConditionalOnBean (types: org.springdoc.core.configuration.SpringDocConfiguration; SearchStrategy: all) found bean 'org.springdoc.core.configuration.SpringDocConfiguration' (OnBeanCondition)

   SpringDocConfiguration matched:
      - @ConditionalOnWebApplication (required) found 'session' scope (OnWebApplicationCondition)
      - @ConditionalOnProperty (springdoc.api-docs.enabled) matched (OnPropertyCondition)

   SpringDocConfiguration#fileSupportConverter matched:
      - @ConditionalOnMissingBean (types: org.springdoc.core.converters.FileSupportConverter; SearchStrategy: all) did not find any beans (OnBeanCondition)

   SpringDocConfiguration#openAPIBuilder matched:
      - @ConditionalOnMissingBean (types: org.springdoc.core.service.OpenAPIService; SearchStrategy: all) did not find any beans (OnBeanCondition)

   SpringDocConfiguration#operationBuilder matched:
      - @ConditionalOnMissingBean (types: org.springdoc.core.service.OperationService; SearchStrategy: all) did not find any beans (OnBeanCondition)

   SpringDocConfiguration#parameterBuilder matched:
      - @ConditionalOnMissingBean (types: org.springdoc.core.service.GenericParameterService; SearchStrategy: all) did not find any beans (OnBeanCondition)

   SpringDocConfiguration#polymorphicModelConverter matched:
      - @ConditionalOnProperty (springdoc.model-converters.polymorphic-converter.enabled) matched (OnPropertyCondition)
      - @ConditionalOnMissingBean (types: org.springdoc.core.converters.PolymorphicModelConverter; SearchStrategy: all) did not find any beans (OnBeanCondition)

   SpringDocConfiguration#requestBodyBuilder matched:
      - @ConditionalOnMissingBean (types: org.springdoc.core.service.RequestBodyService; SearchStrategy: all) did not find any beans (OnBeanCondition)

   SpringDocConfiguration#responseSupportConverter matched:
      - @ConditionalOnMissingBean (types: org.springdoc.core.converters.ResponseSupportConverter; SearchStrategy: all) did not find any beans (OnBeanCondition)

   SpringDocConfiguration#schemaPropertyDeprecatingConverter matched:
      - @ConditionalOnProperty (springdoc.model-converters.deprecating-converter.enabled) matched (OnPropertyCondition)
      - @ConditionalOnMissingBean (types: org.springdoc.core.converters.SchemaPropertyDeprecatingConverter; SearchStrategy: all) did not find any beans (OnBeanCondition)

   SpringDocConfiguration#securityParser matched:
      - @ConditionalOnMissingBean (types: org.springdoc.core.service.SecurityService; SearchStrategy: all) did not find any beans (OnBeanCondition)

   SpringDocConfiguration#springDocCustomizers matched:
      - @ConditionalOnMissingBean (types: org.springdoc.core.customizers.SpringDocCustomizers; SearchStrategy: all) did not find any beans (OnBeanCondition)

   SpringDocConfiguration#springDocProviders matched:
      - @ConditionalOnMissingBean (types: org.springdoc.core.providers.SpringDocProviders; SearchStrategy: all) did not find any beans (OnBeanCondition)

   SpringDocConfiguration#springdocObjectMapperProvider matched:
      - @ConditionalOnMissingBean (types: org.springdoc.core.providers.ObjectMapperProvider; SearchStrategy: all) did not find any beans (OnBeanCondition)

   SpringDocConfiguration.QuerydslProvider matched:
      - @ConditionalOnClass found required class 'org.springframework.data.querydsl.binding.QuerydslBindingsFactory' (OnClassCondition)

   SpringDocConfiguration.QuerydslProvider#queryDslQuerydslPredicateOperationCustomizer matched:
      - @ConditionalOnMissingBean (types: org.springdoc.core.customizers.QuerydslPredicateOperationCustomizer; SearchStrategy: all) did not find any beans (OnBeanCondition)

   SpringDocConfiguration.SpringDocSpringDataWebPropertiesProvider matched:
      - @ConditionalOnClass found required class 'org.springframework.boot.autoconfigure.data.web.SpringDataWebProperties' (OnClassCondition)

   SpringDocConfiguration.SpringDocSpringDataWebPropertiesProvider#springDataWebPropertiesProvider matched:
      - @ConditionalOnMissingBean (types: org.springdoc.core.providers.SpringDataWebPropertiesProvider; SearchStrategy: all) did not find any beans (OnBeanCondition)

   SpringDocConfiguration.SpringDocWebFluxSupportConfiguration matched:
      - @ConditionalOnClass found required class 'reactor.core.publisher.Flux' (OnClassCondition)

   SpringDocConfiguration.SpringDocWebFluxSupportConfiguration#webFluxSupportConverter matched:
      - @ConditionalOnMissingBean (types: org.springdoc.core.converters.WebFluxSupportConverter; SearchStrategy: all) did not find any beans (OnBeanCondition)

   SpringDocConfiguration.WebConversionServiceConfiguration matched:
      - @ConditionalOnClass found required class 'org.springframework.boot.autoconfigure.web.format.WebConversionService' (OnClassCondition)

   SpringDocPageableConfiguration matched:
      - @ConditionalOnClass found required class 'org.springframework.data.domain.Pageable' (OnClassCondition)
      - @ConditionalOnWebApplication (required) found 'session' scope (OnWebApplicationCondition)
      - @ConditionalOnProperty (springdoc.api-docs.enabled) matched (OnPropertyCondition)
      - @ConditionalOnBean (types: org.springdoc.core.configuration.SpringDocConfiguration; SearchStrategy: all) found bean 'org.springdoc.core.configuration.SpringDocConfiguration' (OnBeanCondition)

   SpringDocPageableConfiguration#delegatingMethodParameterCustomizer matched:
      - @ConditionalOnMissingBean (types: org.springdoc.core.customizers.DelegatingMethodParameterCustomizer; SearchStrategy: all) did not find any beans (OnBeanCondition)

   SpringDocPageableConfiguration#pageOpenAPIConverter matched:
      - @ConditionalOnClass found required classes 'org.springframework.data.web.PagedModel', 'org.springframework.data.web.config.SpringDataWebSettings' (OnClassCondition)
      - @ConditionalOnMissingBean (types: org.springdoc.core.converters.PageOpenAPIConverter; SearchStrategy: all) did not find any beans (OnBeanCondition)

   SpringDocPageableConfiguration#pageableOpenAPIConverter matched:
      - @ConditionalOnProperty (springdoc.model-converters.pageable-converter.enabled) matched (OnPropertyCondition)
      - @ConditionalOnMissingBean (types: org.springdoc.core.converters.PageableOpenAPIConverter; SearchStrategy: all) did not find any beans (OnBeanCondition)

   SpringDocSecurityConfiguration matched:
      - @ConditionalOnClass found required class 'org.springframework.security.web.SecurityFilterChain' (OnClassCondition)
      - @ConditionalOnWebApplication (required) found 'session' scope (OnWebApplicationCondition)
      - @ConditionalOnExpression (#{${springdoc.api-docs.enabled:true} and ${springdoc.enable-spring-security:true}}) resulted in true (OnExpressionCondition)
      - @ConditionalOnBean (types: org.springdoc.core.configuration.SpringDocConfiguration; SearchStrategy: all) found bean 'org.springdoc.core.configuration.SpringDocConfiguration' (OnBeanCondition)

   SpringDocSecurityConfiguration.SpringSecurityLoginEndpointConfiguration matched:
      - @ConditionalOnClass found required class 'jakarta.servlet.Filter' (OnClassCondition)

   SpringDocSortConfiguration matched:
      - @ConditionalOnClass found required class 'org.springframework.data.domain.Sort' (OnClassCondition)
      - @ConditionalOnWebApplication (required) found 'session' scope (OnWebApplicationCondition)
      - @ConditionalOnProperty (springdoc.api-docs.enabled) matched (OnPropertyCondition)
      - @ConditionalOnBean (types: org.springdoc.core.configuration.SpringDocConfiguration; SearchStrategy: all) found bean 'org.springdoc.core.configuration.SpringDocConfiguration' (OnBeanCondition)

   SpringDocSortConfiguration#sortOpenAPIConverter matched:
      - @ConditionalOnProperty (springdoc.sort-converter.enabled) matched (OnPropertyCondition)
      - @ConditionalOnMissingBean (types: org.springdoc.core.converters.SortOpenAPIConverter; SearchStrategy: all) did not find any beans (OnBeanCondition)

   SpringDocUIConfiguration matched:
      - @ConditionalOnWebApplication (required) found 'session' scope (OnWebApplicationCondition)
      - @ConditionalOnBean (types: org.springdoc.core.configuration.SpringDocConfiguration; SearchStrategy: all) found bean 'org.springdoc.core.configuration.SpringDocConfiguration' (OnBeanCondition)

   SpringDocWebMvcConfiguration matched:
      - found 'session' scope (OnWebApplicationCondition)
      - @ConditionalOnProperty (springdoc.api-docs.enabled) matched (OnPropertyCondition)
      - @ConditionalOnBean (types: org.springdoc.core.configuration.SpringDocConfiguration; SearchStrategy: all) found bean 'org.springdoc.core.configuration.SpringDocConfiguration' (OnBeanCondition)

   SpringDocWebMvcConfiguration#openApiResource matched:
      - @ConditionalOnExpression (#{(${springdoc.use-management-port:false} == false ) and ${springdoc.enable-default-api-docs:true}}) resulted in true (OnExpressionCondition)
      - @ConditionalOnMissingBean (types: org.springdoc.webmvc.api.OpenApiWebMvcResource; SearchStrategy: all) did not find any beans (OnBeanCondition)

   SpringDocWebMvcConfiguration#requestBuilder matched:
      - @ConditionalOnMissingBean (types: org.springdoc.webmvc.core.service.RequestService; SearchStrategy: all) did not find any beans (OnBeanCondition)

   SpringDocWebMvcConfiguration#responseBuilder matched:
      - @ConditionalOnMissingBean (types: org.springdoc.core.service.GenericResponseService; SearchStrategy: all) did not find any beans (OnBeanCondition)

   SpringDocWebMvcConfiguration#springWebProvider matched:
      - @ConditionalOnMissingBean (types: org.springdoc.core.providers.SpringWebProvider; SearchStrategy: all) did not find any beans (OnBeanCondition)

   SpringDocWebMvcConfiguration.SpringDocWebMvcActuatorConfiguration matched:
      - @ConditionalOnClass found required class 'org.springframework.boot.actuate.endpoint.web.servlet.WebMvcEndpointHandlerMapping' (OnClassCondition)

   SpringDocWebMvcConfiguration.SpringDocWebMvcRouterConfiguration matched:
      - @ConditionalOnClass found required class 'org.springframework.web.servlet.function.RouterFunction' (OnClassCondition)

   SpringDocWebMvcConfiguration.SpringDocWebMvcRouterConfiguration#routerFunctionProvider matched:
      - @ConditionalOnMissingBean (types: org.springdoc.webmvc.core.providers.RouterFunctionWebMvcProvider; SearchStrategy: all) did not find any beans (OnBeanCondition)

   SqlInitializationAutoConfiguration matched:
      - @ConditionalOnProperty (spring.sql.init.enabled) matched (OnPropertyCondition)
      - NoneNestedConditions 0 matched 1 did not; NestedCondition on SqlInitializationAutoConfiguration.SqlInitializationModeCondition.ModeIsNever @ConditionalOnProperty (spring.sql.init.mode=never) did not find property 'mode' (SqlInitializationAutoConfiguration.SqlInitializationModeCondition)

   SslAutoConfiguration#sslBundleRegistry matched:
      - @ConditionalOnMissingBean (types: org.springframework.boot.ssl.SslBundleRegistry,org.springframework.boot.ssl.SslBundles; SearchStrategy: all) did not find any beans (OnBeanCondition)

   StartupTimeMetricsListenerAutoConfiguration matched:
      - @ConditionalOnClass found required class 'io.micrometer.core.instrument.MeterRegistry' (OnClassCondition)
      - @ConditionalOnBean (types: io.micrometer.core.instrument.MeterRegistry; SearchStrategy: all) found bean 'simpleMeterRegistry' (OnBeanCondition)

   StartupTimeMetricsListenerAutoConfiguration#startupTimeMetrics matched:
      - @ConditionalOnMissingBean (types: org.springframework.boot.actuate.metrics.startup.StartupTimeMetricsListener; SearchStrategy: all) did not find any beans (OnBeanCondition)

   SwaggerConfig matched:
      - found 'session' scope (OnWebApplicationCondition)
      - @ConditionalOnProperty (springdoc.swagger-ui.enabled) matched (OnPropertyCondition)
      - @ConditionalOnBean (types: org.springdoc.core.configuration.SpringDocConfiguration; SearchStrategy: all) found bean 'org.springdoc.core.configuration.SpringDocConfiguration' (OnBeanCondition)

   SwaggerConfig#indexPageTransformer matched:
      - @ConditionalOnMissingBean (types: org.springdoc.webmvc.ui.SwaggerIndexTransformer; SearchStrategy: all) did not find any beans (OnBeanCondition)

   SwaggerConfig#swaggerConfigResource matched:
      - @ConditionalOnProperty (springdoc.use-management-port=false) matched (OnPropertyCondition)
      - @ConditionalOnMissingBean (types: org.springdoc.webmvc.ui.SwaggerConfigResource; SearchStrategy: all) did not find any beans (OnBeanCondition)

   SwaggerConfig#swaggerResourceResolver matched:
      - @ConditionalOnMissingBean (types: org.springdoc.webmvc.ui.SwaggerResourceResolver; SearchStrategy: all) did not find any beans (OnBeanCondition)

   SwaggerConfig#swaggerWebMvcConfigurer matched:
      - @ConditionalOnMissingBean (types: org.springdoc.webmvc.ui.SwaggerWebMvcConfigurer; SearchStrategy: all) did not find any beans (OnBeanCondition)

   SwaggerConfig#swaggerWelcome matched:
      - @ConditionalOnProperty (springdoc.use-management-port=false) matched (OnPropertyCondition)
      - @ConditionalOnMissingBean (types: org.springdoc.webmvc.ui.SwaggerWelcomeWebMvc; SearchStrategy: all) did not find any beans (OnBeanCondition)

   SwaggerUiConfigParameters matched:
      - @ConditionalOnProperty (springdoc.swagger-ui.enabled) matched (OnPropertyCondition)
      - @ConditionalOnBean (types: org.springdoc.core.configuration.SpringDocConfiguration; SearchStrategy: all) found bean 'org.springdoc.core.configuration.SpringDocConfiguration' (OnBeanCondition)

   SwaggerUiConfigProperties matched:
      - @ConditionalOnProperty (springdoc.swagger-ui.enabled) matched (OnPropertyCondition)
      - @ConditionalOnBean (types: org.springdoc.core.configuration.SpringDocConfiguration; SearchStrategy: all) found bean 'org.springdoc.core.configuration.SpringDocConfiguration' (OnBeanCondition)

   SwaggerUiOAuthProperties matched:
      - @ConditionalOnProperty (springdoc.swagger-ui.enabled) matched (OnPropertyCondition)
      - @ConditionalOnBean (types: org.springdoc.core.configuration.SpringDocConfiguration; SearchStrategy: all) found bean 'org.springdoc.core.configuration.SpringDocConfiguration' (OnBeanCondition)

   SystemMetricsAutoConfiguration matched:
      - @ConditionalOnClass found required class 'io.micrometer.core.instrument.MeterRegistry' (OnClassCondition)
      - @ConditionalOnBean (types: io.micrometer.core.instrument.MeterRegistry; SearchStrategy: all) found bean 'simpleMeterRegistry' (OnBeanCondition)

   SystemMetricsAutoConfiguration#diskSpaceMetrics matched:
      - @ConditionalOnMissingBean (types: org.springframework.boot.actuate.metrics.system.DiskSpaceMetricsBinder; SearchStrategy: all) did not find any beans (OnBeanCondition)

   SystemMetricsAutoConfiguration#fileDescriptorMetrics matched:
      - @ConditionalOnMissingBean (types: io.micrometer.core.instrument.binder.system.FileDescriptorMetrics; SearchStrategy: all) did not find any beans (OnBeanCondition)

   SystemMetricsAutoConfiguration#processorMetrics matched:
      - @ConditionalOnMissingBean (types: io.micrometer.core.instrument.binder.system.ProcessorMetrics; SearchStrategy: all) did not find any beans (OnBeanCondition)

   SystemMetricsAutoConfiguration#uptimeMetrics matched:
      - @ConditionalOnMissingBean (types: io.micrometer.core.instrument.binder.system.UptimeMetrics; SearchStrategy: all) did not find any beans (OnBeanCondition)

   TaskExecutionAutoConfiguration matched:
      - @ConditionalOnClass found required class 'org.springframework.scheduling.concurrent.ThreadPoolTaskExecutor' (OnClassCondition)

   TaskExecutorConfigurations.SimpleAsyncTaskExecutorBuilderConfiguration#simpleAsyncTaskExecutorBuilder matched:
      - @ConditionalOnMissingBean (types: org.springframework.boot.task.SimpleAsyncTaskExecutorBuilder; SearchStrategy: all) did not find any beans (OnBeanCondition)
      - @ConditionalOnThreading found PLATFORM (OnThreadingCondition)

   TaskExecutorConfigurations.TaskExecutorBuilderConfiguration#taskExecutorBuilder matched:
      - @ConditionalOnMissingBean (types: org.springframework.boot.task.TaskExecutorBuilder; SearchStrategy: all) did not find any beans (OnBeanCondition)

   TaskExecutorConfigurations.TaskExecutorConfiguration matched:
      - @ConditionalOnMissingBean (types: java.util.concurrent.Executor; SearchStrategy: all) did not find any beans (OnBeanCondition)

   TaskExecutorConfigurations.TaskExecutorConfiguration#applicationTaskExecutor matched:
      - @ConditionalOnThreading found PLATFORM (OnThreadingCondition)

   TaskExecutorConfigurations.ThreadPoolTaskExecutorBuilderConfiguration#threadPoolTaskExecutorBuilder matched:
      - @ConditionalOnMissingBean (types: org.springframework.boot.task.TaskExecutorBuilder,org.springframework.boot.task.ThreadPoolTaskExecutorBuilder; SearchStrategy: all) did not find any beans (OnBeanCondition)

   TaskExecutorMetricsAutoConfiguration matched:
      - @ConditionalOnClass found required class 'io.micrometer.core.instrument.binder.jvm.ExecutorServiceMetrics' (OnClassCondition)
      - @ConditionalOnBean (types: java.util.concurrent.Executor,io.micrometer.core.instrument.MeterRegistry; SearchStrategy: all) found beans 'applicationTaskExecutor', 'simpleMeterRegistry', 'taskScheduler' (OnBeanCondition)

   TaskSchedulingAutoConfiguration matched:
      - @ConditionalOnClass found required class 'org.springframework.scheduling.concurrent.ThreadPoolTaskScheduler' (OnClassCondition)

   TaskSchedulingAutoConfiguration#scheduledBeanLazyInitializationExcludeFilter matched:
      - @ConditionalOnBean (names: org.springframework.context.annotation.internalScheduledAnnotationProcessor; SearchStrategy: all) found bean 'org.springframework.context.annotation.internalScheduledAnnotationProcessor' (OnBeanCondition)

   TaskSchedulingConfigurations.SimpleAsyncTaskSchedulerBuilderConfiguration#simpleAsyncTaskSchedulerBuilder matched:
      - @ConditionalOnMissingBean (types: org.springframework.boot.task.SimpleAsyncTaskSchedulerBuilder; SearchStrategy: all) did not find any beans (OnBeanCondition)
      - @ConditionalOnThreading found PLATFORM (OnThreadingCondition)

   TaskSchedulingConfigurations.TaskSchedulerBuilderConfiguration#taskSchedulerBuilder matched:
      - @ConditionalOnMissingBean (types: org.springframework.boot.task.TaskSchedulerBuilder; SearchStrategy: all) did not find any beans (OnBeanCondition)

   TaskSchedulingConfigurations.TaskSchedulerConfiguration matched:
      - @ConditionalOnBean (names: org.springframework.context.annotation.internalScheduledAnnotationProcessor; SearchStrategy: all) found bean 'org.springframework.context.annotation.internalScheduledAnnotationProcessor'; @ConditionalOnMissingBean (types: org.springframework.scheduling.TaskScheduler,java.util.concurrent.ScheduledExecutorService; SearchStrategy: all) did not find any beans (OnBeanCondition)

   TaskSchedulingConfigurations.TaskSchedulerConfiguration#taskScheduler matched:
      - @ConditionalOnThreading found PLATFORM (OnThreadingCondition)

   TaskSchedulingConfigurations.ThreadPoolTaskSchedulerBuilderConfiguration#threadPoolTaskSchedulerBuilder matched:
      - @ConditionalOnMissingBean (types: org.springframework.boot.task.TaskSchedulerBuilder,org.springframework.boot.task.ThreadPoolTaskSchedulerBuilder; SearchStrategy: all) did not find any beans (OnBeanCondition)

   TomcatMetricsAutoConfiguration matched:
      - @ConditionalOnClass found required classes 'io.micrometer.core.instrument.binder.tomcat.TomcatMetrics', 'org.apache.catalina.Manager' (OnClassCondition)
      - @ConditionalOnWebApplication (required) found 'session' scope (OnWebApplicationCondition)

   TomcatMetricsAutoConfiguration#tomcatMetricsBinder matched:
      - @ConditionalOnBean (types: io.micrometer.core.instrument.MeterRegistry; SearchStrategy: all) found bean 'simpleMeterRegistry'; @ConditionalOnMissingBean (types: io.micrometer.core.instrument.binder.tomcat.TomcatMetrics,org.springframework.boot.actuate.metrics.web.tomcat.TomcatMetricsBinder; SearchStrategy: all) did not find any beans (OnBeanCondition)

   TransactionAutoConfiguration matched:
      - @ConditionalOnClass found required class 'org.springframework.transaction.PlatformTransactionManager' (OnClassCondition)

   TransactionAutoConfiguration.EnableTransactionManagementConfiguration matched:
      - @ConditionalOnBean (types: org.springframework.transaction.TransactionManager; SearchStrategy: all) found bean 'transactionManager'; @ConditionalOnMissingBean (types: org.springframework.transaction.annotation.AbstractTransactionManagementConfiguration; SearchStrategy: all) did not find any beans (OnBeanCondition)

   TransactionAutoConfiguration.EnableTransactionManagementConfiguration.CglibAutoProxyConfiguration matched:
      - @ConditionalOnProperty (spring.aop.proxy-target-class=true) matched (OnPropertyCondition)

   TransactionAutoConfiguration.TransactionTemplateConfiguration matched:
      - @ConditionalOnSingleCandidate (types: org.springframework.transaction.PlatformTransactionManager; SearchStrategy: all) found a single bean 'transactionManager' (OnBeanCondition)

   TransactionAutoConfiguration.TransactionTemplateConfiguration#transactionTemplate matched:
      - @ConditionalOnMissingBean (types: org.springframework.transaction.support.TransactionOperations; SearchStrategy: all) did not find any beans (OnBeanCondition)

   TransactionManagerCustomizationAutoConfiguration matched:
      - @ConditionalOnClass found required class 'org.springframework.transaction.PlatformTransactionManager' (OnClassCondition)

   TransactionManagerCustomizationAutoConfiguration#platformTransactionManagerCustomizers matched:
      - @ConditionalOnMissingBean (types: org.springframework.boot.autoconfigure.transaction.TransactionManagerCustomizers; SearchStrategy: all) did not find any beans (OnBeanCondition)

   UserDetailsServiceAutoConfiguration matched:
      - @ConditionalOnClass found required class 'org.springframework.security.authentication.AuthenticationManager' (OnClassCondition)
      - AnyNestedCondition 1 matched 2 did not; NestedCondition on UserDetailsServiceAutoConfiguration.MissingAlternativeOrUserPropertiesConfigured.PasswordConfigured @ConditionalOnProperty (spring.security.user.password) did not find property 'password'; NestedCondition on UserDetailsServiceAutoConfiguration.MissingAlternativeOrUserPropertiesConfigured.NameConfigured @ConditionalOnProperty (spring.security.user.name) did not find property 'name'; NestedCondition on UserDetailsServiceAutoConfiguration.MissingAlternativeOrUserPropertiesConfigured.MissingAlternative @ConditionalOnMissingClass did not find unwanted classes 'org.springframework.security.oauth2.client.registration.ClientRegistrationRepository', 'org.springframework.security.oauth2.server.resource.introspection.OpaqueTokenIntrospector', 'org.springframework.security.saml2.provider.service.registration.RelyingPartyRegistrationRepository' (UserDetailsServiceAutoConfiguration.MissingAlternativeOrUserPropertiesConfigured)
      - @ConditionalOnBean (types: org.springframework.security.config.annotation.ObjectPostProcessor; SearchStrategy: all) found bean 'objectPostProcessor'; @ConditionalOnMissingBean (types: org.springframework.security.authentication.AuthenticationManager,org.springframework.security.authentication.AuthenticationProvider,org.springframework.security.core.userdetails.UserDetailsService,org.springframework.security.authentication.AuthenticationManagerResolver,org.springframework.security.oauth2.jwt.JwtDecoder; SearchStrategy: all) did not find any beans (OnBeanCondition)

   ValidationAutoConfiguration matched:
      - @ConditionalOnClass found required class 'jakarta.validation.executable.ExecutableValidator' (OnClassCondition)
      - @ConditionalOnResource found location classpath:META-INF/services/jakarta.validation.spi.ValidationProvider (OnResourceCondition)

   ValidationAutoConfiguration#defaultValidator matched:
      - @ConditionalOnMissingBean (types: jakarta.validation.Validator; SearchStrategy: all) did not find any beans (OnBeanCondition)

   ValidationAutoConfiguration#methodValidationPostProcessor matched:
      - @ConditionalOnMissingBean (types: org.springframework.validation.beanvalidation.MethodValidationPostProcessor; SearchStrategy: current) did not find any beans (OnBeanCondition)

   WebEndpointAutoConfiguration matched:
      - @ConditionalOnWebApplication (required) found 'session' scope (OnWebApplicationCondition)

   WebEndpointAutoConfiguration#controllerEndpointDiscoverer matched:
      - @ConditionalOnMissingBean (types: org.springframework.boot.actuate.endpoint.web.annotation.ControllerEndpointsSupplier; SearchStrategy: all) did not find any beans (OnBeanCondition)

   WebEndpointAutoConfiguration#endpointMediaTypes matched:
      - @ConditionalOnMissingBean (types: org.springframework.boot.actuate.endpoint.web.EndpointMediaTypes; SearchStrategy: all) did not find any beans (OnBeanCondition)

   WebEndpointAutoConfiguration#pathMappedEndpoints matched:
      - @ConditionalOnMissingBean (types: org.springframework.boot.actuate.endpoint.web.PathMappedEndpoints; SearchStrategy: all) did not find any beans (OnBeanCondition)

   WebEndpointAutoConfiguration#webEndpointDiscoverer matched:
      - @ConditionalOnMissingBean (types: org.springframework.boot.actuate.endpoint.web.WebEndpointsSupplier; SearchStrategy: all) did not find any beans (OnBeanCondition)

   WebEndpointAutoConfiguration.WebEndpointServletConfiguration matched:
      - found 'session' scope (OnWebApplicationCondition)

   WebEndpointAutoConfiguration.WebEndpointServletConfiguration#servletEndpointDiscoverer matched:
      - @ConditionalOnMissingBean (types: org.springframework.boot.actuate.endpoint.web.annotation.ServletEndpointsSupplier; SearchStrategy: all) did not find any beans (OnBeanCondition)

   WebMvcAutoConfiguration matched:
      - @ConditionalOnClass found required classes 'jakarta.servlet.Servlet', 'org.springframework.web.servlet.DispatcherServlet', 'org.springframework.web.servlet.config.annotation.WebMvcConfigurer' (OnClassCondition)
      - found 'session' scope (OnWebApplicationCondition)
      - @ConditionalOnMissingBean (types: org.springframework.web.servlet.config.annotation.WebMvcConfigurationSupport; SearchStrategy: all) did not find any beans (OnBeanCondition)

   WebMvcAutoConfiguration#formContentFilter matched:
      - @ConditionalOnProperty (spring.mvc.formcontent.filter.enabled) matched (OnPropertyCondition)
      - @ConditionalOnMissingBean (types: org.springframework.web.filter.FormContentFilter; SearchStrategy: all) did not find any beans (OnBeanCondition)

   WebMvcAutoConfiguration.EnableWebMvcConfiguration#flashMapManager matched:
      - @ConditionalOnMissingBean (names: flashMapManager; SearchStrategy: all) did not find any beans (OnBeanCondition)

   WebMvcAutoConfiguration.EnableWebMvcConfiguration#localeResolver matched:
      - @ConditionalOnMissingBean (names: localeResolver; SearchStrategy: all) did not find any beans (OnBeanCondition)

   WebMvcAutoConfiguration.EnableWebMvcConfiguration#themeResolver matched:
      - @ConditionalOnMissingBean (names: themeResolver; SearchStrategy: all) did not find any beans (OnBeanCondition)

   WebMvcAutoConfiguration.WebMvcAutoConfigurationAdapter#defaultViewResolver matched:
      - @ConditionalOnMissingBean (types: org.springframework.web.servlet.view.InternalResourceViewResolver; SearchStrategy: all) did not find any beans (OnBeanCondition)

   WebMvcAutoConfiguration.WebMvcAutoConfigurationAdapter#requestContextFilter matched:
      - @ConditionalOnMissingBean (types: org.springframework.web.context.request.RequestContextListener,org.springframework.web.filter.RequestContextFilter; SearchStrategy: all) did not find any beans (OnBeanCondition)

   WebMvcAutoConfiguration.WebMvcAutoConfigurationAdapter#viewResolver matched:
      - @ConditionalOnBean (types: org.springframework.web.servlet.ViewResolver; SearchStrategy: all) found beans 'defaultViewResolver', 'beanNameViewResolver', 'mvcViewResolver'; @ConditionalOnMissingBean (names: viewResolver types: org.springframework.web.servlet.view.ContentNegotiatingViewResolver; SearchStrategy: all) did not find any beans (OnBeanCondition)

   WebMvcEndpointManagementContextConfiguration matched:
      - @ConditionalOnClass found required class 'org.springframework.web.servlet.DispatcherServlet' (OnClassCondition)
      - found 'session' scope (OnWebApplicationCondition)
      - @ConditionalOnBean (types: org.springframework.web.servlet.DispatcherServlet,org.springframework.boot.actuate.endpoint.web.WebEndpointsSupplier; SearchStrategy: all) found beans 'webEndpointDiscoverer', 'dispatcherServlet' (OnBeanCondition)

   WebMvcEndpointManagementContextConfiguration#controllerEndpointHandlerMapping matched:
      - @ConditionalOnMissingBean (types: org.springframework.boot.actuate.endpoint.web.servlet.ControllerEndpointHandlerMapping; SearchStrategy: all) did not find any beans (OnBeanCondition)

   WebMvcEndpointManagementContextConfiguration#endpointObjectMapperWebMvcConfigurer matched:
      - @ConditionalOnBean (types: org.springframework.boot.actuate.endpoint.jackson.EndpointObjectMapper; SearchStrategy: all) found bean 'endpointObjectMapper' (OnBeanCondition)

   WebMvcEndpointManagementContextConfiguration#webEndpointServletHandlerMapping matched:
      - @ConditionalOnMissingBean (types: org.springframework.boot.actuate.endpoint.web.servlet.WebMvcEndpointHandlerMapping; SearchStrategy: all) did not find any beans (OnBeanCondition)

   WebMvcObservationAutoConfiguration matched:
      - @ConditionalOnClass found required classes 'org.springframework.web.servlet.DispatcherServlet', 'io.micrometer.observation.Observation' (OnClassCondition)
      - found 'session' scope (OnWebApplicationCondition)
      - @ConditionalOnBean (types: io.micrometer.observation.ObservationRegistry; SearchStrategy: all) found bean 'observationRegistry' (OnBeanCondition)

   WebMvcObservationAutoConfiguration#webMvcObservationFilter matched:
      - @ConditionalOnMissingBean (types: org.springframework.web.filter.ServerHttpObservationFilter; SearchStrategy: all) did not find any beans (OnBeanCondition)

   WebMvcObservationAutoConfiguration.MeterFilterConfiguration matched:
      - @ConditionalOnClass found required class 'io.micrometer.core.instrument.MeterRegistry' (OnClassCondition)
      - @ConditionalOnBean (types: io.micrometer.core.instrument.MeterRegistry; SearchStrategy: all) found bean 'simpleMeterRegistry' (OnBeanCondition)

   WebSocketMessagingAutoConfiguration matched:
      - @ConditionalOnClass found required class 'org.springframework.web.socket.config.annotation.WebSocketMessageBrokerConfigurer' (OnClassCondition)
      - found 'session' scope (OnWebApplicationCondition)

   WebSocketServletAutoConfiguration matched:
      - @ConditionalOnClass found required classes 'jakarta.servlet.Servlet', 'jakarta.websocket.server.ServerContainer' (OnClassCondition)
      - found 'session' scope (OnWebApplicationCondition)

   WebSocketServletAutoConfiguration.TomcatWebSocketConfiguration matched:
      - @ConditionalOnClass found required classes 'org.apache.catalina.startup.Tomcat', 'org.apache.tomcat.websocket.server.WsSci' (OnClassCondition)

   WebSocketServletAutoConfiguration.TomcatWebSocketConfiguration#websocketServletWebServerCustomizer matched:
      - @ConditionalOnMissingBean (names: websocketServletWebServerCustomizer; SearchStrategy: all) did not find any beans (OnBeanCondition)


Negative matches:
-----------------

   ActiveMQAutoConfiguration:
      Did not match:
         - @ConditionalOnClass did not find required class 'jakarta.jms.ConnectionFactory' (OnClassCondition)

   AopAutoConfiguration.AspectJAutoProxyingConfiguration.JdkDynamicAutoProxyConfiguration:
      Did not match:
         - @ConditionalOnProperty (spring.aop.proxy-target-class=false) did not find property 'proxy-target-class' (OnPropertyCondition)

   AopAutoConfiguration.ClassProxyingConfiguration:
      Did not match:
         - @ConditionalOnMissingClass found unwanted class 'org.aspectj.weaver.Advice' (OnClassCondition)

   AppOpticsMetricsExportAutoConfiguration:
      Did not match:
         - @ConditionalOnClass did not find required class 'io.micrometer.appoptics.AppOpticsMeterRegistry' (OnClassCondition)

   ArtemisAutoConfiguration:
      Did not match:
         - @ConditionalOnClass did not find required class 'jakarta.jms.ConnectionFactory' (OnClassCondition)

   AtlasMetricsExportAutoConfiguration:
      Did not match:
         - @ConditionalOnClass did not find required class 'io.micrometer.atlas.AtlasMeterRegistry' (OnClassCondition)

   AuditAutoConfiguration:
      Did not match:
         - @ConditionalOnBean (types: org.springframework.boot.actuate.audit.AuditEventRepository; SearchStrategy: all) did not find any beans of type org.springframework.boot.actuate.audit.AuditEventRepository (OnBeanCondition)
      Matched:
         - @ConditionalOnProperty (management.auditevents.enabled) matched (OnPropertyCondition)

   AuditEventsEndpointAutoConfiguration:
      Did not match:
         - @ConditionalOnAvailableEndpoint no 'management.endpoints' property marked it as exposed (OnAvailableEndpointCondition)

   AvailabilityHealthContributorAutoConfiguration#livenessStateHealthIndicator:
      Did not match:
         - @ConditionalOnProperty (management.health.livenessstate.enabled=true) did not find property 'enabled' (OnPropertyCondition)

   AvailabilityHealthContributorAutoConfiguration#readinessStateHealthIndicator:
      Did not match:
         - @ConditionalOnProperty (management.health.readinessstate.enabled=true) did not find property 'enabled' (OnPropertyCondition)

   BatchAutoConfiguration:
      Did not match:
         - @ConditionalOnClass did not find required class 'org.springframework.batch.core.launch.JobLauncher' (OnClassCondition)

   BatchObservationAutoConfiguration:
      Did not match:
         - @ConditionalOnClass did not find required class 'org.springframework.batch.core.configuration.annotation.BatchObservabilityBeanPostProcessor' (OnClassCondition)

   BeansEndpointAutoConfiguration:
      Did not match:
         - @ConditionalOnAvailableEndpoint no 'management.endpoints' property marked it as exposed (OnAvailableEndpointCondition)

   BraveAutoConfiguration:
      Did not match:
         - @ConditionalOnClass did not find required class 'brave.Tracer' (OnClassCondition)

   Cache2kCacheConfiguration:
      Did not match:
         - @ConditionalOnClass did not find required class 'org.cache2k.Cache2kBuilder' (OnClassCondition)

   CacheAutoConfiguration:
      Did not match:
         - @ConditionalOnBean (types: org.springframework.cache.interceptor.CacheAspectSupport; SearchStrategy: all) did not find any beans of type org.springframework.cache.interceptor.CacheAspectSupport (OnBeanCondition)
      Matched:
         - @ConditionalOnClass found required class 'org.springframework.cache.CacheManager' (OnClassCondition)

   CacheAutoConfiguration.CacheManagerEntityManagerFactoryDependsOnPostProcessor:
      Did not match:
         - Ancestor org.springframework.boot.autoconfigure.cache.CacheAutoConfiguration did not match (ConditionEvaluationReport.AncestorsMatchedCondition)
      Matched:
         - @ConditionalOnClass found required class 'org.springframework.orm.jpa.LocalContainerEntityManagerFactoryBean' (OnClassCondition)

   CacheMeterBinderProvidersConfiguration.Cache2kCacheMeterBinderProviderConfiguration:
      Did not match:
         - @ConditionalOnClass did not find required classes 'org.cache2k.Cache2kBuilder', 'org.cache2k.extra.spring.SpringCache2kCache', 'org.cache2k.extra.micrometer.Cache2kCacheMetrics' (OnClassCondition)

   CacheMeterBinderProvidersConfiguration.CaffeineCacheMeterBinderProviderConfiguration:
      Did not match:
         - @ConditionalOnClass did not find required class 'com.github.benmanes.caffeine.cache.Cache' (OnClassCondition)

   CacheMeterBinderProvidersConfiguration.HazelcastCacheMeterBinderProviderConfiguration:
      Did not match:
         - @ConditionalOnClass did not find required classes 'com.hazelcast.spring.cache.HazelcastCache', 'com.hazelcast.core.Hazelcast' (OnClassCondition)

   CacheMeterBinderProvidersConfiguration.JCacheCacheMeterBinderProviderConfiguration:
      Did not match:
         - @ConditionalOnClass did not find required class 'javax.cache.CacheManager' (OnClassCondition)

   CacheMetricsAutoConfiguration:
      Did not match:
         - @ConditionalOnBean (types: org.springframework.cache.CacheManager; SearchStrategy: all) did not find any beans of type org.springframework.cache.CacheManager (OnBeanCondition)

   CachesEndpointAutoConfiguration:
      Did not match:
         - @ConditionalOnAvailableEndpoint no 'management.endpoints' property marked it as exposed (OnAvailableEndpointCondition)
      Matched:
         - @ConditionalOnClass found required class 'org.springframework.cache.CacheManager' (OnClassCondition)

   CaffeineCacheConfiguration:
      Did not match:
         - @ConditionalOnClass did not find required class 'com.github.benmanes.caffeine.cache.Caffeine' (OnClassCondition)

   CassandraAutoConfiguration:
      Did not match:
         - @ConditionalOnClass did not find required class 'com.datastax.oss.driver.api.core.CqlSession' (OnClassCondition)

   CassandraDataAutoConfiguration:
      Did not match:
         - @ConditionalOnClass did not find required class 'com.datastax.oss.driver.api.core.CqlSession' (OnClassCondition)

   CassandraHealthContributorAutoConfiguration:
      Did not match:
         - @ConditionalOnClass did not find required class 'com.datastax.oss.driver.api.core.CqlSession' (OnClassCondition)

   CassandraReactiveDataAutoConfiguration:
      Did not match:
         - @ConditionalOnClass did not find required class 'com.datastax.oss.driver.api.core.CqlSession' (OnClassCondition)

   CassandraReactiveHealthContributorAutoConfiguration:
      Did not match:
         - @ConditionalOnClass did not find required class 'com.datastax.oss.driver.api.core.CqlSession' (OnClassCondition)

   CassandraReactiveRepositoriesAutoConfiguration:
      Did not match:
         - @ConditionalOnClass did not find required class 'org.springframework.data.cassandra.ReactiveSession' (OnClassCondition)

   CassandraRepositoriesAutoConfiguration:
      Did not match:
         - @ConditionalOnClass did not find required class 'com.datastax.oss.driver.api.core.CqlSession' (OnClassCondition)

   ClientHttpConnectorAutoConfiguration:
      Did not match:
         - @ConditionalOnClass did not find required class 'org.springframework.web.reactive.function.client.WebClient' (OnClassCondition)

   CloudFoundryActuatorAutoConfiguration:
      Did not match:
         - @ConditionalOnCloudPlatform did not find CLOUD_FOUNDRY (OnCloudPlatformCondition)
      Matched:
         - @ConditionalOnClass found required class 'org.springframework.web.servlet.DispatcherServlet' (OnClassCondition)
         - found 'session' scope (OnWebApplicationCondition)
         - @ConditionalOnProperty (management.cloudfoundry.enabled) matched (OnPropertyCondition)

   CodecsAutoConfiguration:
      Did not match:
         - @ConditionalOnClass did not find required class 'org.springframework.web.reactive.function.client.WebClient' (OnClassCondition)

   CompositeMeterRegistryConfiguration:
      Did not match:
         - NoneNestedConditions 1 matched 1 did not; NestedCondition on CompositeMeterRegistryConfiguration.MultipleNonPrimaryMeterRegistriesCondition.SingleInjectableMeterRegistry @ConditionalOnSingleCandidate (types: io.micrometer.core.instrument.MeterRegistry; SearchStrategy: all) found a single bean 'simpleMeterRegistry'; NestedCondition on CompositeMeterRegistryConfiguration.MultipleNonPrimaryMeterRegistriesCondition.NoMeterRegistryCondition @ConditionalOnMissingBean (types: io.micrometer.core.instrument.MeterRegistry; SearchStrategy: all) found beans of type 'io.micrometer.core.instrument.MeterRegistry' simpleMeterRegistry (CompositeMeterRegistryConfiguration.MultipleNonPrimaryMeterRegistriesCondition)

   ConditionsReportEndpointAutoConfiguration:
      Did not match:
         - @ConditionalOnAvailableEndpoint no 'management.endpoints' property marked it as exposed (OnAvailableEndpointCondition)

   ConfigurationPropertiesReportEndpointAutoConfiguration:
      Did not match:
         - @ConditionalOnAvailableEndpoint no 'management.endpoints' property marked it as exposed (OnAvailableEndpointCondition)

   ConnectionFactoryHealthContributorAutoConfiguration:
      Did not match:
         - @ConditionalOnClass did not find required class 'io.r2dbc.spi.ConnectionFactory' (OnClassCondition)

   ConnectionPoolMetricsAutoConfiguration:
      Did not match:
         - @ConditionalOnClass did not find required class 'io.r2dbc.pool.ConnectionPool' (OnClassCondition)

   CouchbaseAutoConfiguration:
      Did not match:
         - @ConditionalOnClass did not find required class 'com.couchbase.client.java.Cluster' (OnClassCondition)

   CouchbaseCacheConfiguration:
      Did not match:
         - @ConditionalOnClass did not find required class 'com.couchbase.client.java.Cluster' (OnClassCondition)

   CouchbaseDataAutoConfiguration:
      Did not match:
         - @ConditionalOnClass did not find required class 'com.couchbase.client.java.Bucket' (OnClassCondition)

   CouchbaseHealthContributorAutoConfiguration:
      Did not match:
         - @ConditionalOnClass did not find required class 'com.couchbase.client.java.Cluster' (OnClassCondition)

   CouchbaseReactiveDataAutoConfiguration:
      Did not match:
         - @ConditionalOnClass did not find required class 'com.couchbase.client.java.Cluster' (OnClassCondition)

   CouchbaseReactiveHealthContributorAutoConfiguration:
      Did not match:
         - @ConditionalOnClass did not find required class 'com.couchbase.client.java.Cluster' (OnClassCondition)

   CouchbaseReactiveRepositoriesAutoConfiguration:
      Did not match:
         - @ConditionalOnClass did not find required class 'com.couchbase.client.java.Cluster' (OnClassCondition)

   CouchbaseRepositoriesAutoConfiguration:
      Did not match:
         - @ConditionalOnClass did not find required class 'com.couchbase.client.java.Bucket' (OnClassCondition)

   DataSourceAutoConfiguration.EmbeddedDatabaseConfiguration:
      Did not match:
         - EmbeddedDataSource spring.datasource.url is set (DataSourceAutoConfiguration.EmbeddedDatabaseCondition)

   DataSourceCheckpointRestoreConfiguration:
      Did not match:
         - @ConditionalOnClass did not find required class 'org.crac.Resource' (OnClassCondition)

   DataSourceConfiguration.Dbcp2:
      Did not match:
         - @ConditionalOnClass did not find required class 'org.apache.commons.dbcp2.BasicDataSource' (OnClassCondition)

   DataSourceConfiguration.Generic:
      Did not match:
         - @ConditionalOnProperty (spring.datasource.type) did not find property 'spring.datasource.type' (OnPropertyCondition)

   DataSourceConfiguration.OracleUcp:
      Did not match:
         - @ConditionalOnClass did not find required classes 'oracle.ucp.jdbc.PoolDataSourceImpl', 'oracle.jdbc.OracleConnection' (OnClassCondition)

   DataSourceConfiguration.Tomcat:
      Did not match:
         - @ConditionalOnClass did not find required class 'org.apache.tomcat.jdbc.pool.DataSource' (OnClassCondition)

   DataSourceJmxConfiguration.TomcatDataSourceJmxConfiguration:
      Did not match:
         - @ConditionalOnClass did not find required class 'org.apache.tomcat.jdbc.pool.DataSourceProxy' (OnClassCondition)

   DataSourcePoolMetadataProvidersConfiguration.CommonsDbcp2PoolDataSourceMetadataProviderConfiguration:
      Did not match:
         - @ConditionalOnClass did not find required class 'org.apache.commons.dbcp2.BasicDataSource' (OnClassCondition)

   DataSourcePoolMetadataProvidersConfiguration.OracleUcpPoolDataSourceMetadataProviderConfiguration:
      Did not match:
         - @ConditionalOnClass did not find required classes 'oracle.ucp.jdbc.PoolDataSource', 'oracle.jdbc.OracleConnection' (OnClassCondition)

   DataSourcePoolMetadataProvidersConfiguration.TomcatDataSourcePoolMetadataProviderConfiguration:
      Did not match:
         - @ConditionalOnClass did not find required class 'org.apache.tomcat.jdbc.pool.DataSource' (OnClassCondition)

   DataSourceTransactionManagerAutoConfiguration.JdbcTransactionManagerConfiguration#transactionManager:
      Did not match:
         - @ConditionalOnMissingBean (types: org.springframework.transaction.TransactionManager; SearchStrategy: all) found beans of type 'org.springframework.transaction.TransactionManager' transactionManager (OnBeanCondition)

   DatadogMetricsExportAutoConfiguration:
      Did not match:
         - @ConditionalOnClass did not find required class 'io.micrometer.datadog.DatadogMeterRegistry' (OnClassCondition)

   DispatcherServletAutoConfiguration.DispatcherServletConfiguration#multipartResolver:
      Did not match:
         - @ConditionalOnBean (types: org.springframework.web.multipart.MultipartResolver; SearchStrategy: all) did not find any beans of type org.springframework.web.multipart.MultipartResolver (OnBeanCondition)

   DynatraceMetricsExportAutoConfiguration:
      Did not match:
         - @ConditionalOnClass did not find required class 'io.micrometer.dynatrace.DynatraceMeterRegistry' (OnClassCondition)

   ElasticMetricsExportAutoConfiguration:
      Did not match:
         - @ConditionalOnClass did not find required class 'io.micrometer.elastic.ElasticMeterRegistry' (OnClassCondition)

   ElasticsearchClientAutoConfiguration:
      Did not match:
         - @ConditionalOnClass did not find required class 'co.elastic.clients.elasticsearch.ElasticsearchClient' (OnClassCondition)

   ElasticsearchDataAutoConfiguration:
      Did not match:
         - @ConditionalOnClass did not find required class 'org.springframework.data.elasticsearch.client.elc.ElasticsearchTemplate' (OnClassCondition)

   ElasticsearchReactiveHealthContributorAutoConfiguration:
      Did not match:
         - @ConditionalOnClass did not find required class 'org.springframework.data.elasticsearch.client.elc.ReactiveElasticsearchClient' (OnClassCondition)

   ElasticsearchRepositoriesAutoConfiguration:
      Did not match:
         - @ConditionalOnClass did not find required class 'org.springframework.data.elasticsearch.repository.ElasticsearchRepository' (OnClassCondition)

   ElasticsearchRestClientAutoConfiguration:
      Did not match:
         - @ConditionalOnClass did not find required class 'org.elasticsearch.client.RestClientBuilder' (OnClassCondition)

   ElasticsearchRestHealthContributorAutoConfiguration:
      Did not match:
         - @ConditionalOnClass did not find required class 'org.elasticsearch.client.RestClient' (OnClassCondition)

   EmbeddedLdapAutoConfiguration:
      Did not match:
         - @ConditionalOnClass did not find required class 'com.unboundid.ldap.listener.InMemoryDirectoryServer' (OnClassCondition)

   EmbeddedWebServerFactoryCustomizerAutoConfiguration.JettyWebServerFactoryCustomizerConfiguration:
      Did not match:
         - @ConditionalOnClass did not find required classes 'org.eclipse.jetty.server.Server', 'org.eclipse.jetty.util.Loader', 'org.eclipse.jetty.ee10.webapp.WebAppContext' (OnClassCondition)

   EmbeddedWebServerFactoryCustomizerAutoConfiguration.NettyWebServerFactoryCustomizerConfiguration:
      Did not match:
         - @ConditionalOnClass did not find required class 'reactor.netty.http.server.HttpServer' (OnClassCondition)

   EmbeddedWebServerFactoryCustomizerAutoConfiguration.TomcatWebServerFactoryCustomizerConfiguration#tomcatVirtualThreadsProtocolHandlerCustomizer:
      Did not match:
         - @ConditionalOnThreading did not find VIRTUAL (OnThreadingCondition)

   EmbeddedWebServerFactoryCustomizerAutoConfiguration.UndertowWebServerFactoryCustomizerConfiguration:
      Did not match:
         - @ConditionalOnClass did not find required classes 'io.undertow.Undertow', 'org.xnio.SslClientAuthMode' (OnClassCondition)

   EnvironmentEndpointAutoConfiguration:
      Did not match:
         - @ConditionalOnAvailableEndpoint no 'management.endpoints' property marked it as exposed (OnAvailableEndpointCondition)

   ErrorWebFluxAutoConfiguration:
      Did not match:
         - @ConditionalOnClass did not find required class 'org.springframework.web.reactive.config.WebFluxConfigurer' (OnClassCondition)

   FlywayAutoConfiguration:
      Did not match:
         - @ConditionalOnClass did not find required class 'org.flywaydb.core.Flyway' (OnClassCondition)

   FlywayEndpointAutoConfiguration:
      Did not match:
         - @ConditionalOnClass did not find required class 'org.flywaydb.core.Flyway' (OnClassCondition)

   FreeMarkerAutoConfiguration:
      Did not match:
         - @ConditionalOnClass did not find required class 'freemarker.template.Configuration' (OnClassCondition)

   GangliaMetricsExportAutoConfiguration:
      Did not match:
         - @ConditionalOnClass did not find required class 'io.micrometer.ganglia.GangliaMeterRegistry' (OnClassCondition)

   GraphQlAutoConfiguration:
      Did not match:
         - @ConditionalOnClass did not find required class 'graphql.GraphQL' (OnClassCondition)

   GraphQlObservationAutoConfiguration:
      Did not match:
         - @ConditionalOnClass did not find required class 'graphql.GraphQL' (OnClassCondition)

   GraphQlQueryByExampleAutoConfiguration:
      Did not match:
         - @ConditionalOnClass did not find required class 'graphql.GraphQL' (OnClassCondition)

   GraphQlQuerydslAutoConfiguration:
      Did not match:
         - @ConditionalOnClass did not find required class 'com.querydsl.core.Query' (OnClassCondition)

   GraphQlRSocketAutoConfiguration:
      Did not match:
         - @ConditionalOnClass did not find required class 'graphql.GraphQL' (OnClassCondition)

   GraphQlReactiveQueryByExampleAutoConfiguration:
      Did not match:
         - @ConditionalOnClass did not find required class 'graphql.GraphQL' (OnClassCondition)

   GraphQlReactiveQuerydslAutoConfiguration:
      Did not match:
         - @ConditionalOnClass did not find required class 'com.querydsl.core.Query' (OnClassCondition)

   GraphQlWebFluxAutoConfiguration:
      Did not match:
         - @ConditionalOnClass did not find required class 'graphql.GraphQL' (OnClassCondition)

   GraphQlWebFluxSecurityAutoConfiguration:
      Did not match:
         - @ConditionalOnClass did not find required class 'graphql.GraphQL' (OnClassCondition)

   GraphQlWebMvcAutoConfiguration:
      Did not match:
         - @ConditionalOnClass did not find required class 'graphql.GraphQL' (OnClassCondition)

   GraphQlWebMvcSecurityAutoConfiguration:
      Did not match:
         - @ConditionalOnClass did not find required class 'graphql.GraphQL' (OnClassCondition)

   GraphiteMetricsExportAutoConfiguration:
      Did not match:
         - @ConditionalOnClass did not find required class 'io.micrometer.graphite.GraphiteMeterRegistry' (OnClassCondition)

   GroovyTemplateAutoConfiguration:
      Did not match:
         - @ConditionalOnClass did not find required class 'groovy.text.markup.MarkupTemplateEngine' (OnClassCondition)

   GsonAutoConfiguration:
      Did not match:
         - @ConditionalOnClass did not find required class 'com.google.gson.Gson' (OnClassCondition)

   GsonHttpMessageConvertersConfiguration:
      Did not match:
         - @ConditionalOnClass did not find required class 'com.google.gson.Gson' (OnClassCondition)

   H2ConsoleAutoConfiguration:
      Did not match:
         - @ConditionalOnClass did not find required class 'org.h2.server.web.JakartaWebServlet' (OnClassCondition)

   HazelcastAutoConfiguration:
      Did not match:
         - @ConditionalOnClass did not find required class 'com.hazelcast.core.HazelcastInstance' (OnClassCondition)

   HazelcastCacheConfiguration:
      Did not match:
         - @ConditionalOnClass did not find required class 'com.hazelcast.core.HazelcastInstance' (OnClassCondition)

   HazelcastHealthContributorAutoConfiguration:
      Did not match:
         - @ConditionalOnClass did not find required class 'com.hazelcast.core.HazelcastInstance' (OnClassCondition)

   HazelcastJpaDependencyAutoConfiguration:
      Did not match:
         - @ConditionalOnClass did not find required class 'com.hazelcast.core.HazelcastInstance' (OnClassCondition)

   HealthEndpointReactiveWebExtensionConfiguration:
      Did not match:
         - did not find reactive web application classes (OnWebApplicationCondition)

   HealthEndpointWebExtensionConfiguration.JerseyAdditionalHealthEndpointPathsConfiguration:
      Did not match:
         - @ConditionalOnClass did not find required class 'org.glassfish.jersey.server.ResourceConfig' (OnClassCondition)

   HeapDumpWebEndpointAutoConfiguration:
      Did not match:
         - @ConditionalOnAvailableEndpoint no 'management.endpoints' property marked it as exposed (OnAvailableEndpointCondition)

   HibernateMetricsAutoConfiguration:
      Did not match:
         - @ConditionalOnClass did not find required class 'org.hibernate.stat.HibernateMetrics' (OnClassCondition)

   HttpExchangesAutoConfiguration:
      Did not match:
         - @ConditionalOnBean (types: org.springframework.boot.actuate.web.exchanges.HttpExchangeRepository; SearchStrategy: all) did not find any beans of type org.springframework.boot.actuate.web.exchanges.HttpExchangeRepository (OnBeanCondition)
      Matched:
         - @ConditionalOnWebApplication (required) found 'session' scope (OnWebApplicationCondition)
         - @ConditionalOnProperty (management.httpexchanges.recording.enabled) matched (OnPropertyCondition)

   HttpExchangesAutoConfiguration.ReactiveHttpExchangesConfiguration:
      Did not match:
         - did not find reactive web application classes (OnWebApplicationCondition)
         - Ancestor org.springframework.boot.actuate.autoconfigure.web.exchanges.HttpExchangesAutoConfiguration did not match (ConditionEvaluationReport.AncestorsMatchedCondition)

   HttpExchangesAutoConfiguration.ServletHttpExchangesConfiguration:
      Did not match:
         - Ancestor org.springframework.boot.actuate.autoconfigure.web.exchanges.HttpExchangesAutoConfiguration did not match (ConditionEvaluationReport.AncestorsMatchedCondition)
      Matched:
         - found 'session' scope (OnWebApplicationCondition)

   HttpExchangesEndpointAutoConfiguration:
      Did not match:
         - @ConditionalOnAvailableEndpoint no 'management.endpoints' property marked it as exposed (OnAvailableEndpointCondition)

   HttpHandlerAutoConfiguration:
      Did not match:
         - @ConditionalOnClass did not find required class 'org.springframework.web.reactive.DispatcherHandler' (OnClassCondition)

   HumioMetricsExportAutoConfiguration:
      Did not match:
         - @ConditionalOnClass did not find required class 'io.micrometer.humio.HumioMeterRegistry' (OnClassCondition)

   HypermediaAutoConfiguration:
      Did not match:
         - @ConditionalOnClass did not find required class 'org.springframework.hateoas.EntityModel' (OnClassCondition)

   InfinispanCacheConfiguration:
      Did not match:
         - @ConditionalOnClass did not find required class 'org.infinispan.spring.embedded.provider.SpringEmbeddedCacheManager' (OnClassCondition)

   InfluxDbAutoConfiguration:
      Did not match:
         - @ConditionalOnClass did not find required class 'org.influxdb.InfluxDB' (OnClassCondition)

   InfluxDbHealthContributorAutoConfiguration:
      Did not match:
         - @ConditionalOnClass did not find required class 'org.influxdb.InfluxDB' (OnClassCondition)

   InfluxMetricsExportAutoConfiguration:
      Did not match:
         - @ConditionalOnClass did not find required class 'io.micrometer.influx.InfluxMeterRegistry' (OnClassCondition)

   InfoContributorAutoConfiguration#buildInfoContributor:
      Did not match:
         - @ConditionalOnSingleCandidate (types: org.springframework.boot.info.BuildProperties; SearchStrategy: all) did not find any beans (OnBeanCondition)
      Matched:
         - @ConditionalOnEnabledInfoContributor management.info.defaults.enabled is considered true (OnEnabledInfoContributorCondition)

   InfoContributorAutoConfiguration#envInfoContributor:
      Did not match:
         - @ConditionalOnEnabledInfoContributor management.info.env.enabled is not true (OnEnabledInfoContributorCondition)

   InfoContributorAutoConfiguration#gitInfoContributor:
      Did not match:
         - @ConditionalOnSingleCandidate (types: org.springframework.boot.info.GitProperties; SearchStrategy: all) did not find any beans (OnBeanCondition)
      Matched:
         - @ConditionalOnEnabledInfoContributor management.info.defaults.enabled is considered true (OnEnabledInfoContributorCondition)

   InfoContributorAutoConfiguration#javaInfoContributor:
      Did not match:
         - @ConditionalOnEnabledInfoContributor management.info.java.enabled is not true (OnEnabledInfoContributorCondition)

   InfoContributorAutoConfiguration#osInfoContributor:
      Did not match:
         - @ConditionalOnEnabledInfoContributor management.info.os.enabled is not true (OnEnabledInfoContributorCondition)

   InfoContributorAutoConfiguration#processInfoContributor:
      Did not match:
         - @ConditionalOnEnabledInfoContributor management.info.process.enabled is not true (OnEnabledInfoContributorCondition)

   IntegrationAutoConfiguration:
      Did not match:
         - @ConditionalOnClass did not find required class 'org.springframework.integration.config.EnableIntegration' (OnClassCondition)

   IntegrationGraphEndpointAutoConfiguration:
      Did not match:
         - @ConditionalOnClass did not find required class 'org.springframework.integration.graph.IntegrationGraphServer' (OnClassCondition)

   JCacheCacheConfiguration:
      Did not match:
         - @ConditionalOnClass did not find required class 'javax.cache.Caching' (OnClassCondition)

   JacksonHttpMessageConvertersConfiguration.MappingJackson2XmlHttpMessageConverterConfiguration:
      Did not match:
         - @ConditionalOnClass did not find required class 'com.fasterxml.jackson.dataformat.xml.XmlMapper' (OnClassCondition)

   JdbcRepositoriesAutoConfiguration:
      Did not match:
         - @ConditionalOnClass did not find required class 'org.springframework.data.jdbc.repository.config.AbstractJdbcConfiguration' (OnClassCondition)

   JedisConnectionConfiguration:
      Did not match:
         - @ConditionalOnClass did not find required classes 'org.apache.commons.pool2.impl.GenericObjectPool', 'redis.clients.jedis.Jedis' (OnClassCondition)

   JerseyAutoConfiguration:
      Did not match:
         - @ConditionalOnClass did not find required class 'org.glassfish.jersey.server.spring.SpringComponentProvider' (OnClassCondition)

   JerseySameManagementContextConfiguration:
      Did not match:
         - @ConditionalOnClass did not find required class 'org.glassfish.jersey.server.ResourceConfig' (OnClassCondition)

   JerseyServerMetricsAutoConfiguration:
      Did not match:
         - @ConditionalOnClass did not find required class 'org.glassfish.jersey.micrometer.server.ObservationApplicationEventListener' (OnClassCondition)

   JerseyWebEndpointManagementContextConfiguration:
      Did not match:
         - @ConditionalOnClass did not find required class 'org.glassfish.jersey.server.ResourceConfig' (OnClassCondition)

   JettyMetricsAutoConfiguration:
      Did not match:
         - @ConditionalOnClass did not find required class 'org.eclipse.jetty.server.Server' (OnClassCondition)

   JmsAutoConfiguration:
      Did not match:
         - @ConditionalOnClass did not find required class 'jakarta.jms.Message' (OnClassCondition)

   JmsHealthContributorAutoConfiguration:
      Did not match:
         - @ConditionalOnClass did not find required class 'jakarta.jms.ConnectionFactory' (OnClassCondition)

   JmxAutoConfiguration:
      Did not match:
         - @ConditionalOnProperty (spring.jmx.enabled=true) did not find property 'enabled' (OnPropertyCondition)
      Matched:
         - @ConditionalOnClass found required class 'org.springframework.jmx.export.MBeanExporter' (OnClassCondition)

   JmxEndpointAutoConfiguration:
      Did not match:
         - @ConditionalOnProperty (spring.jmx.enabled=true) did not find property 'enabled' (OnPropertyCondition)

   JmxMetricsExportAutoConfiguration:
      Did not match:
         - @ConditionalOnClass did not find required class 'io.micrometer.jmx.JmxMeterRegistry' (OnClassCondition)

   JndiConnectionFactoryAutoConfiguration:
      Did not match:
         - @ConditionalOnClass did not find required class 'org.springframework.jms.core.JmsTemplate' (OnClassCondition)

   JndiDataSourceAutoConfiguration:
      Did not match:
         - @ConditionalOnProperty (spring.datasource.jndi-name) did not find property 'jndi-name' (OnPropertyCondition)
      Matched:
         - @ConditionalOnClass found required classes 'javax.sql.DataSource', 'org.springframework.jdbc.datasource.embedded.EmbeddedDatabaseType' (OnClassCondition)

   JndiJtaConfiguration:
      Did not match:
         - @ConditionalOnJndi JNDI environment is not available (OnJndiCondition)
      Matched:
         - @ConditionalOnClass found required class 'org.springframework.transaction.jta.JtaTransactionManager' (OnClassCondition)

   JooqAutoConfiguration:
      Did not match:
         - @ConditionalOnClass did not find required class 'org.jooq.DSLContext' (OnClassCondition)

   JpaBaseConfiguration.JpaWebConfiguration:
      Did not match:
         - @ConditionalOnProperty (spring.jpa.open-in-view=true) found different value in property 'open-in-view' (OnPropertyCondition)
      Matched:
         - @ConditionalOnClass found required class 'org.springframework.web.servlet.config.annotation.WebMvcConfigurer' (OnClassCondition)
         - found 'session' scope (OnWebApplicationCondition)

   JpaRepositoriesAutoConfiguration#entityManagerFactoryBootstrapExecutorCustomizer:
      Did not match:
         - AnyNestedCondition 0 matched 2 did not; NestedCondition on JpaRepositoriesAutoConfiguration.BootstrapExecutorCondition.LazyBootstrapMode @ConditionalOnProperty (spring.data.jpa.repositories.bootstrap-mode=lazy) did not find property 'bootstrap-mode'; NestedCondition on JpaRepositoriesAutoConfiguration.BootstrapExecutorCondition.DeferredBootstrapMode @ConditionalOnProperty (spring.data.jpa.repositories.bootstrap-mode=deferred) did not find property 'bootstrap-mode' (JpaRepositoriesAutoConfiguration.BootstrapExecutorCondition)

   JsonbAutoConfiguration:
      Did not match:
         - @ConditionalOnClass did not find required class 'jakarta.json.bind.Jsonb' (OnClassCondition)

   JsonbHttpMessageConvertersConfiguration:
      Did not match:
         - @ConditionalOnClass did not find required class 'jakarta.json.bind.Jsonb' (OnClassCondition)

   KafkaAutoConfiguration:
      Did not match:
         - @ConditionalOnClass did not find required class 'org.springframework.kafka.core.KafkaTemplate' (OnClassCondition)

   KafkaMetricsAutoConfiguration:
      Did not match:
         - @ConditionalOnClass did not find required class 'org.springframework.kafka.core.ProducerFactory' (OnClassCondition)

   KairosMetricsExportAutoConfiguration:
      Did not match:
         - @ConditionalOnClass did not find required class 'io.micrometer.kairos.KairosMeterRegistry' (OnClassCondition)

   LdapAutoConfiguration:
      Did not match:
         - @ConditionalOnClass did not find required class 'org.springframework.ldap.core.ContextSource' (OnClassCondition)

   LdapHealthContributorAutoConfiguration:
      Did not match:
         - @ConditionalOnClass did not find required class 'org.springframework.ldap.core.LdapOperations' (OnClassCondition)

   LdapRepositoriesAutoConfiguration:
      Did not match:
         - @ConditionalOnClass did not find required class 'org.springframework.data.ldap.repository.LdapRepository' (OnClassCondition)

   LettuceConnectionConfiguration#redisConnectionFactoryVirtualThreads:
      Did not match:
         - @ConditionalOnMissingBean (types: org.springframework.data.redis.connection.RedisConnectionFactory; SearchStrategy: all) found beans of type 'org.springframework.data.redis.connection.RedisConnectionFactory' redisConnectionFactory (OnBeanCondition)

   LiquibaseAutoConfiguration:
      Did not match:
         - @ConditionalOnClass did not find required class 'liquibase.change.DatabaseChange' (OnClassCondition)

   LiquibaseEndpointAutoConfiguration:
      Did not match:
         - @ConditionalOnClass did not find required class 'liquibase.integration.spring.SpringLiquibase' (OnClassCondition)

   Log4J2MetricsAutoConfiguration:
      Did not match:
         - @ConditionalOnClass did not find required class 'org.apache.logging.log4j.core.LoggerContext' (OnClassCondition)

   LogFileWebEndpointAutoConfiguration:
      Did not match:
         - @ConditionalOnAvailableEndpoint no 'management.endpoints' property marked it as exposed (OnAvailableEndpointCondition)

   LoggersEndpointAutoConfiguration:
      Did not match:
         - @ConditionalOnAvailableEndpoint no 'management.endpoints' property marked it as exposed (OnAvailableEndpointCondition)

   MailHealthContributorAutoConfiguration:
      Did not match:
         - @ConditionalOnEnabledHealthIndicator management.health.mail.enabled is false (OnEnabledHealthIndicatorCondition)
      Matched:
         - @ConditionalOnClass found required class 'org.springframework.mail.javamail.JavaMailSenderImpl' (OnClassCondition)

   MailSenderJndiConfiguration:
      Did not match:
         - @ConditionalOnProperty (spring.mail.jndi-name) did not find property 'jndi-name' (OnPropertyCondition)
      Matched:
         - @ConditionalOnClass found required class 'jakarta.mail.Session' (OnClassCondition)

   MailSenderValidatorAutoConfiguration:
      Did not match:
         - @ConditionalOnProperty (spring.mail.test-connection) did not find property 'test-connection' (OnPropertyCondition)

   ManagementContextAutoConfiguration.DifferentManagementContextConfiguration:
      Did not match:
         - Management Port actual port type (SAME) did not match required type (DIFFERENT) (OnManagementPortCondition)

   ManagementWebSecurityAutoConfiguration:
      Did not match:
         - AllNestedConditions 1 matched 1 did not; NestedCondition on DefaultWebSecurityCondition.Beans @ConditionalOnMissingBean (types: org.springframework.security.web.SecurityFilterChain; SearchStrategy: all) found beans of type 'org.springframework.security.web.SecurityFilterChain' securityFilterChain; NestedCondition on DefaultWebSecurityCondition.Classes @ConditionalOnClass found required classes 'org.springframework.security.web.SecurityFilterChain', 'org.springframework.security.config.annotation.web.builders.HttpSecurity' (DefaultWebSecurityCondition)
      Matched:
         - found 'session' scope (OnWebApplicationCondition)

   MappingsEndpointAutoConfiguration:
      Did not match:
         - @ConditionalOnAvailableEndpoint no 'management.endpoints' property marked it as exposed (OnAvailableEndpointCondition)

   MessageSourceAutoConfiguration:
      Did not match:
         - ResourceBundle did not find bundle with basename messages (MessageSourceAutoConfiguration.ResourceBundleCondition)

   MetricsAspectsAutoConfiguration:
      Did not match:
         - AnyNestedCondition 0 matched 2 did not; NestedCondition on MetricsAspectsAutoConfiguration.ObservationAnnotationsEnabledCondition.ManagementObservationsEnabledCondition @ConditionalOnProperty (management.observations.annotations.enabled=true) did not find property 'enabled'; NestedCondition on MetricsAspectsAutoConfiguration.ObservationAnnotationsEnabledCondition.MicrometerObservationsEnabledCondition @ConditionalOnProperty (micrometer.observations.annotations.enabled=true) did not find property 'enabled' (MetricsAspectsAutoConfiguration.ObservationAnnotationsEnabledCondition)
      Matched:
         - @ConditionalOnClass found required classes 'io.micrometer.core.instrument.MeterRegistry', 'org.aspectj.weaver.Advice' (OnClassCondition)

   MicrometerTracingAutoConfiguration:
      Did not match:
         - @ConditionalOnClass did not find required class 'io.micrometer.tracing.Tracer' (OnClassCondition)

   MongoAutoConfiguration:
      Did not match:
         - @ConditionalOnClass did not find required class 'com.mongodb.client.MongoClient' (OnClassCondition)

   MongoDataAutoConfiguration:
      Did not match:
         - @ConditionalOnClass did not find required class 'com.mongodb.client.MongoClient' (OnClassCondition)

   MongoHealthContributorAutoConfiguration:
      Did not match:
         - @ConditionalOnClass did not find required class 'org.springframework.data.mongodb.core.MongoTemplate' (OnClassCondition)

   MongoMetricsAutoConfiguration:
      Did not match:
         - @ConditionalOnClass did not find required class 'com.mongodb.MongoClientSettings' (OnClassCondition)

   MongoReactiveAutoConfiguration:
      Did not match:
         - @ConditionalOnClass did not find required class 'com.mongodb.reactivestreams.client.MongoClient' (OnClassCondition)

   MongoReactiveDataAutoConfiguration:
      Did not match:
         - @ConditionalOnClass did not find required class 'com.mongodb.reactivestreams.client.MongoClient' (OnClassCondition)

   MongoReactiveHealthContributorAutoConfiguration:
      Did not match:
         - @ConditionalOnClass did not find required class 'org.springframework.data.mongodb.core.ReactiveMongoTemplate' (OnClassCondition)

   MongoReactiveRepositoriesAutoConfiguration:
      Did not match:
         - @ConditionalOnClass did not find required class 'com.mongodb.reactivestreams.client.MongoClient' (OnClassCondition)

   MongoRepositoriesAutoConfiguration:
      Did not match:
         - @ConditionalOnClass did not find required class 'com.mongodb.client.MongoClient' (OnClassCondition)

   MultipleOpenApiSupportConfiguration:
      Did not match:
         - AnyNestedCondition 0 matched 2 did not; NestedCondition on MultipleOpenApiSupportCondition.OnActuatorDifferentPort found non-matching nested conditions Management Port actual port type (SAME) did not match required type (DIFFERENT), @ConditionalOnProperty (springdoc.show-actuator) did not find property 'springdoc.show-actuator'; NestedCondition on MultipleOpenApiSupportCondition.OnMultipleOpenApiSupportCondition AnyNestedCondition 0 matched 3 did not; NestedCondition on MultipleOpenApiGroupsCondition.OnListGroupedOpenApiBean @ConditionalOnBean (types: org.springdoc.core.models.GroupedOpenApi; SearchStrategy: all) did not find any beans of type org.springdoc.core.models.GroupedOpenApi; NestedCondition on MultipleOpenApiGroupsCondition.OnGroupConfigProperty @ConditionalOnProperty (springdoc.group-configs[0].group) did not find property 'springdoc.group-configs[0].group'; NestedCondition on MultipleOpenApiGroupsCondition.OnGroupedOpenApiBean @ConditionalOnBean (types: org.springdoc.core.models.GroupedOpenApi; SearchStrategy: all) did not find any beans of type org.springdoc.core.models.GroupedOpenApi (MultipleOpenApiSupportCondition)
      Matched:
         - found 'session' scope (OnWebApplicationCondition)
         - @ConditionalOnProperty (springdoc.api-docs.enabled) matched (OnPropertyCondition)

   MultipleOpenApiSupportConfiguration.SpringDocWebMvcActuatorDifferentConfiguration:
      Did not match:
         - Management Port actual port type (SAME) did not match required type (DIFFERENT) (OnManagementPortCondition)
         - Ancestor org.springdoc.webmvc.core.configuration.MultipleOpenApiSupportConfiguration did not match (ConditionEvaluationReport.AncestorsMatchedCondition)
      Matched:
         - @ConditionalOnClass found required class 'org.springframework.boot.actuate.endpoint.web.servlet.WebMvcEndpointHandlerMapping' (OnClassCondition)

   MustacheAutoConfiguration:
      Did not match:
         - @ConditionalOnClass did not find required class 'com.samskivert.mustache.Mustache' (OnClassCondition)

   Neo4jAutoConfiguration:
      Did not match:
         - @ConditionalOnClass did not find required class 'org.neo4j.driver.Driver' (OnClassCondition)

   Neo4jDataAutoConfiguration:
      Did not match:
         - @ConditionalOnClass did not find required class 'org.neo4j.driver.Driver' (OnClassCondition)

   Neo4jHealthContributorAutoConfiguration:
      Did not match:
         - @ConditionalOnClass did not find required class 'org.neo4j.driver.Driver' (OnClassCondition)

   Neo4jReactiveDataAutoConfiguration:
      Did not match:
         - @ConditionalOnClass did not find required class 'org.neo4j.driver.Driver' (OnClassCondition)

   Neo4jReactiveRepositoriesAutoConfiguration:
      Did not match:
         - @ConditionalOnClass did not find required class 'org.neo4j.driver.Driver' (OnClassCondition)

   Neo4jRepositoriesAutoConfiguration:
      Did not match:
         - @ConditionalOnClass did not find required class 'org.neo4j.driver.Driver' (OnClassCondition)

   NewRelicMetricsExportAutoConfiguration:
      Did not match:
         - @ConditionalOnClass did not find required class 'io.micrometer.newrelic.NewRelicMeterRegistry' (OnClassCondition)

   NoOpMeterRegistryConfiguration:
      Did not match:
         - @ConditionalOnMissingBean (types: io.micrometer.core.instrument.MeterRegistry; SearchStrategy: all) found beans of type 'io.micrometer.core.instrument.MeterRegistry' simpleMeterRegistry (OnBeanCondition)

   NoopTracerAutoConfiguration:
      Did not match:
         - @ConditionalOnClass did not find required class 'io.micrometer.tracing.Tracer' (OnClassCondition)

   OAuth2AuthorizationServerAutoConfiguration:
      Did not match:
         - @ConditionalOnClass did not find required class 'org.springframework.security.oauth2.server.authorization.OAuth2Authorization' (OnClassCondition)

   OAuth2AuthorizationServerJwtAutoConfiguration:
      Did not match:
         - @ConditionalOnClass did not find required class 'org.springframework.security.oauth2.server.authorization.OAuth2Authorization' (OnClassCondition)

   OAuth2ClientAutoConfiguration:
      Did not match:
         - @ConditionalOnClass did not find required class 'org.springframework.security.oauth2.client.registration.ClientRegistration' (OnClassCondition)

   OAuth2ResourceServerAutoConfiguration:
      Did not match:
         - @ConditionalOnClass did not find required class 'org.springframework.security.oauth2.server.resource.authentication.BearerTokenAuthenticationToken' (OnClassCondition)

   ObservationAutoConfiguration.MeterObservationHandlerConfiguration.TracingAndMetricsObservationHandlerConfiguration:
      Did not match:
         - @ConditionalOnBean did not find required type 'io.micrometer.tracing.Tracer' (OnBeanCondition)
         - @ConditionalOnBean (types: io.micrometer.tracing.Tracer; SearchStrategy: all) did not find any beans of type io.micrometer.tracing.Tracer (OnBeanCondition)

   ObservationAutoConfiguration.MetricsWithTracingConfiguration:
      Did not match:
         - @ConditionalOnClass did not find required class 'io.micrometer.tracing.Tracer' (OnClassCondition)

   ObservationAutoConfiguration.OnlyTracingConfiguration:
      Did not match:
         - @ConditionalOnClass did not find required class 'io.micrometer.tracing.Tracer' (OnClassCondition)

   org.springframework.boot.actuate.autoconfigure.opentelemetry.OpenTelemetryAutoConfiguration:
      Did not match:
         - @ConditionalOnClass did not find required class 'io.opentelemetry.sdk.OpenTelemetrySdk' (OnClassCondition)

   org.springframework.boot.actuate.autoconfigure.tracing.OpenTelemetryAutoConfiguration:
      Did not match:
         - @ConditionalOnClass did not find required class 'io.micrometer.tracing.otel.bridge.OtelTracer' (OnClassCondition)

   OtlpAutoConfiguration:
      Did not match:
         - @ConditionalOnClass did not find required class 'io.micrometer.tracing.otel.bridge.OtelTracer' (OnClassCondition)

   OtlpMetricsExportAutoConfiguration:
      Did not match:
         - @ConditionalOnClass did not find required class 'io.micrometer.registry.otlp.OtlpMeterRegistry' (OnClassCondition)

   ProjectInfoAutoConfiguration#buildProperties:
      Did not match:
         - @ConditionalOnResource did not find resource '${spring.info.build.location:classpath:META-INF/build-info.properties}' (OnResourceCondition)

   ProjectInfoAutoConfiguration#gitProperties:
      Did not match:
         - GitResource did not find git info at classpath:git.properties (ProjectInfoAutoConfiguration.GitResourceAvailableCondition)

   PrometheusExemplarsAutoConfiguration:
      Did not match:
         - @ConditionalOnClass did not find required class 'io.micrometer.tracing.Tracer' (OnClassCondition)

   PrometheusMetricsExportAutoConfiguration:
      Did not match:
         - @ConditionalOnClass did not find required class 'io.micrometer.prometheusmetrics.PrometheusMeterRegistry' (OnClassCondition)

   PrometheusSimpleclientExemplarsAutoConfiguration:
      Did not match:
         - @ConditionalOnClass did not find required class 'io.micrometer.tracing.Tracer' (OnClassCondition)

   PrometheusSimpleclientMetricsExportAutoConfiguration:
      Did not match:
         - @ConditionalOnClass did not find required class 'io.micrometer.prometheus.PrometheusMeterRegistry' (OnClassCondition)

   PulsarAutoConfiguration:
      Did not match:
         - @ConditionalOnClass did not find required class 'org.apache.pulsar.client.api.PulsarClient' (OnClassCondition)

   PulsarReactiveAutoConfiguration:
      Did not match:
         - @ConditionalOnClass did not find required class 'org.apache.pulsar.client.api.PulsarClient' (OnClassCondition)

   QuartzAutoConfiguration:
      Did not match:
         - @ConditionalOnClass did not find required class 'org.quartz.Scheduler' (OnClassCondition)

   QuartzEndpointAutoConfiguration:
      Did not match:
         - @ConditionalOnClass did not find required class 'org.quartz.Scheduler' (OnClassCondition)

   R2dbcAutoConfiguration:
      Did not match:
         - @ConditionalOnClass did not find required class 'io.r2dbc.spi.ConnectionFactory' (OnClassCondition)

   R2dbcDataAutoConfiguration:
      Did not match:
         - @ConditionalOnClass did not find required class 'org.springframework.data.r2dbc.core.R2dbcEntityTemplate' (OnClassCondition)

   R2dbcInitializationConfiguration:
      Did not match:
         - @ConditionalOnClass did not find required classes 'io.r2dbc.spi.ConnectionFactory', 'org.springframework.r2dbc.connection.init.DatabasePopulator' (OnClassCondition)

   R2dbcObservationAutoConfiguration:
      Did not match:
         - @ConditionalOnClass did not find required class 'io.r2dbc.proxy.ProxyConnectionFactory' (OnClassCondition)

   R2dbcRepositoriesAutoConfiguration:
      Did not match:
         - @ConditionalOnClass did not find required class 'io.r2dbc.spi.ConnectionFactory' (OnClassCondition)

   R2dbcTransactionManagerAutoConfiguration:
      Did not match:
         - @ConditionalOnClass did not find required class 'org.springframework.r2dbc.connection.R2dbcTransactionManager' (OnClassCondition)

   RSocketGraphQlClientAutoConfiguration:
      Did not match:
         - @ConditionalOnClass did not find required class 'graphql.GraphQL' (OnClassCondition)

   RSocketMessagingAutoConfiguration:
      Did not match:
         - @ConditionalOnClass did not find required class 'io.rsocket.RSocket' (OnClassCondition)

   RSocketRequesterAutoConfiguration:
      Did not match:
         - @ConditionalOnClass did not find required class 'io.rsocket.RSocket' (OnClassCondition)

   RSocketSecurityAutoConfiguration:
      Did not match:
         - @ConditionalOnClass did not find required class 'org.springframework.security.rsocket.core.SecuritySocketAcceptorInterceptor' (OnClassCondition)

   RSocketServerAutoConfiguration:
      Did not match:
         - @ConditionalOnClass did not find required class 'io.rsocket.core.RSocketServer' (OnClassCondition)

   RSocketStrategiesAutoConfiguration:
      Did not match:
         - @ConditionalOnClass did not find required class 'io.rsocket.RSocket' (OnClassCondition)

   RabbitAutoConfiguration:
      Did not match:
         - @ConditionalOnClass did not find required class 'com.rabbitmq.client.Channel' (OnClassCondition)

   RabbitHealthContributorAutoConfiguration:
      Did not match:
         - @ConditionalOnClass did not find required class 'org.springframework.amqp.rabbit.core.RabbitTemplate' (OnClassCondition)

   RabbitMetricsAutoConfiguration:
      Did not match:
         - @ConditionalOnClass did not find required class 'com.rabbitmq.client.ConnectionFactory' (OnClassCondition)

   ReactiveCloudFoundryActuatorAutoConfiguration:
      Did not match:
         - @ConditionalOnWebApplication did not find reactive web application classes (OnWebApplicationCondition)

   ReactiveElasticsearchClientAutoConfiguration:
      Did not match:
         - @ConditionalOnClass did not find required class 'co.elastic.clients.transport.ElasticsearchTransport' (OnClassCondition)

   ReactiveElasticsearchRepositoriesAutoConfiguration:
      Did not match:
         - @ConditionalOnClass did not find required class 'org.springframework.data.elasticsearch.client.elc.ReactiveElasticsearchClient' (OnClassCondition)

   ReactiveManagementContextAutoConfiguration:
      Did not match:
         - @ConditionalOnWebApplication did not find reactive web application classes (OnWebApplicationCondition)

   ReactiveManagementWebSecurityAutoConfiguration:
      Did not match:
         - @ConditionalOnWebApplication did not find reactive web application classes (OnWebApplicationCondition)

   ReactiveMultipartAutoConfiguration:
      Did not match:
         - @ConditionalOnClass did not find required class 'org.springframework.web.reactive.config.WebFluxConfigurer' (OnClassCondition)

   ReactiveOAuth2ClientAutoConfiguration:
      Did not match:
         - @ConditionalOnClass did not find required class 'org.springframework.security.oauth2.client.registration.ClientRegistration' (OnClassCondition)

   ReactiveOAuth2ResourceServerAutoConfiguration:
      Did not match:
         - @ConditionalOnWebApplication did not find reactive web application classes (OnWebApplicationCondition)

   ReactiveSecurityAutoConfiguration:
      Did not match:
         - @ConditionalOnClass did not find required class 'org.springframework.web.reactive.config.WebFluxConfigurer' (OnClassCondition)

   ReactiveUserDetailsServiceAutoConfiguration:
      Did not match:
         - AnyNestedCondition 0 matched 2 did not; NestedCondition on ReactiveUserDetailsServiceAutoConfiguration.RSocketEnabledOrReactiveWebApplication.ReactiveWebApplicationCondition did not find reactive web application classes; NestedCondition on ReactiveUserDetailsServiceAutoConfiguration.RSocketEnabledOrReactiveWebApplication.RSocketSecurityEnabledCondition @ConditionalOnBean (types: org.springframework.messaging.rsocket.annotation.support.RSocketMessageHandler; SearchStrategy: all) did not find any beans of type org.springframework.messaging.rsocket.annotation.support.RSocketMessageHandler (ReactiveUserDetailsServiceAutoConfiguration.RSocketEnabledOrReactiveWebApplication)
      Matched:
         - @ConditionalOnClass found required class 'org.springframework.security.authentication.ReactiveAuthenticationManager' (OnClassCondition)
         - AnyNestedCondition 1 matched 2 did not; NestedCondition on ReactiveUserDetailsServiceAutoConfiguration.MissingAlternativeOrUserPropertiesConfigured.PasswordConfigured @ConditionalOnProperty (spring.security.user.password) did not find property 'password'; NestedCondition on ReactiveUserDetailsServiceAutoConfiguration.MissingAlternativeOrUserPropertiesConfigured.NameConfigured @ConditionalOnProperty (spring.security.user.name) did not find property 'name'; NestedCondition on ReactiveUserDetailsServiceAutoConfiguration.MissingAlternativeOrUserPropertiesConfigured.MissingAlternative @ConditionalOnMissingClass did not find unwanted classes 'org.springframework.security.oauth2.client.registration.ClientRegistrationRepository', 'org.springframework.security.oauth2.server.resource.introspection.ReactiveOpaqueTokenIntrospector' (ReactiveUserDetailsServiceAutoConfiguration.MissingAlternativeOrUserPropertiesConfigured)

   ReactiveWebServerFactoryAutoConfiguration:
      Did not match:
         - @ConditionalOnWebApplication did not find reactive web application classes (OnWebApplicationCondition)

   RedisHealthContributorAutoConfiguration#redisHealthContributor:
      Did not match:
         - @ConditionalOnMissingBean (names: redisHealthIndicator,redisHealthContributor; SearchStrategy: all) found beans named redisHealthContributor (OnBeanCondition)

   RepositoryRestMvcAutoConfiguration:
      Did not match:
         - @ConditionalOnClass did not find required class 'org.springframework.data.rest.webmvc.config.RepositoryRestMvcConfiguration' (OnClassCondition)

   Saml2RelyingPartyAutoConfiguration:
      Did not match:
         - @ConditionalOnClass did not find required class 'org.springframework.security.saml2.provider.service.registration.RelyingPartyRegistrationRepository' (OnClassCondition)

   SbomEndpointAutoConfiguration:
      Did not match:
         - @ConditionalOnAvailableEndpoint no 'management.endpoints' property marked it as exposed (OnAvailableEndpointCondition)

   ScheduledTasksEndpointAutoConfiguration:
      Did not match:
         - @ConditionalOnAvailableEndpoint no 'management.endpoints' property marked it as exposed (OnAvailableEndpointCondition)

   SecurityDataConfiguration:
      Did not match:
         - @ConditionalOnClass did not find required class 'org.springframework.security.data.repository.query.SecurityEvaluationContextExtension' (OnClassCondition)

   SecurityRequestMatchersManagementContextConfiguration.JerseyRequestMatcherConfiguration:
      Did not match:
         - @ConditionalOnClass did not find required class 'org.glassfish.jersey.server.ResourceConfig' (OnClassCondition)

   SendGridAutoConfiguration:
      Did not match:
         - @ConditionalOnClass did not find required class 'com.sendgrid.SendGrid' (OnClassCondition)

   ServletEndpointManagementContextConfiguration.JerseyServletEndpointManagementContextConfiguration:
      Did not match:
         - @ConditionalOnClass did not find required class 'org.glassfish.jersey.server.ResourceConfig' (OnClassCondition)

   ServletManagementContextAutoConfiguration.ApplicationContextFilterConfiguration:
      Did not match:
         - @ConditionalOnProperty (management.server.add-application-context-header=true) did not find property 'add-application-context-header' (OnPropertyCondition)

   ServletWebServerFactoryAutoConfiguration.ForwardedHeaderFilterConfiguration:
      Did not match:
         - @ConditionalOnProperty (server.forward-headers-strategy=framework) did not find property 'server.forward-headers-strategy' (OnPropertyCondition)

   ServletWebServerFactoryConfiguration.EmbeddedJetty:
      Did not match:
         - @ConditionalOnClass did not find required classes 'org.eclipse.jetty.server.Server', 'org.eclipse.jetty.util.Loader', 'org.eclipse.jetty.ee10.webapp.WebAppContext' (OnClassCondition)

   ServletWebServerFactoryConfiguration.EmbeddedUndertow:
      Did not match:
         - @ConditionalOnClass did not find required classes 'io.undertow.Undertow', 'org.xnio.SslClientAuthMode' (OnClassCondition)

   SessionAutoConfiguration:
      Did not match:
         - @ConditionalOnClass did not find required class 'org.springframework.session.Session' (OnClassCondition)

   SessionsEndpointAutoConfiguration:
      Did not match:
         - @ConditionalOnClass did not find required class 'org.springframework.session.Session' (OnClassCondition)

   ShutdownEndpointAutoConfiguration:
      Did not match:
         - @ConditionalOnAvailableEndpoint no property management.endpoint.shutdown.enabled found so using endpoint default of false (OnAvailableEndpointCondition)

   SignalFxMetricsExportAutoConfiguration:
      Did not match:
         - @ConditionalOnClass did not find required class 'io.micrometer.signalfx.SignalFxMeterRegistry' (OnClassCondition)

   SpringApplicationAdminJmxAutoConfiguration:
      Did not match:
         - @ConditionalOnProperty (spring.application.admin.enabled=true) did not find property 'enabled' (OnPropertyCondition)

   SpringBootWebSecurityConfiguration.SecurityFilterChainConfiguration:
      Did not match:
         - AllNestedConditions 1 matched 1 did not; NestedCondition on DefaultWebSecurityCondition.Beans @ConditionalOnMissingBean (types: org.springframework.security.web.SecurityFilterChain; SearchStrategy: all) found beans of type 'org.springframework.security.web.SecurityFilterChain' securityFilterChain; NestedCondition on DefaultWebSecurityCondition.Classes @ConditionalOnClass found required classes 'org.springframework.security.web.SecurityFilterChain', 'org.springframework.security.config.annotation.web.builders.HttpSecurity' (DefaultWebSecurityCondition)

   SpringDocConfiguration#propertiesResolverForSchema:
      Did not match:
         - @ConditionalOnProperty (springdoc.api-docs.resolve-schema-properties) did not find property 'springdoc.api-docs.resolve-schema-properties' (OnPropertyCondition)

   SpringDocConfiguration#propertyCustomizingConverter:
      Did not match:
         - @ConditionalOnBean (types: org.springdoc.core.customizers.PropertyCustomizer; SearchStrategy: all) did not find any beans of type org.springdoc.core.customizers.PropertyCustomizer (OnBeanCondition)

   SpringDocConfiguration#springdocBeanFactoryPostProcessor:
      Did not match:
         - AnyNestedCondition 0 matched 2 did not; NestedCondition on CacheOrGroupedOpenApiCondition.OnCacheDisabled found non-matching nested conditions @ConditionalOnProperty (springdoc.cache.disabled) did not find property 'springdoc.cache.disabled'; NestedCondition on CacheOrGroupedOpenApiCondition.OnMultipleOpenApiSupportCondition AnyNestedCondition 0 matched 2 did not; NestedCondition on MultipleOpenApiSupportCondition.OnActuatorDifferentPort found non-matching nested conditions Management Port actual port type (SAME) did not match required type (DIFFERENT), @ConditionalOnProperty (springdoc.show-actuator) did not find property 'springdoc.show-actuator'; NestedCondition on MultipleOpenApiSupportCondition.OnMultipleOpenApiSupportCondition AnyNestedCondition 0 matched 3 did not; NestedCondition on MultipleOpenApiGroupsCondition.OnListGroupedOpenApiBean @ConditionalOnBean (types: org.springdoc.core.models.GroupedOpenApi; SearchStrategy: all) did not find any beans of type org.springdoc.core.models.GroupedOpenApi; NestedCondition on MultipleOpenApiGroupsCondition.OnGroupConfigProperty @ConditionalOnProperty (springdoc.group-configs[0].group) did not find property 'springdoc.group-configs[0].group'; NestedCondition on MultipleOpenApiGroupsCondition.OnGroupedOpenApiBean @ConditionalOnBean (types: org.springdoc.core.models.GroupedOpenApi; SearchStrategy: all) did not find any beans of type org.springdoc.core.models.GroupedOpenApi (CacheOrGroupedOpenApiCondition)
      Matched:
         - @ConditionalOnClass found required class 'org.springframework.boot.context.properties.bind.BindResult' (OnClassCondition)

   SpringDocConfiguration#springdocBeanFactoryPostProcessor2:
      Did not match:
         - @ConditionalOnMissingClass found unwanted class 'org.springframework.boot.context.properties.bind.BindResult' (OnClassCondition)

   SpringDocConfiguration.SpringDocActuatorConfiguration:
      Did not match:
         - @ConditionalOnProperty (springdoc.show-actuator) did not find property 'springdoc.show-actuator' (OnPropertyCondition)
      Matched:
         - @ConditionalOnClass found required class 'org.springframework.boot.actuate.autoconfigure.endpoint.web.WebEndpointProperties' (OnClassCondition)

   SpringDocConfiguration.SpringDocRepositoryRestConfiguration:
      Did not match:
         - @ConditionalOnClass did not find required class 'org.springframework.data.rest.core.config.RepositoryRestConfiguration' (OnClassCondition)

   SpringDocDataRestConfiguration:
      Did not match:
         - @ConditionalOnClass did not find required class 'org.springframework.data.rest.core.config.RepositoryRestConfiguration' (OnClassCondition)

   SpringDocFunctionCatalogConfiguration:
      Did not match:
         - @ConditionalOnClass did not find required class 'org.springframework.cloud.function.web.function.FunctionEndpointInitializer' (OnClassCondition)

   SpringDocGroovyConfiguration:
      Did not match:
         - @ConditionalOnClass did not find required class 'groovy.lang.MetaClass' (OnClassCondition)

   SpringDocHateoasConfiguration:
      Did not match:
         - @ConditionalOnClass did not find required class 'org.springframework.hateoas.server.LinkRelationProvider' (OnClassCondition)

   SpringDocJacksonKotlinModuleConfiguration:
      Did not match:
         - @ConditionalOnClass did not find required class 'com.fasterxml.jackson.module.kotlin.KotlinModule' (OnClassCondition)

   SpringDocJavadocConfiguration:
      Did not match:
         - @ConditionalOnClass did not find required class 'com.github.therapi.runtimejavadoc.CommentFormatter' (OnClassCondition)

   SpringDocKotlinConfiguration:
      Did not match:
         - @ConditionalOnClass did not find required class 'kotlin.coroutines.Continuation' (OnClassCondition)

   SpringDocKotlinxConfiguration:
      Did not match:
         - @ConditionalOnClass did not find required class 'kotlinx.coroutines.flow.Flow' (OnClassCondition)

   SpringDocSecurityConfiguration.SpringDocSecurityOAuth2ClientConfiguration:
      Did not match:
         - @ConditionalOnClass did not find required class 'org.springframework.security.oauth2.client.annotation.RegisteredOAuth2AuthorizedClient' (OnClassCondition)

   SpringDocSecurityConfiguration.SpringDocSecurityOAuth2Configuration:
      Did not match:
         - @ConditionalOnClass did not find required class 'org.springframework.security.oauth2.server.authorization.OAuth2AuthorizationService' (OnClassCondition)

   SpringDocSecurityConfiguration.SpringSecurityLoginEndpointConfiguration#springSecurityLoginEndpointCustomiser:
      Did not match:
         - @ConditionalOnProperty (springdoc.show-login-endpoint) did not find property 'springdoc.show-login-endpoint' (OnPropertyCondition)

   SpringDocSortConfiguration#delegatingMethodParameterCustomizer:
      Did not match:
         - @ConditionalOnMissingBean (types: org.springdoc.core.customizers.DelegatingMethodParameterCustomizer; SearchStrategy: all) found beans of type 'org.springdoc.core.customizers.DelegatingMethodParameterCustomizer' delegatingMethodParameterCustomizer (OnBeanCondition)

   SpringDocWebMvcConfiguration.SpringDocWebMvcActuatorConfiguration#actuatorProvider:
      Did not match:
         - @ConditionalOnExpression (#{${springdoc.show-actuator:false} or ${springdoc.use-management-port:false}}) resulted in false (OnExpressionCondition)

   SpringDocWebMvcConfiguration.SpringDocWebMvcActuatorConfiguration#openApiActuatorResource:
      Did not match:
         - @ConditionalOnExpression (#{${springdoc.use-management-port:false} and ${springdoc.enable-default-api-docs:true}}) resulted in false (OnExpressionCondition)

   StackdriverMetricsExportAutoConfiguration:
      Did not match:
         - @ConditionalOnClass did not find required class 'io.micrometer.stackdriver.StackdriverMeterRegistry' (OnClassCondition)

   StartupEndpointAutoConfiguration:
      Did not match:
         - ApplicationStartup configured applicationStartup is of type class org.springframework.core.metrics.DefaultApplicationStartup, expected BufferingApplicationStartup. (StartupEndpointAutoConfiguration.ApplicationStartupCondition)

   StatsdMetricsExportAutoConfiguration:
      Did not match:
         - @ConditionalOnClass did not find required class 'io.micrometer.statsd.StatsdMeterRegistry' (OnClassCondition)

   SwaggerConfig#springWebProvider:
      Did not match:
         - @ConditionalOnMissingBean (types: org.springdoc.core.providers.SpringWebProvider; SearchStrategy: all) found beans of type 'org.springdoc.core.providers.SpringWebProvider' springWebProvider (OnBeanCondition)

   SwaggerConfig#swaggerUiConfigParameters:
      Did not match:
         - @ConditionalOnMissingBean (types: org.springdoc.core.properties.SwaggerUiConfigParameters; SearchStrategy: all) found beans of type 'org.springdoc.core.properties.SwaggerUiConfigParameters' org.springdoc.core.properties.SwaggerUiConfigParameters (OnBeanCondition)

   SwaggerConfig#swaggerUiHome:
      Did not match:
         - @ConditionalOnProperty (springdoc.swagger-ui.use-root-path=true) did not find property 'springdoc.swagger-ui.use-root-path' (OnPropertyCondition)

   SwaggerConfig.SwaggerActuatorWelcomeConfiguration:
      Did not match:
         - @ConditionalOnProperty (springdoc.use-management-port) did not find property 'springdoc.use-management-port' (OnPropertyCondition)
      Matched:
         - @ConditionalOnClass found required class 'org.springframework.boot.actuate.endpoint.web.servlet.WebMvcEndpointHandlerMapping' (OnClassCondition)

   TaskExecutorConfigurations.SimpleAsyncTaskExecutorBuilderConfiguration#simpleAsyncTaskExecutorBuilderVirtualThreads:
      Did not match:
         - @ConditionalOnMissingBean (types: org.springframework.boot.task.SimpleAsyncTaskExecutorBuilder; SearchStrategy: all) found beans of type 'org.springframework.boot.task.SimpleAsyncTaskExecutorBuilder' simpleAsyncTaskExecutorBuilder (OnBeanCondition)

   TaskExecutorConfigurations.TaskExecutorConfiguration#applicationTaskExecutorVirtualThreads:
      Did not match:
         - @ConditionalOnThreading did not find VIRTUAL (OnThreadingCondition)

   TaskSchedulingConfigurations.SimpleAsyncTaskSchedulerBuilderConfiguration#simpleAsyncTaskSchedulerBuilderVirtualThreads:
      Did not match:
         - @ConditionalOnMissingBean (types: org.springframework.boot.task.SimpleAsyncTaskSchedulerBuilder; SearchStrategy: all) found beans of type 'org.springframework.boot.task.SimpleAsyncTaskSchedulerBuilder' simpleAsyncTaskSchedulerBuilder (OnBeanCondition)

   TaskSchedulingConfigurations.TaskSchedulerConfiguration#taskSchedulerVirtualThreads:
      Did not match:
         - @ConditionalOnThreading did not find VIRTUAL (OnThreadingCondition)

   ThreadDumpEndpointAutoConfiguration:
      Did not match:
         - @ConditionalOnAvailableEndpoint no 'management.endpoints' property marked it as exposed (OnAvailableEndpointCondition)

   ThymeleafAutoConfiguration:
      Did not match:
         - @ConditionalOnClass did not find required class 'org.thymeleaf.spring6.SpringTemplateEngine' (OnClassCondition)

   TransactionAutoConfiguration#transactionalOperator:
      Did not match:
         - @ConditionalOnSingleCandidate (types: org.springframework.transaction.ReactiveTransactionManager; SearchStrategy: all) did not find any beans (OnBeanCondition)

   TransactionAutoConfiguration.AspectJTransactionManagementConfiguration:
      Did not match:
         - @ConditionalOnBean (types: org.springframework.transaction.aspectj.AbstractTransactionAspect; SearchStrategy: all) did not find any beans of type org.springframework.transaction.aspectj.AbstractTransactionAspect (OnBeanCondition)

   TransactionAutoConfiguration.EnableTransactionManagementConfiguration.JdkDynamicAutoProxyConfiguration:
      Did not match:
         - @ConditionalOnProperty (spring.aop.proxy-target-class=false) did not find property 'proxy-target-class' (OnPropertyCondition)

   WavefrontAutoConfiguration:
      Did not match:
         - @ConditionalOnClass did not find required class 'com.wavefront.sdk.common.application.ApplicationTags' (OnClassCondition)

   WavefrontMetricsExportAutoConfiguration:
      Did not match:
         - @ConditionalOnClass did not find required class 'com.wavefront.sdk.common.WavefrontSender' (OnClassCondition)

   WavefrontTracingAutoConfiguration:
      Did not match:
         - @ConditionalOnClass did not find required class 'com.wavefront.sdk.common.WavefrontSender' (OnClassCondition)

   WebClientAutoConfiguration:
      Did not match:
         - @ConditionalOnClass did not find required class 'org.springframework.web.reactive.function.client.WebClient' (OnClassCondition)

   WebClientObservationConfiguration:
      Did not match:
         - @ConditionalOnClass did not find required class 'org.springframework.web.reactive.function.client.WebClient' (OnClassCondition)

   WebFluxAutoConfiguration:
      Did not match:
         - @ConditionalOnClass did not find required class 'org.springframework.web.reactive.config.WebFluxConfigurer' (OnClassCondition)

   WebFluxEndpointManagementContextConfiguration:
      Did not match:
         - @ConditionalOnClass did not find required class 'org.springframework.web.reactive.DispatcherHandler' (OnClassCondition)

   WebFluxObservationAutoConfiguration:
      Did not match:
         - @ConditionalOnWebApplication did not find reactive web application classes (OnWebApplicationCondition)

   WebMvcAutoConfiguration#hiddenHttpMethodFilter:
      Did not match:
         - @ConditionalOnProperty (spring.mvc.hiddenmethod.filter.enabled) did not find property 'enabled' (OnPropertyCondition)

   WebMvcAutoConfiguration.ProblemDetailsErrorHandlingConfiguration:
      Did not match:
         - @ConditionalOnProperty (spring.mvc.problemdetails.enabled=true) did not find property 'enabled' (OnPropertyCondition)

   WebMvcAutoConfiguration.ResourceChainCustomizerConfiguration:
      Did not match:
         - @ConditionalOnEnabledResourceChain did not find class org.webjars.WebJarAssetLocator (OnEnabledResourceChainCondition)

   WebMvcAutoConfiguration.WebMvcAutoConfigurationAdapter#beanNameViewResolver:
      Did not match:
         - @ConditionalOnMissingBean (types: org.springframework.web.servlet.view.BeanNameViewResolver; SearchStrategy: all) found beans of type 'org.springframework.web.servlet.view.BeanNameViewResolver' beanNameViewResolver (OnBeanCondition)

   WebMvcEndpointManagementContextConfiguration#managementHealthEndpointWebMvcHandlerMapping:
      Did not match:
         - Management Port actual port type (SAME) did not match required type (DIFFERENT) (OnManagementPortCondition)

   WebServiceTemplateAutoConfiguration:
      Did not match:
         - @ConditionalOnClass did not find required class 'org.springframework.ws.client.core.WebServiceTemplate' (OnClassCondition)

   WebServicesAutoConfiguration:
      Did not match:
         - @ConditionalOnClass did not find required class 'org.springframework.ws.transport.http.MessageDispatcherServlet' (OnClassCondition)

   WebSessionIdResolverAutoConfiguration:
      Did not match:
         - @ConditionalOnWebApplication did not find reactive web application classes (OnWebApplicationCondition)

   WebSocketMessagingAutoConfiguration.WebSocketMessageConverterConfiguration:
      Did not match:
         - @ConditionalOnBean (types: org.springframework.web.socket.config.annotation.DelegatingWebSocketMessageBrokerConfiguration,com.fasterxml.jackson.databind.ObjectMapper; SearchStrategy: all) did not find any beans of type org.springframework.web.socket.config.annotation.DelegatingWebSocketMessageBrokerConfiguration (OnBeanCondition)
      Matched:
         - @ConditionalOnClass found required classes 'com.fasterxml.jackson.databind.ObjectMapper', 'org.springframework.messaging.simp.config.AbstractMessageBrokerConfiguration' (OnClassCondition)

   WebSocketReactiveAutoConfiguration:
      Did not match:
         - @ConditionalOnWebApplication did not find reactive web application classes (OnWebApplicationCondition)

   WebSocketServletAutoConfiguration.JettyWebSocketConfiguration:
      Did not match:
         - @ConditionalOnClass did not find required class 'org.eclipse.jetty.ee10.websocket.jakarta.server.config.JakartaWebSocketServletContainerInitializer' (OnClassCondition)

   WebSocketServletAutoConfiguration.UndertowWebSocketConfiguration:
      Did not match:
         - @ConditionalOnClass did not find required class 'io.undertow.websockets.jsr.Bootstrap' (OnClassCondition)

   XADataSourceAutoConfiguration:
      Did not match:
         - @ConditionalOnBean (types: org.springframework.boot.jdbc.XADataSourceWrapper; SearchStrategy: all) did not find any beans of type org.springframework.boot.jdbc.XADataSourceWrapper (OnBeanCondition)
      Matched:
         - @ConditionalOnClass found required classes 'javax.sql.DataSource', 'jakarta.transaction.TransactionManager', 'org.springframework.jdbc.datasource.embedded.EmbeddedDatabaseType' (OnClassCondition)

   ZipkinAutoConfiguration:
      Did not match:
         - @ConditionalOnClass did not find required class 'zipkin2.reporter.Encoding' (OnClassCondition)


Exclusions:
-----------

    None


Unconditional classes:
----------------------

    org.springframework.boot.autoconfigure.context.ConfigurationPropertiesAutoConfiguration

    org.springframework.boot.actuate.autoconfigure.availability.AvailabilityHealthContributorAutoConfiguration

    org.springframework.boot.autoconfigure.ssl.SslAutoConfiguration

    org.springframework.boot.actuate.autoconfigure.info.InfoContributorAutoConfiguration

    org.springframework.boot.autoconfigure.context.PropertyPlaceholderAutoConfiguration

    org.springframework.boot.autoconfigure.context.LifecycleAutoConfiguration

    org.springframework.boot.actuate.autoconfigure.metrics.integration.IntegrationMetricsAutoConfiguration

    org.springframework.boot.actuate.autoconfigure.endpoint.EndpointAutoConfiguration

    org.springframework.boot.actuate.autoconfigure.web.server.ManagementContextAutoConfiguration

    org.springframework.boot.actuate.autoconfigure.health.HealthContributorAutoConfiguration

    org.springframework.boot.actuate.autoconfigure.endpoint.jackson.JacksonEndpointAutoConfiguration

    org.springdoc.core.configuration.SpringDocSpecPropertiesConfiguration

    org.springframework.boot.autoconfigure.availability.ApplicationAvailabilityAutoConfiguration

    org.springframework.boot.autoconfigure.info.ProjectInfoAutoConfiguration



2026-05-10T19:58:50.448+08:00  INFO 39928 --- [wiki-backend] [           main] com.wiki.app.WikiBackendApplication      : Started WikiBackendApplication in 6.434 seconds (process running for 6.702)
2026-05-10T19:58:50.472+08:00 DEBUG 39928 --- [wiki-backend] [           main] o.s.b.a.ApplicationAvailabilityBean      : Application availability state LivenessState changed to CORRECT
2026-05-10T19:58:50.478+08:00 DEBUG 39928 --- [wiki-backend] [           main] org.hibernate.SQL                        : 
    select
        kb1_0.id,
        kb1_0.created_at,
        kb1_0.deleted_at,
        kb1_0.description,
        kb1_0.name,
        kb1_0.owner_id,
        kb1_0.parent_id,
        kb1_0.team_id,
        kb1_0.type,
        kb1_0.updated_at 
    from
        knowledge_bases kb1_0 
    where
        kb1_0.type=? 
        and kb1_0.deleted_at is null
2026-05-10T19:58:50.480+08:00 DEBUG 39928 --- [wiki-backend] [           main] org.hibernate.SQL                        : 
    select
        ua1_0.id,
        ua1_0.avatar_url,
        ua1_0.created_at,
        ua1_0.deleted_at,
        ua1_0.demo_password,
        ua1_0.department_id,
        ua1_0.email,
        ua1_0.nickname,
        ua1_0.password_hash,
        ua1_0.phone,
        ua1_0.role,
        ua1_0.updated_at,
        ua1_0.username 
    from
        users ua1_0
2026-05-10T19:58:50.481+08:00 DEBUG 39928 --- [wiki-backend] [           main] org.hibernate.SQL                        : 
    select
        kbm1_0.id,
        kbm1_0.created_at,
        kbm1_0.deleted_at,
        kbm1_0.kb_id,
        kbm1_0.role,
        kbm1_0.updated_at,
        kbm1_0.user_id 
    from
        knowledge_base_members kbm1_0 
    where
        kbm1_0.kb_id=? 
        and kbm1_0.user_id=?
2026-05-10T19:58:50.484+08:00 DEBUG 39928 --- [wiki-backend] [           main] org.hibernate.SQL                        : 
    select
        kbm1_0.id,
        kbm1_0.created_at,
        kbm1_0.deleted_at,
        kbm1_0.kb_id,
        kbm1_0.role,
        kbm1_0.updated_at,
        kbm1_0.user_id 
    from
        knowledge_base_members kbm1_0 
    where
        kbm1_0.kb_id=? 
        and kbm1_0.user_id=?
2026-05-10T19:58:50.486+08:00 DEBUG 39928 --- [wiki-backend] [           main] org.hibernate.SQL                        : 
    select
        kbm1_0.id,
        kbm1_0.created_at,
        kbm1_0.deleted_at,
        kbm1_0.kb_id,
        kbm1_0.role,
        kbm1_0.updated_at,
        kbm1_0.user_id 
    from
        knowledge_base_members kbm1_0 
    where
        kbm1_0.kb_id=? 
        and kbm1_0.user_id=?
2026-05-10T19:58:50.488+08:00 DEBUG 39928 --- [wiki-backend] [           main] org.hibernate.SQL                        : 
    select
        kbm1_0.id,
        kbm1_0.created_at,
        kbm1_0.deleted_at,
        kbm1_0.kb_id,
        kbm1_0.role,
        kbm1_0.updated_at,
        kbm1_0.user_id 
    from
        knowledge_base_members kbm1_0 
    where
        kbm1_0.kb_id=? 
        and kbm1_0.user_id=?
2026-05-10T19:58:50.489+08:00 DEBUG 39928 --- [wiki-backend] [           main] org.hibernate.SQL                        : 
    select
        kbm1_0.id,
        kbm1_0.created_at,
        kbm1_0.deleted_at,
        kbm1_0.kb_id,
        kbm1_0.role,
        kbm1_0.updated_at,
        kbm1_0.user_id 
    from
        knowledge_base_members kbm1_0 
    where
        kbm1_0.kb_id=? 
        and kbm1_0.user_id=?
2026-05-10T19:58:50.490+08:00 DEBUG 39928 --- [wiki-backend] [           main] org.hibernate.SQL                        : 
    select
        kbm1_0.id,
        kbm1_0.created_at,
        kbm1_0.deleted_at,
        kbm1_0.kb_id,
        kbm1_0.role,
        kbm1_0.updated_at,
        kbm1_0.user_id 
    from
        knowledge_base_members kbm1_0 
    where
        kbm1_0.kb_id=? 
        and kbm1_0.user_id=?
2026-05-10T19:58:50.491+08:00 DEBUG 39928 --- [wiki-backend] [           main] org.hibernate.SQL                        : 
    select
        kbm1_0.id,
        kbm1_0.created_at,
        kbm1_0.deleted_at,
        kbm1_0.kb_id,
        kbm1_0.role,
        kbm1_0.updated_at,
        kbm1_0.user_id 
    from
        knowledge_base_members kbm1_0 
    where
        kbm1_0.kb_id=? 
        and kbm1_0.user_id=?
2026-05-10T19:58:50.491+08:00 DEBUG 39928 --- [wiki-backend] [           main] org.hibernate.SQL                        : 
    select
        kbm1_0.id,
        kbm1_0.created_at,
        kbm1_0.deleted_at,
        kbm1_0.kb_id,
        kbm1_0.role,
        kbm1_0.updated_at,
        kbm1_0.user_id 
    from
        knowledge_base_members kbm1_0 
    where
        kbm1_0.kb_id=? 
        and kbm1_0.user_id=?
2026-05-10T19:58:50.492+08:00 DEBUG 39928 --- [wiki-backend] [           main] org.hibernate.SQL                        : 
    select
        kbm1_0.id,
        kbm1_0.created_at,
        kbm1_0.deleted_at,
        kbm1_0.kb_id,
        kbm1_0.role,
        kbm1_0.updated_at,
        kbm1_0.user_id 
    from
        knowledge_base_members kbm1_0 
    where
        kbm1_0.kb_id=? 
        and kbm1_0.user_id=?
2026-05-10T19:58:50.493+08:00 DEBUG 39928 --- [wiki-backend] [           main] org.hibernate.SQL                        : 
    select
        kbm1_0.id,
        kbm1_0.created_at,
        kbm1_0.deleted_at,
        kbm1_0.kb_id,
        kbm1_0.role,
        kbm1_0.updated_at,
        kbm1_0.user_id 
    from
        knowledge_base_members kbm1_0 
    where
        kbm1_0.kb_id=? 
        and kbm1_0.user_id=?
2026-05-10T19:58:50.494+08:00 DEBUG 39928 --- [wiki-backend] [           main] org.hibernate.SQL                        : 
    select
        kbm1_0.id,
        kbm1_0.created_at,
        kbm1_0.deleted_at,
        kbm1_0.kb_id,
        kbm1_0.role,
        kbm1_0.updated_at,
        kbm1_0.user_id 
    from
        knowledge_base_members kbm1_0 
    where
        kbm1_0.kb_id=? 
        and kbm1_0.user_id=?
2026-05-10T19:58:50.495+08:00 DEBUG 39928 --- [wiki-backend] [           main] org.hibernate.SQL                        : 
    select
        kbm1_0.id,
        kbm1_0.created_at,
        kbm1_0.deleted_at,
        kbm1_0.kb_id,
        kbm1_0.role,
        kbm1_0.updated_at,
        kbm1_0.user_id 
    from
        knowledge_base_members kbm1_0 
    where
        kbm1_0.kb_id=? 
        and kbm1_0.user_id=?
2026-05-10T19:58:50.496+08:00 DEBUG 39928 --- [wiki-backend] [           main] org.hibernate.SQL                        : 
    select
        kbm1_0.id,
        kbm1_0.created_at,
        kbm1_0.deleted_at,
        kbm1_0.kb_id,
        kbm1_0.role,
        kbm1_0.updated_at,
        kbm1_0.user_id 
    from
        knowledge_base_members kbm1_0 
    where
        kbm1_0.kb_id=? 
        and kbm1_0.user_id=?
2026-05-10T19:58:50.498+08:00 DEBUG 39928 --- [wiki-backend] [           main] org.hibernate.SQL                        : 
    select
        kbm1_0.id,
        kbm1_0.created_at,
        kbm1_0.deleted_at,
        kbm1_0.kb_id,
        kbm1_0.role,
        kbm1_0.updated_at,
        kbm1_0.user_id 
    from
        knowledge_base_members kbm1_0 
    where
        kbm1_0.kb_id=? 
        and kbm1_0.user_id=?
2026-05-10T19:58:50.500+08:00 DEBUG 39928 --- [wiki-backend] [           main] org.hibernate.SQL                        : 
    select
        kbm1_0.id,
        kbm1_0.created_at,
        kbm1_0.deleted_at,
        kbm1_0.kb_id,
        kbm1_0.role,
        kbm1_0.updated_at,
        kbm1_0.user_id 
    from
        knowledge_base_members kbm1_0 
    where
        kbm1_0.kb_id=? 
        and kbm1_0.user_id=?
2026-05-10T19:58:50.500+08:00 DEBUG 39928 --- [wiki-backend] [           main] org.hibernate.SQL                        : 
    select
        kbm1_0.id,
        kbm1_0.created_at,
        kbm1_0.deleted_at,
        kbm1_0.kb_id,
        kbm1_0.role,
        kbm1_0.updated_at,
        kbm1_0.user_id 
    from
        knowledge_base_members kbm1_0 
    where
        kbm1_0.kb_id=? 
        and kbm1_0.user_id=?
2026-05-10T19:58:50.502+08:00 DEBUG 39928 --- [wiki-backend] [           main] org.hibernate.SQL                        : 
    select
        kbm1_0.id,
        kbm1_0.created_at,
        kbm1_0.deleted_at,
        kbm1_0.kb_id,
        kbm1_0.role,
        kbm1_0.updated_at,
        kbm1_0.user_id 
    from
        knowledge_base_members kbm1_0 
    where
        kbm1_0.kb_id=? 
        and kbm1_0.user_id=?
2026-05-10T19:58:50.503+08:00 DEBUG 39928 --- [wiki-backend] [           main] org.hibernate.SQL                        : 
    select
        kbm1_0.id,
        kbm1_0.created_at,
        kbm1_0.deleted_at,
        kbm1_0.kb_id,
        kbm1_0.role,
        kbm1_0.updated_at,
        kbm1_0.user_id 
    from
        knowledge_base_members kbm1_0 
    where
        kbm1_0.kb_id=? 
        and kbm1_0.user_id=?
2026-05-10T19:58:50.504+08:00 DEBUG 39928 --- [wiki-backend] [           main] org.hibernate.SQL                        : 
    select
        kbm1_0.id,
        kbm1_0.created_at,
        kbm1_0.deleted_at,
        kbm1_0.kb_id,
        kbm1_0.role,
        kbm1_0.updated_at,
        kbm1_0.user_id 
    from
        knowledge_base_members kbm1_0 
    where
        kbm1_0.kb_id=? 
        and kbm1_0.user_id=?
2026-05-10T19:58:50.505+08:00 DEBUG 39928 --- [wiki-backend] [           main] org.hibernate.SQL                        : 
    select
        kbm1_0.id,
        kbm1_0.created_at,
        kbm1_0.deleted_at,
        kbm1_0.kb_id,
        kbm1_0.role,
        kbm1_0.updated_at,
        kbm1_0.user_id 
    from
        knowledge_base_members kbm1_0 
    where
        kbm1_0.kb_id=? 
        and kbm1_0.user_id=?
2026-05-10T19:58:50.506+08:00 DEBUG 39928 --- [wiki-backend] [           main] org.hibernate.SQL                        : 
    select
        kbm1_0.id,
        kbm1_0.created_at,
        kbm1_0.deleted_at,
        kbm1_0.kb_id,
        kbm1_0.role,
        kbm1_0.updated_at,
        kbm1_0.user_id 
    from
        knowledge_base_members kbm1_0 
    where
        kbm1_0.kb_id=? 
        and kbm1_0.user_id=?
2026-05-10T19:58:50.507+08:00 DEBUG 39928 --- [wiki-backend] [           main] org.hibernate.SQL                        : 
    select
        kbm1_0.id,
        kbm1_0.created_at,
        kbm1_0.deleted_at,
        kbm1_0.kb_id,
        kbm1_0.role,
        kbm1_0.updated_at,
        kbm1_0.user_id 
    from
        knowledge_base_members kbm1_0 
    where
        kbm1_0.kb_id=? 
        and kbm1_0.user_id=?
2026-05-10T19:58:50.508+08:00 DEBUG 39928 --- [wiki-backend] [           main] org.hibernate.SQL                        : 
    select
        kbm1_0.id,
        kbm1_0.created_at,
        kbm1_0.deleted_at,
        kbm1_0.kb_id,
        kbm1_0.role,
        kbm1_0.updated_at,
        kbm1_0.user_id 
    from
        knowledge_base_members kbm1_0 
    where
        kbm1_0.kb_id=? 
        and kbm1_0.user_id=?
2026-05-10T19:58:50.509+08:00 DEBUG 39928 --- [wiki-backend] [           main] org.hibernate.SQL                        : 
    select
        kbm1_0.id,
        kbm1_0.created_at,
        kbm1_0.deleted_at,
        kbm1_0.kb_id,
        kbm1_0.role,
        kbm1_0.updated_at,
        kbm1_0.user_id 
    from
        knowledge_base_members kbm1_0 
    where
        kbm1_0.kb_id=? 
        and kbm1_0.user_id=?
2026-05-10T19:58:50.510+08:00 DEBUG 39928 --- [wiki-backend] [           main] org.hibernate.SQL                        : 
    select
        kbm1_0.id,
        kbm1_0.created_at,
        kbm1_0.deleted_at,
        kbm1_0.kb_id,
        kbm1_0.role,
        kbm1_0.updated_at,
        kbm1_0.user_id 
    from
        knowledge_base_members kbm1_0 
    where
        kbm1_0.kb_id=? 
        and kbm1_0.user_id=?
2026-05-10T19:58:50.512+08:00 DEBUG 39928 --- [wiki-backend] [           main] org.hibernate.SQL                        : 
    select
        kbm1_0.id,
        kbm1_0.created_at,
        kbm1_0.deleted_at,
        kbm1_0.kb_id,
        kbm1_0.role,
        kbm1_0.updated_at,
        kbm1_0.user_id 
    from
        knowledge_base_members kbm1_0 
    where
        kbm1_0.kb_id=? 
        and kbm1_0.user_id=?
2026-05-10T19:58:50.513+08:00 DEBUG 39928 --- [wiki-backend] [           main] org.hibernate.SQL                        : 
    select
        kbm1_0.id,
        kbm1_0.created_at,
        kbm1_0.deleted_at,
        kbm1_0.kb_id,
        kbm1_0.role,
        kbm1_0.updated_at,
        kbm1_0.user_id 
    from
        knowledge_base_members kbm1_0 
    where
        kbm1_0.kb_id=? 
        and kbm1_0.user_id=?
2026-05-10T19:58:50.514+08:00 DEBUG 39928 --- [wiki-backend] [           main] org.hibernate.SQL                        : 
    select
        kbm1_0.id,
        kbm1_0.created_at,
        kbm1_0.deleted_at,
        kbm1_0.kb_id,
        kbm1_0.role,
        kbm1_0.updated_at,
        kbm1_0.user_id 
    from
        knowledge_base_members kbm1_0 
    where
        kbm1_0.kb_id=? 
        and kbm1_0.user_id=?
2026-05-10T19:58:50.515+08:00 DEBUG 39928 --- [wiki-backend] [           main] org.hibernate.SQL                        : 
    select
        kbm1_0.id,
        kbm1_0.created_at,
        kbm1_0.deleted_at,
        kbm1_0.kb_id,
        kbm1_0.role,
        kbm1_0.updated_at,
        kbm1_0.user_id 
    from
        knowledge_base_members kbm1_0 
    where
        kbm1_0.kb_id=? 
        and kbm1_0.user_id=?
2026-05-10T19:58:50.515+08:00 DEBUG 39928 --- [wiki-backend] [           main] org.hibernate.SQL                        : 
    select
        kbm1_0.id,
        kbm1_0.created_at,
        kbm1_0.deleted_at,
        kbm1_0.kb_id,
        kbm1_0.role,
        kbm1_0.updated_at,
        kbm1_0.user_id 
    from
        knowledge_base_members kbm1_0 
    where
        kbm1_0.kb_id=? 
        and kbm1_0.user_id=?
2026-05-10T19:58:50.516+08:00 DEBUG 39928 --- [wiki-backend] [           main] org.hibernate.SQL                        : 
    select
        kbm1_0.id,
        kbm1_0.created_at,
        kbm1_0.deleted_at,
        kbm1_0.kb_id,
        kbm1_0.role,
        kbm1_0.updated_at,
        kbm1_0.user_id 
    from
        knowledge_base_members kbm1_0 
    where
        kbm1_0.kb_id=? 
        and kbm1_0.user_id=?
2026-05-10T19:58:50.517+08:00 DEBUG 39928 --- [wiki-backend] [           main] org.hibernate.SQL                        : 
    select
        kbm1_0.id,
        kbm1_0.created_at,
        kbm1_0.deleted_at,
        kbm1_0.kb_id,
        kbm1_0.role,
        kbm1_0.updated_at,
        kbm1_0.user_id 
    from
        knowledge_base_members kbm1_0 
    where
        kbm1_0.kb_id=? 
        and kbm1_0.user_id=?
2026-05-10T19:58:50.518+08:00 DEBUG 39928 --- [wiki-backend] [           main] org.hibernate.SQL                        : 
    select
        kbm1_0.id,
        kbm1_0.created_at,
        kbm1_0.deleted_at,
        kbm1_0.kb_id,
        kbm1_0.role,
        kbm1_0.updated_at,
        kbm1_0.user_id 
    from
        knowledge_base_members kbm1_0 
    where
        kbm1_0.kb_id=? 
        and kbm1_0.user_id=?
2026-05-10T19:58:50.519+08:00 DEBUG 39928 --- [wiki-backend] [           main] org.hibernate.SQL                        : 
    select
        kbm1_0.id,
        kbm1_0.created_at,
        kbm1_0.deleted_at,
        kbm1_0.kb_id,
        kbm1_0.role,
        kbm1_0.updated_at,
        kbm1_0.user_id 
    from
        knowledge_base_members kbm1_0 
    where
        kbm1_0.kb_id=? 
        and kbm1_0.user_id=?
2026-05-10T19:58:50.520+08:00 DEBUG 39928 --- [wiki-backend] [           main] org.hibernate.SQL                        : 
    select
        kbm1_0.id,
        kbm1_0.created_at,
        kbm1_0.deleted_at,
        kbm1_0.kb_id,
        kbm1_0.role,
        kbm1_0.updated_at,
        kbm1_0.user_id 
    from
        knowledge_base_members kbm1_0 
    where
        kbm1_0.kb_id=? 
        and kbm1_0.user_id=?
2026-05-10T19:58:50.521+08:00 DEBUG 39928 --- [wiki-backend] [           main] org.hibernate.SQL                        : 
    select
        kbm1_0.id,
        kbm1_0.created_at,
        kbm1_0.deleted_at,
        kbm1_0.kb_id,
        kbm1_0.role,
        kbm1_0.updated_at,
        kbm1_0.user_id 
    from
        knowledge_base_members kbm1_0 
    where
        kbm1_0.kb_id=? 
        and kbm1_0.user_id=?
2026-05-10T19:58:50.522+08:00 DEBUG 39928 --- [wiki-backend] [           main] org.hibernate.SQL                        : 
    select
        kbm1_0.id,
        kbm1_0.created_at,
        kbm1_0.deleted_at,
        kbm1_0.kb_id,
        kbm1_0.role,
        kbm1_0.updated_at,
        kbm1_0.user_id 
    from
        knowledge_base_members kbm1_0 
    where
        kbm1_0.kb_id=? 
        and kbm1_0.user_id=?
2026-05-10T19:58:50.522+08:00 DEBUG 39928 --- [wiki-backend] [           main] org.hibernate.SQL                        : 
    select
        kbm1_0.id,
        kbm1_0.created_at,
        kbm1_0.deleted_at,
        kbm1_0.kb_id,
        kbm1_0.role,
        kbm1_0.updated_at,
        kbm1_0.user_id 
    from
        knowledge_base_members kbm1_0 
    where
        kbm1_0.kb_id=? 
        and kbm1_0.user_id=?
2026-05-10T19:58:50.524+08:00 DEBUG 39928 --- [wiki-backend] [           main] org.hibernate.SQL                        : 
    select
        kbm1_0.id,
        kbm1_0.created_at,
        kbm1_0.deleted_at,
        kbm1_0.kb_id,
        kbm1_0.role,
        kbm1_0.updated_at,
        kbm1_0.user_id 
    from
        knowledge_base_members kbm1_0 
    where
        kbm1_0.kb_id=? 
        and kbm1_0.user_id=?
2026-05-10T19:58:50.525+08:00 DEBUG 39928 --- [wiki-backend] [           main] org.hibernate.SQL                        : 
    select
        kbm1_0.id,
        kbm1_0.created_at,
        kbm1_0.deleted_at,
        kbm1_0.kb_id,
        kbm1_0.role,
        kbm1_0.updated_at,
        kbm1_0.user_id 
    from
        knowledge_base_members kbm1_0 
    where
        kbm1_0.kb_id=? 
        and kbm1_0.user_id=?
2026-05-10T19:58:50.526+08:00 DEBUG 39928 --- [wiki-backend] [           main] org.hibernate.SQL                        : 
    select
        kbm1_0.id,
        kbm1_0.created_at,
        kbm1_0.deleted_at,
        kbm1_0.kb_id,
        kbm1_0.role,
        kbm1_0.updated_at,
        kbm1_0.user_id 
    from
        knowledge_base_members kbm1_0 
    where
        kbm1_0.kb_id=? 
        and kbm1_0.user_id=?
2026-05-10T19:58:50.527+08:00 DEBUG 39928 --- [wiki-backend] [           main] org.hibernate.SQL                        : 
    select
        ua1_0.id,
        ua1_0.avatar_url,
        ua1_0.created_at,
        ua1_0.deleted_at,
        ua1_0.demo_password,
        ua1_0.department_id,
        ua1_0.email,
        ua1_0.nickname,
        ua1_0.password_hash,
        ua1_0.phone,
        ua1_0.role,
        ua1_0.updated_at,
        ua1_0.username 
    from
        users ua1_0
2026-05-10T19:58:50.528+08:00 DEBUG 39928 --- [wiki-backend] [           main] org.hibernate.SQL                        : 
    select
        kbm1_0.id,
        kbm1_0.created_at,
        kbm1_0.deleted_at,
        kbm1_0.kb_id,
        kbm1_0.role,
        kbm1_0.updated_at,
        kbm1_0.user_id 
    from
        knowledge_base_members kbm1_0 
    where
        kbm1_0.kb_id=? 
        and kbm1_0.user_id=?
2026-05-10T19:58:50.529+08:00 DEBUG 39928 --- [wiki-backend] [           main] org.hibernate.SQL                        : 
    select
        kbm1_0.id,
        kbm1_0.created_at,
        kbm1_0.deleted_at,
        kbm1_0.kb_id,
        kbm1_0.role,
        kbm1_0.updated_at,
        kbm1_0.user_id 
    from
        knowledge_base_members kbm1_0 
    where
        kbm1_0.kb_id=? 
        and kbm1_0.user_id=?
2026-05-10T19:58:50.531+08:00 DEBUG 39928 --- [wiki-backend] [           main] org.hibernate.SQL                        : 
    select
        kbm1_0.id,
        kbm1_0.created_at,
        kbm1_0.deleted_at,
        kbm1_0.kb_id,
        kbm1_0.role,
        kbm1_0.updated_at,
        kbm1_0.user_id 
    from
        knowledge_base_members kbm1_0 
    where
        kbm1_0.kb_id=? 
        and kbm1_0.user_id=?
2026-05-10T19:58:50.532+08:00 DEBUG 39928 --- [wiki-backend] [           main] org.hibernate.SQL                        : 
    select
        kbm1_0.id,
        kbm1_0.created_at,
        kbm1_0.deleted_at,
        kbm1_0.kb_id,
        kbm1_0.role,
        kbm1_0.updated_at,
        kbm1_0.user_id 
    from
        knowledge_base_members kbm1_0 
    where
        kbm1_0.kb_id=? 
        and kbm1_0.user_id=?
2026-05-10T19:58:50.533+08:00 DEBUG 39928 --- [wiki-backend] [           main] org.hibernate.SQL                        : 
    select
        kbm1_0.id,
        kbm1_0.created_at,
        kbm1_0.deleted_at,
        kbm1_0.kb_id,
        kbm1_0.role,
        kbm1_0.updated_at,
        kbm1_0.user_id 
    from
        knowledge_base_members kbm1_0 
    where
        kbm1_0.kb_id=? 
        and kbm1_0.user_id=?
2026-05-10T19:58:50.533+08:00 DEBUG 39928 --- [wiki-backend] [           main] org.hibernate.SQL                        : 
    select
        kbm1_0.id,
        kbm1_0.created_at,
        kbm1_0.deleted_at,
        kbm1_0.kb_id,
        kbm1_0.role,
        kbm1_0.updated_at,
        kbm1_0.user_id 
    from
        knowledge_base_members kbm1_0 
    where
        kbm1_0.kb_id=? 
        and kbm1_0.user_id=?
2026-05-10T19:58:50.534+08:00 DEBUG 39928 --- [wiki-backend] [           main] org.hibernate.SQL                        : 
    select
        kbm1_0.id,
        kbm1_0.created_at,
        kbm1_0.deleted_at,
        kbm1_0.kb_id,
        kbm1_0.role,
        kbm1_0.updated_at,
        kbm1_0.user_id 
    from
        knowledge_base_members kbm1_0 
    where
        kbm1_0.kb_id=? 
        and kbm1_0.user_id=?
2026-05-10T19:58:50.534+08:00 DEBUG 39928 --- [wiki-backend] [           main] org.hibernate.SQL                        : 
    select
        kbm1_0.id,
        kbm1_0.created_at,
        kbm1_0.deleted_at,
        kbm1_0.kb_id,
        kbm1_0.role,
        kbm1_0.updated_at,
        kbm1_0.user_id 
    from
        knowledge_base_members kbm1_0 
    where
        kbm1_0.kb_id=? 
        and kbm1_0.user_id=?
2026-05-10T19:58:50.536+08:00 DEBUG 39928 --- [wiki-backend] [           main] org.hibernate.SQL                        : 
    select
        kbm1_0.id,
        kbm1_0.created_at,
        kbm1_0.deleted_at,
        kbm1_0.kb_id,
        kbm1_0.role,
        kbm1_0.updated_at,
        kbm1_0.user_id 
    from
        knowledge_base_members kbm1_0 
    where
        kbm1_0.kb_id=? 
        and kbm1_0.user_id=?
2026-05-10T19:58:50.537+08:00 DEBUG 39928 --- [wiki-backend] [           main] org.hibernate.SQL                        : 
    select
        kbm1_0.id,
        kbm1_0.created_at,
        kbm1_0.deleted_at,
        kbm1_0.kb_id,
        kbm1_0.role,
        kbm1_0.updated_at,
        kbm1_0.user_id 
    from
        knowledge_base_members kbm1_0 
    where
        kbm1_0.kb_id=? 
        and kbm1_0.user_id=?
2026-05-10T19:58:50.537+08:00 DEBUG 39928 --- [wiki-backend] [           main] org.hibernate.SQL                        : 
    select
        kbm1_0.id,
        kbm1_0.created_at,
        kbm1_0.deleted_at,
        kbm1_0.kb_id,
        kbm1_0.role,
        kbm1_0.updated_at,
        kbm1_0.user_id 
    from
        knowledge_base_members kbm1_0 
    where
        kbm1_0.kb_id=? 
        and kbm1_0.user_id=?
2026-05-10T19:58:50.538+08:00 DEBUG 39928 --- [wiki-backend] [           main] org.hibernate.SQL                        : 
    select
        kbm1_0.id,
        kbm1_0.created_at,
        kbm1_0.deleted_at,
        kbm1_0.kb_id,
        kbm1_0.role,
        kbm1_0.updated_at,
        kbm1_0.user_id 
    from
        knowledge_base_members kbm1_0 
    where
        kbm1_0.kb_id=? 
        and kbm1_0.user_id=?
2026-05-10T19:58:50.540+08:00 DEBUG 39928 --- [wiki-backend] [           main] org.hibernate.SQL                        : 
    select
        kbm1_0.id,
        kbm1_0.created_at,
        kbm1_0.deleted_at,
        kbm1_0.kb_id,
        kbm1_0.role,
        kbm1_0.updated_at,
        kbm1_0.user_id 
    from
        knowledge_base_members kbm1_0 
    where
        kbm1_0.kb_id=? 
        and kbm1_0.user_id=?
2026-05-10T19:58:50.540+08:00 DEBUG 39928 --- [wiki-backend] [           main] org.hibernate.SQL                        : 
    select
        kbm1_0.id,
        kbm1_0.created_at,
        kbm1_0.deleted_at,
        kbm1_0.kb_id,
        kbm1_0.role,
        kbm1_0.updated_at,
        kbm1_0.user_id 
    from
        knowledge_base_members kbm1_0 
    where
        kbm1_0.kb_id=? 
        and kbm1_0.user_id=?
2026-05-10T19:58:50.542+08:00 DEBUG 39928 --- [wiki-backend] [           main] org.hibernate.SQL                        : 
    select
        kbm1_0.id,
        kbm1_0.created_at,
        kbm1_0.deleted_at,
        kbm1_0.kb_id,
        kbm1_0.role,
        kbm1_0.updated_at,
        kbm1_0.user_id 
    from
        knowledge_base_members kbm1_0 
    where
        kbm1_0.kb_id=? 
        and kbm1_0.user_id=?
2026-05-10T19:58:50.542+08:00 DEBUG 39928 --- [wiki-backend] [           main] org.hibernate.SQL                        : 
    select
        kbm1_0.id,
        kbm1_0.created_at,
        kbm1_0.deleted_at,
        kbm1_0.kb_id,
        kbm1_0.role,
        kbm1_0.updated_at,
        kbm1_0.user_id 
    from
        knowledge_base_members kbm1_0 
    where
        kbm1_0.kb_id=? 
        and kbm1_0.user_id=?
2026-05-10T19:58:50.543+08:00 DEBUG 39928 --- [wiki-backend] [           main] org.hibernate.SQL                        : 
    select
        kbm1_0.id,
        kbm1_0.created_at,
        kbm1_0.deleted_at,
        kbm1_0.kb_id,
        kbm1_0.role,
        kbm1_0.updated_at,
        kbm1_0.user_id 
    from
        knowledge_base_members kbm1_0 
    where
        kbm1_0.kb_id=? 
        and kbm1_0.user_id=?
2026-05-10T19:58:50.544+08:00 DEBUG 39928 --- [wiki-backend] [           main] org.hibernate.SQL                        : 
    select
        kbm1_0.id,
        kbm1_0.created_at,
        kbm1_0.deleted_at,
        kbm1_0.kb_id,
        kbm1_0.role,
        kbm1_0.updated_at,
        kbm1_0.user_id 
    from
        knowledge_base_members kbm1_0 
    where
        kbm1_0.kb_id=? 
        and kbm1_0.user_id=?
2026-05-10T19:58:50.545+08:00 DEBUG 39928 --- [wiki-backend] [           main] org.hibernate.SQL                        : 
    select
        kbm1_0.id,
        kbm1_0.created_at,
        kbm1_0.deleted_at,
        kbm1_0.kb_id,
        kbm1_0.role,
        kbm1_0.updated_at,
        kbm1_0.user_id 
    from
        knowledge_base_members kbm1_0 
    where
        kbm1_0.kb_id=? 
        and kbm1_0.user_id=?
2026-05-10T19:58:50.546+08:00 DEBUG 39928 --- [wiki-backend] [           main] org.hibernate.SQL                        : 
    select
        kbm1_0.id,
        kbm1_0.created_at,
        kbm1_0.deleted_at,
        kbm1_0.kb_id,
        kbm1_0.role,
        kbm1_0.updated_at,
        kbm1_0.user_id 
    from
        knowledge_base_members kbm1_0 
    where
        kbm1_0.kb_id=? 
        and kbm1_0.user_id=?
2026-05-10T19:58:50.547+08:00 DEBUG 39928 --- [wiki-backend] [           main] org.hibernate.SQL                        : 
    select
        kbm1_0.id,
        kbm1_0.created_at,
        kbm1_0.deleted_at,
        kbm1_0.kb_id,
        kbm1_0.role,
        kbm1_0.updated_at,
        kbm1_0.user_id 
    from
        knowledge_base_members kbm1_0 
    where
        kbm1_0.kb_id=? 
        and kbm1_0.user_id=?
2026-05-10T19:58:50.547+08:00 DEBUG 39928 --- [wiki-backend] [           main] org.hibernate.SQL                        : 
    select
        kbm1_0.id,
        kbm1_0.created_at,
        kbm1_0.deleted_at,
        kbm1_0.kb_id,
        kbm1_0.role,
        kbm1_0.updated_at,
        kbm1_0.user_id 
    from
        knowledge_base_members kbm1_0 
    where
        kbm1_0.kb_id=? 
        and kbm1_0.user_id=?
2026-05-10T19:58:50.549+08:00 DEBUG 39928 --- [wiki-backend] [           main] org.hibernate.SQL                        : 
    select
        kbm1_0.id,
        kbm1_0.created_at,
        kbm1_0.deleted_at,
        kbm1_0.kb_id,
        kbm1_0.role,
        kbm1_0.updated_at,
        kbm1_0.user_id 
    from
        knowledge_base_members kbm1_0 
    where
        kbm1_0.kb_id=? 
        and kbm1_0.user_id=?
2026-05-10T19:58:50.550+08:00 DEBUG 39928 --- [wiki-backend] [           main] org.hibernate.SQL                        : 
    select
        kbm1_0.id,
        kbm1_0.created_at,
        kbm1_0.deleted_at,
        kbm1_0.kb_id,
        kbm1_0.role,
        kbm1_0.updated_at,
        kbm1_0.user_id 
    from
        knowledge_base_members kbm1_0 
    where
        kbm1_0.kb_id=? 
        and kbm1_0.user_id=?
2026-05-10T19:58:50.551+08:00 DEBUG 39928 --- [wiki-backend] [           main] org.hibernate.SQL                        : 
    select
        kbm1_0.id,
        kbm1_0.created_at,
        kbm1_0.deleted_at,
        kbm1_0.kb_id,
        kbm1_0.role,
        kbm1_0.updated_at,
        kbm1_0.user_id 
    from
        knowledge_base_members kbm1_0 
    where
        kbm1_0.kb_id=? 
        and kbm1_0.user_id=?
2026-05-10T19:58:50.552+08:00 DEBUG 39928 --- [wiki-backend] [           main] org.hibernate.SQL                        : 
    select
        kbm1_0.id,
        kbm1_0.created_at,
        kbm1_0.deleted_at,
        kbm1_0.kb_id,
        kbm1_0.role,
        kbm1_0.updated_at,
        kbm1_0.user_id 
    from
        knowledge_base_members kbm1_0 
    where
        kbm1_0.kb_id=? 
        and kbm1_0.user_id=?
2026-05-10T19:58:50.553+08:00 DEBUG 39928 --- [wiki-backend] [           main] org.hibernate.SQL                        : 
    select
        kbm1_0.id,
        kbm1_0.created_at,
        kbm1_0.deleted_at,
        kbm1_0.kb_id,
        kbm1_0.role,
        kbm1_0.updated_at,
        kbm1_0.user_id 
    from
        knowledge_base_members kbm1_0 
    where
        kbm1_0.kb_id=? 
        and kbm1_0.user_id=?
2026-05-10T19:58:50.553+08:00 DEBUG 39928 --- [wiki-backend] [           main] org.hibernate.SQL                        : 
    select
        kbm1_0.id,
        kbm1_0.created_at,
        kbm1_0.deleted_at,
        kbm1_0.kb_id,
        kbm1_0.role,
        kbm1_0.updated_at,
        kbm1_0.user_id 
    from
        knowledge_base_members kbm1_0 
    where
        kbm1_0.kb_id=? 
        and kbm1_0.user_id=?
2026-05-10T19:58:50.554+08:00 DEBUG 39928 --- [wiki-backend] [           main] org.hibernate.SQL                        : 
    select
        kbm1_0.id,
        kbm1_0.created_at,
        kbm1_0.deleted_at,
        kbm1_0.kb_id,
        kbm1_0.role,
        kbm1_0.updated_at,
        kbm1_0.user_id 
    from
        knowledge_base_members kbm1_0 
    where
        kbm1_0.kb_id=? 
        and kbm1_0.user_id=?
2026-05-10T19:58:50.555+08:00 DEBUG 39928 --- [wiki-backend] [           main] org.hibernate.SQL                        : 
    select
        kbm1_0.id,
        kbm1_0.created_at,
        kbm1_0.deleted_at,
        kbm1_0.kb_id,
        kbm1_0.role,
        kbm1_0.updated_at,
        kbm1_0.user_id 
    from
        knowledge_base_members kbm1_0 
    where
        kbm1_0.kb_id=? 
        and kbm1_0.user_id=?
2026-05-10T19:58:50.558+08:00 DEBUG 39928 --- [wiki-backend] [           main] org.hibernate.SQL                        : 
    select
        kbm1_0.id,
        kbm1_0.created_at,
        kbm1_0.deleted_at,
        kbm1_0.kb_id,
        kbm1_0.role,
        kbm1_0.updated_at,
        kbm1_0.user_id 
    from
        knowledge_base_members kbm1_0 
    where
        kbm1_0.kb_id=? 
        and kbm1_0.user_id=?
2026-05-10T19:58:50.559+08:00 DEBUG 39928 --- [wiki-backend] [           main] org.hibernate.SQL                        : 
    select
        kbm1_0.id,
        kbm1_0.created_at,
        kbm1_0.deleted_at,
        kbm1_0.kb_id,
        kbm1_0.role,
        kbm1_0.updated_at,
        kbm1_0.user_id 
    from
        knowledge_base_members kbm1_0 
    where
        kbm1_0.kb_id=? 
        and kbm1_0.user_id=?
2026-05-10T19:58:50.560+08:00 DEBUG 39928 --- [wiki-backend] [           main] org.hibernate.SQL                        : 
    select
        kbm1_0.id,
        kbm1_0.created_at,
        kbm1_0.deleted_at,
        kbm1_0.kb_id,
        kbm1_0.role,
        kbm1_0.updated_at,
        kbm1_0.user_id 
    from
        knowledge_base_members kbm1_0 
    where
        kbm1_0.kb_id=? 
        and kbm1_0.user_id=?
2026-05-10T19:58:50.562+08:00 DEBUG 39928 --- [wiki-backend] [           main] org.hibernate.SQL                        : 
    select
        kbm1_0.id,
        kbm1_0.created_at,
        kbm1_0.deleted_at,
        kbm1_0.kb_id,
        kbm1_0.role,
        kbm1_0.updated_at,
        kbm1_0.user_id 
    from
        knowledge_base_members kbm1_0 
    where
        kbm1_0.kb_id=? 
        and kbm1_0.user_id=?
2026-05-10T19:58:50.563+08:00 DEBUG 39928 --- [wiki-backend] [           main] org.hibernate.SQL                        : 
    select
        kbm1_0.id,
        kbm1_0.created_at,
        kbm1_0.deleted_at,
        kbm1_0.kb_id,
        kbm1_0.role,
        kbm1_0.updated_at,
        kbm1_0.user_id 
    from
        knowledge_base_members kbm1_0 
    where
        kbm1_0.kb_id=? 
        and kbm1_0.user_id=?
2026-05-10T19:58:50.563+08:00 DEBUG 39928 --- [wiki-backend] [           main] org.hibernate.SQL                        : 
    select
        kbm1_0.id,
        kbm1_0.created_at,
        kbm1_0.deleted_at,
        kbm1_0.kb_id,
        kbm1_0.role,
        kbm1_0.updated_at,
        kbm1_0.user_id 
    from
        knowledge_base_members kbm1_0 
    where
        kbm1_0.kb_id=? 
        and kbm1_0.user_id=?
2026-05-10T19:58:50.564+08:00 DEBUG 39928 --- [wiki-backend] [           main] org.hibernate.SQL                        : 
    select
        kbm1_0.id,
        kbm1_0.created_at,
        kbm1_0.deleted_at,
        kbm1_0.kb_id,
        kbm1_0.role,
        kbm1_0.updated_at,
        kbm1_0.user_id 
    from
        knowledge_base_members kbm1_0 
    where
        kbm1_0.kb_id=? 
        and kbm1_0.user_id=?
2026-05-10T19:58:50.565+08:00 DEBUG 39928 --- [wiki-backend] [           main] org.hibernate.SQL                        : 
    select
        kbm1_0.id,
        kbm1_0.created_at,
        kbm1_0.deleted_at,
        kbm1_0.kb_id,
        kbm1_0.role,
        kbm1_0.updated_at,
        kbm1_0.user_id 
    from
        knowledge_base_members kbm1_0 
    where
        kbm1_0.kb_id=? 
        and kbm1_0.user_id=?
2026-05-10T19:58:50.566+08:00 DEBUG 39928 --- [wiki-backend] [           main] org.hibernate.SQL                        : 
    select
        kbm1_0.id,
        kbm1_0.created_at,
        kbm1_0.deleted_at,
        kbm1_0.kb_id,
        kbm1_0.role,
        kbm1_0.updated_at,
        kbm1_0.user_id 
    from
        knowledge_base_members kbm1_0 
    where
        kbm1_0.kb_id=? 
        and kbm1_0.user_id=?
2026-05-10T19:58:50.567+08:00 DEBUG 39928 --- [wiki-backend] [           main] org.hibernate.SQL                        : 
    select
        kbm1_0.id,
        kbm1_0.created_at,
        kbm1_0.deleted_at,
        kbm1_0.kb_id,
        kbm1_0.role,
        kbm1_0.updated_at,
        kbm1_0.user_id 
    from
        knowledge_base_members kbm1_0 
    where
        kbm1_0.kb_id=? 
        and kbm1_0.user_id=?
2026-05-10T19:58:50.568+08:00 DEBUG 39928 --- [wiki-backend] [           main] org.hibernate.SQL                        : 
    select
        kbm1_0.id,
        kbm1_0.created_at,
        kbm1_0.deleted_at,
        kbm1_0.kb_id,
        kbm1_0.role,
        kbm1_0.updated_at,
        kbm1_0.user_id 
    from
        knowledge_base_members kbm1_0 
    where
        kbm1_0.kb_id=? 
        and kbm1_0.user_id=?
2026-05-10T19:58:50.568+08:00 DEBUG 39928 --- [wiki-backend] [           main] org.hibernate.SQL                        : 
    select
        kb1_0.id,
        kb1_0.created_at,
        kb1_0.deleted_at,
        kb1_0.description,
        kb1_0.name,
        kb1_0.owner_id,
        kb1_0.parent_id,
        kb1_0.team_id,
        kb1_0.type,
        kb1_0.updated_at 
    from
        knowledge_bases kb1_0 
    where
        kb1_0.type=? 
        and kb1_0.deleted_at is null
2026-05-10T19:58:50.570+08:00 DEBUG 39928 --- [wiki-backend] [           main] org.hibernate.SQL                        : 
    select
        ua1_0.id,
        ua1_0.avatar_url,
        ua1_0.created_at,
        ua1_0.deleted_at,
        ua1_0.demo_password,
        ua1_0.department_id,
        ua1_0.email,
        ua1_0.nickname,
        ua1_0.password_hash,
        ua1_0.phone,
        ua1_0.role,
        ua1_0.updated_at,
        ua1_0.username 
    from
        users ua1_0
2026-05-10T19:58:50.570+08:00 DEBUG 39928 --- [wiki-backend] [           main] org.hibernate.SQL                        : 
    select
        kbm1_0.id,
        kbm1_0.created_at,
        kbm1_0.deleted_at,
        kbm1_0.kb_id,
        kbm1_0.role,
        kbm1_0.updated_at,
        kbm1_0.user_id 
    from
        knowledge_base_members kbm1_0 
    where
        kbm1_0.kb_id=? 
        and kbm1_0.user_id=?
2026-05-10T19:58:50.571+08:00 DEBUG 39928 --- [wiki-backend] [           main] org.hibernate.SQL                        : 
    select
        kbm1_0.id,
        kbm1_0.created_at,
        kbm1_0.deleted_at,
        kbm1_0.kb_id,
        kbm1_0.role,
        kbm1_0.updated_at,
        kbm1_0.user_id 
    from
        knowledge_base_members kbm1_0 
    where
        kbm1_0.kb_id=? 
        and kbm1_0.user_id=?
2026-05-10T19:58:50.572+08:00 DEBUG 39928 --- [wiki-backend] [           main] org.hibernate.SQL                        : 
    select
        kbm1_0.id,
        kbm1_0.created_at,
        kbm1_0.deleted_at,
        kbm1_0.kb_id,
        kbm1_0.role,
        kbm1_0.updated_at,
        kbm1_0.user_id 
    from
        knowledge_base_members kbm1_0 
    where
        kbm1_0.kb_id=? 
        and kbm1_0.user_id=?
2026-05-10T19:58:50.574+08:00 DEBUG 39928 --- [wiki-backend] [           main] org.hibernate.SQL                        : 
    select
        kbm1_0.id,
        kbm1_0.created_at,
        kbm1_0.deleted_at,
        kbm1_0.kb_id,
        kbm1_0.role,
        kbm1_0.updated_at,
        kbm1_0.user_id 
    from
        knowledge_base_members kbm1_0 
    where
        kbm1_0.kb_id=? 
        and kbm1_0.user_id=?
2026-05-10T19:58:50.575+08:00 DEBUG 39928 --- [wiki-backend] [           main] org.hibernate.SQL                        : 
    select
        kbm1_0.id,
        kbm1_0.created_at,
        kbm1_0.deleted_at,
        kbm1_0.kb_id,
        kbm1_0.role,
        kbm1_0.updated_at,
        kbm1_0.user_id 
    from
        knowledge_base_members kbm1_0 
    where
        kbm1_0.kb_id=? 
        and kbm1_0.user_id=?
2026-05-10T19:58:50.576+08:00 DEBUG 39928 --- [wiki-backend] [           main] org.hibernate.SQL                        : 
    select
        kbm1_0.id,
        kbm1_0.created_at,
        kbm1_0.deleted_at,
        kbm1_0.kb_id,
        kbm1_0.role,
        kbm1_0.updated_at,
        kbm1_0.user_id 
    from
        knowledge_base_members kbm1_0 
    where
        kbm1_0.kb_id=? 
        and kbm1_0.user_id=?
2026-05-10T19:58:50.577+08:00 DEBUG 39928 --- [wiki-backend] [           main] org.hibernate.SQL                        : 
    select
        kbm1_0.id,
        kbm1_0.created_at,
        kbm1_0.deleted_at,
        kbm1_0.kb_id,
        kbm1_0.role,
        kbm1_0.updated_at,
        kbm1_0.user_id 
    from
        knowledge_base_members kbm1_0 
    where
        kbm1_0.kb_id=? 
        and kbm1_0.user_id=?
2026-05-10T19:58:50.579+08:00 DEBUG 39928 --- [wiki-backend] [           main] org.hibernate.SQL                        : 
    select
        kbm1_0.id,
        kbm1_0.created_at,
        kbm1_0.deleted_at,
        kbm1_0.kb_id,
        kbm1_0.role,
        kbm1_0.updated_at,
        kbm1_0.user_id 
    from
        knowledge_base_members kbm1_0 
    where
        kbm1_0.kb_id=? 
        and kbm1_0.user_id=?
2026-05-10T19:58:50.581+08:00 DEBUG 39928 --- [wiki-backend] [           main] org.hibernate.SQL                        : 
    select
        kbm1_0.id,
        kbm1_0.created_at,
        kbm1_0.deleted_at,
        kbm1_0.kb_id,
        kbm1_0.role,
        kbm1_0.updated_at,
        kbm1_0.user_id 
    from
        knowledge_base_members kbm1_0 
    where
        kbm1_0.kb_id=? 
        and kbm1_0.user_id=?
2026-05-10T19:58:50.582+08:00 DEBUG 39928 --- [wiki-backend] [           main] org.hibernate.SQL                        : 
    select
        kbm1_0.id,
        kbm1_0.created_at,
        kbm1_0.deleted_at,
        kbm1_0.kb_id,
        kbm1_0.role,
        kbm1_0.updated_at,
        kbm1_0.user_id 
    from
        knowledge_base_members kbm1_0 
    where
        kbm1_0.kb_id=? 
        and kbm1_0.user_id=?
2026-05-10T19:58:50.583+08:00 DEBUG 39928 --- [wiki-backend] [           main] org.hibernate.SQL                        : 
    select
        kbm1_0.id,
        kbm1_0.created_at,
        kbm1_0.deleted_at,
        kbm1_0.kb_id,
        kbm1_0.role,
        kbm1_0.updated_at,
        kbm1_0.user_id 
    from
        knowledge_base_members kbm1_0 
    where
        kbm1_0.kb_id=? 
        and kbm1_0.user_id=?
2026-05-10T19:58:50.584+08:00 DEBUG 39928 --- [wiki-backend] [           main] org.hibernate.SQL                        : 
    select
        kbm1_0.id,
        kbm1_0.created_at,
        kbm1_0.deleted_at,
        kbm1_0.kb_id,
        kbm1_0.role,
        kbm1_0.updated_at,
        kbm1_0.user_id 
    from
        knowledge_base_members kbm1_0 
    where
        kbm1_0.kb_id=? 
        and kbm1_0.user_id=?
2026-05-10T19:58:50.585+08:00 DEBUG 39928 --- [wiki-backend] [           main] org.hibernate.SQL                        : 
    select
        kbm1_0.id,
        kbm1_0.created_at,
        kbm1_0.deleted_at,
        kbm1_0.kb_id,
        kbm1_0.role,
        kbm1_0.updated_at,
        kbm1_0.user_id 
    from
        knowledge_base_members kbm1_0 
    where
        kbm1_0.kb_id=? 
        and kbm1_0.user_id=?
2026-05-10T19:58:50.585+08:00 DEBUG 39928 --- [wiki-backend] [           main] org.hibernate.SQL                        : 
    select
        kbm1_0.id,
        kbm1_0.created_at,
        kbm1_0.deleted_at,
        kbm1_0.kb_id,
        kbm1_0.role,
        kbm1_0.updated_at,
        kbm1_0.user_id 
    from
        knowledge_base_members kbm1_0 
    where
        kbm1_0.kb_id=? 
        and kbm1_0.user_id=?
2026-05-10T19:58:50.587+08:00 DEBUG 39928 --- [wiki-backend] [           main] org.hibernate.SQL                        : 
    select
        kbm1_0.id,
        kbm1_0.created_at,
        kbm1_0.deleted_at,
        kbm1_0.kb_id,
        kbm1_0.role,
        kbm1_0.updated_at,
        kbm1_0.user_id 
    from
        knowledge_base_members kbm1_0 
    where
        kbm1_0.kb_id=? 
        and kbm1_0.user_id=?
2026-05-10T19:58:50.587+08:00 DEBUG 39928 --- [wiki-backend] [           main] org.hibernate.SQL                        : 
    select
        kbm1_0.id,
        kbm1_0.created_at,
        kbm1_0.deleted_at,
        kbm1_0.kb_id,
        kbm1_0.role,
        kbm1_0.updated_at,
        kbm1_0.user_id 
    from
        knowledge_base_members kbm1_0 
    where
        kbm1_0.kb_id=? 
        and kbm1_0.user_id=?
2026-05-10T19:58:50.588+08:00 DEBUG 39928 --- [wiki-backend] [           main] org.hibernate.SQL                        : 
    select
        kbm1_0.id,
        kbm1_0.created_at,
        kbm1_0.deleted_at,
        kbm1_0.kb_id,
        kbm1_0.role,
        kbm1_0.updated_at,
        kbm1_0.user_id 
    from
        knowledge_base_members kbm1_0 
    where
        kbm1_0.kb_id=? 
        and kbm1_0.user_id=?
2026-05-10T19:58:50.590+08:00 DEBUG 39928 --- [wiki-backend] [           main] org.hibernate.SQL                        : 
    select
        kbm1_0.id,
        kbm1_0.created_at,
        kbm1_0.deleted_at,
        kbm1_0.kb_id,
        kbm1_0.role,
        kbm1_0.updated_at,
        kbm1_0.user_id 
    from
        knowledge_base_members kbm1_0 
    where
        kbm1_0.kb_id=? 
        and kbm1_0.user_id=?
2026-05-10T19:58:50.591+08:00 DEBUG 39928 --- [wiki-backend] [           main] org.hibernate.SQL                        : 
    select
        kbm1_0.id,
        kbm1_0.created_at,
        kbm1_0.deleted_at,
        kbm1_0.kb_id,
        kbm1_0.role,
        kbm1_0.updated_at,
        kbm1_0.user_id 
    from
        knowledge_base_members kbm1_0 
    where
        kbm1_0.kb_id=? 
        and kbm1_0.user_id=?
2026-05-10T19:58:50.592+08:00 DEBUG 39928 --- [wiki-backend] [           main] org.hibernate.SQL                        : 
    select
        kbm1_0.id,
        kbm1_0.created_at,
        kbm1_0.deleted_at,
        kbm1_0.kb_id,
        kbm1_0.role,
        kbm1_0.updated_at,
        kbm1_0.user_id 
    from
        knowledge_base_members kbm1_0 
    where
        kbm1_0.kb_id=? 
        and kbm1_0.user_id=?
2026-05-10T19:58:50.594+08:00 DEBUG 39928 --- [wiki-backend] [           main] org.hibernate.SQL                        : 
    select
        utm1_0.id,
        utm1_0.created_at,
        utm1_0.deleted_at,
        utm1_0.team_id,
        utm1_0.updated_at,
        utm1_0.user_id 
    from
        user_team_memberships utm1_0 
    where
        utm1_0.user_id=? 
        and utm1_0.deleted_at is null
2026-05-10T19:58:50.596+08:00 DEBUG 39928 --- [wiki-backend] [           main] org.hibernate.SQL                        : 
    select
        d1_0.id,
        d1_0.created_at,
        d1_0.deleted_at,
        d1_0.description,
        d1_0.manager_id,
        d1_0.name,
        d1_0.parent_id,
        d1_0.updated_at 
    from
        departments d1_0 
    where
        d1_0.id=?
2026-05-10T19:58:50.597+08:00 DEBUG 39928 --- [wiki-backend] [           main] org.hibernate.SQL                        : 
    select
        d1_0.id,
        d1_0.created_at,
        d1_0.deleted_at,
        d1_0.description,
        d1_0.manager_id,
        d1_0.name,
        d1_0.parent_id,
        d1_0.updated_at 
    from
        departments d1_0 
    where
        d1_0.id=?
2026-05-10T19:58:50.598+08:00 DEBUG 39928 --- [wiki-backend] [           main] org.hibernate.SQL                        : 
    select
        kbm1_0.id,
        kbm1_0.created_at,
        kbm1_0.deleted_at,
        kbm1_0.kb_id,
        kbm1_0.role,
        kbm1_0.updated_at,
        kbm1_0.user_id 
    from
        knowledge_base_members kbm1_0 
    where
        kbm1_0.kb_id=? 
        and kbm1_0.user_id=?
2026-05-10T19:58:50.599+08:00 DEBUG 39928 --- [wiki-backend] [           main] org.hibernate.SQL                        : 
    select
        kbm1_0.id,
        kbm1_0.created_at,
        kbm1_0.deleted_at,
        kbm1_0.kb_id,
        kbm1_0.role,
        kbm1_0.updated_at,
        kbm1_0.user_id 
    from
        knowledge_base_members kbm1_0 
    where
        kbm1_0.kb_id=? 
        and kbm1_0.user_id=?
2026-05-10T19:58:50.600+08:00 DEBUG 39928 --- [wiki-backend] [           main] org.hibernate.SQL                        : 
    select
        utm1_0.id,
        utm1_0.created_at,
        utm1_0.deleted_at,
        utm1_0.team_id,
        utm1_0.updated_at,
        utm1_0.user_id 
    from
        user_team_memberships utm1_0 
    where
        utm1_0.user_id=? 
        and utm1_0.deleted_at is null
2026-05-10T19:58:50.600+08:00 DEBUG 39928 --- [wiki-backend] [           main] org.hibernate.SQL                        : 
    select
        d1_0.id,
        d1_0.created_at,
        d1_0.deleted_at,
        d1_0.description,
        d1_0.manager_id,
        d1_0.name,
        d1_0.parent_id,
        d1_0.updated_at 
    from
        departments d1_0 
    where
        d1_0.id=?
2026-05-10T19:58:50.601+08:00 DEBUG 39928 --- [wiki-backend] [           main] org.hibernate.SQL                        : 
    select
        kbm1_0.id,
        kbm1_0.created_at,
        kbm1_0.deleted_at,
        kbm1_0.kb_id,
        kbm1_0.role,
        kbm1_0.updated_at,
        kbm1_0.user_id 
    from
        knowledge_base_members kbm1_0 
    where
        kbm1_0.kb_id=? 
        and kbm1_0.user_id=?
2026-05-10T19:58:50.603+08:00 DEBUG 39928 --- [wiki-backend] [           main] org.hibernate.SQL                        : 
    select
        kbm1_0.id,
        kbm1_0.created_at,
        kbm1_0.deleted_at,
        kbm1_0.kb_id,
        kbm1_0.role,
        kbm1_0.updated_at,
        kbm1_0.user_id 
    from
        knowledge_base_members kbm1_0 
    where
        kbm1_0.kb_id=? 
        and kbm1_0.user_id=?
2026-05-10T19:58:50.603+08:00 DEBUG 39928 --- [wiki-backend] [           main] org.hibernate.SQL                        : 
    select
        utm1_0.id,
        utm1_0.created_at,
        utm1_0.deleted_at,
        utm1_0.team_id,
        utm1_0.updated_at,
        utm1_0.user_id 
    from
        user_team_memberships utm1_0 
    where
        utm1_0.user_id=? 
        and utm1_0.deleted_at is null
2026-05-10T19:58:50.605+08:00 DEBUG 39928 --- [wiki-backend] [           main] org.hibernate.SQL                        : 
    select
        kbm1_0.id,
        kbm1_0.created_at,
        kbm1_0.deleted_at,
        kbm1_0.kb_id,
        kbm1_0.role,
        kbm1_0.updated_at,
        kbm1_0.user_id 
    from
        knowledge_base_members kbm1_0 
    where
        kbm1_0.kb_id=? 
        and kbm1_0.user_id=?
2026-05-10T19:58:50.606+08:00 DEBUG 39928 --- [wiki-backend] [           main] org.hibernate.SQL                        : 
    select
        utm1_0.id,
        utm1_0.created_at,
        utm1_0.deleted_at,
        utm1_0.team_id,
        utm1_0.updated_at,
        utm1_0.user_id 
    from
        user_team_memberships utm1_0 
    where
        utm1_0.user_id=? 
        and utm1_0.deleted_at is null
2026-05-10T19:58:50.606+08:00 DEBUG 39928 --- [wiki-backend] [           main] org.hibernate.SQL                        : 
    select
        kbm1_0.id,
        kbm1_0.created_at,
        kbm1_0.deleted_at,
        kbm1_0.kb_id,
        kbm1_0.role,
        kbm1_0.updated_at,
        kbm1_0.user_id 
    from
        knowledge_base_members kbm1_0 
    where
        kbm1_0.kb_id=? 
        and kbm1_0.user_id=?
2026-05-10T19:58:50.607+08:00 DEBUG 39928 --- [wiki-backend] [           main] org.hibernate.SQL                        : 
    select
        utm1_0.id,
        utm1_0.created_at,
        utm1_0.deleted_at,
        utm1_0.team_id,
        utm1_0.updated_at,
        utm1_0.user_id 
    from
        user_team_memberships utm1_0 
    where
        utm1_0.user_id=? 
        and utm1_0.deleted_at is null
2026-05-10T19:58:50.607+08:00 DEBUG 39928 --- [wiki-backend] [           main] org.hibernate.SQL                        : 
    select
        d1_0.id,
        d1_0.created_at,
        d1_0.deleted_at,
        d1_0.description,
        d1_0.manager_id,
        d1_0.name,
        d1_0.parent_id,
        d1_0.updated_at 
    from
        departments d1_0 
    where
        d1_0.id=?
2026-05-10T19:58:50.608+08:00 DEBUG 39928 --- [wiki-backend] [           main] org.hibernate.SQL                        : 
    select
        kbm1_0.id,
        kbm1_0.created_at,
        kbm1_0.deleted_at,
        kbm1_0.kb_id,
        kbm1_0.role,
        kbm1_0.updated_at,
        kbm1_0.user_id 
    from
        knowledge_base_members kbm1_0 
    where
        kbm1_0.kb_id=? 
        and kbm1_0.user_id=?
2026-05-10T19:58:50.609+08:00 DEBUG 39928 --- [wiki-backend] [           main] org.hibernate.SQL                        : 
    select
        utm1_0.id,
        utm1_0.created_at,
        utm1_0.deleted_at,
        utm1_0.team_id,
        utm1_0.updated_at,
        utm1_0.user_id 
    from
        user_team_memberships utm1_0 
    where
        utm1_0.user_id=? 
        and utm1_0.deleted_at is null
2026-05-10T19:58:50.610+08:00 DEBUG 39928 --- [wiki-backend] [           main] org.hibernate.SQL                        : 
    select
        kbm1_0.id,
        kbm1_0.created_at,
        kbm1_0.deleted_at,
        kbm1_0.kb_id,
        kbm1_0.role,
        kbm1_0.updated_at,
        kbm1_0.user_id 
    from
        knowledge_base_members kbm1_0 
    where
        kbm1_0.kb_id=? 
        and kbm1_0.user_id=?
2026-05-10T19:58:50.612+08:00 DEBUG 39928 --- [wiki-backend] [           main] org.hibernate.SQL                        : 
    select
        utm1_0.id,
        utm1_0.created_at,
        utm1_0.deleted_at,
        utm1_0.team_id,
        utm1_0.updated_at,
        utm1_0.user_id 
    from
        user_team_memberships utm1_0 
    where
        utm1_0.user_id=? 
        and utm1_0.deleted_at is null
2026-05-10T19:58:50.613+08:00 DEBUG 39928 --- [wiki-backend] [           main] org.hibernate.SQL                        : 
    select
        d1_0.id,
        d1_0.created_at,
        d1_0.deleted_at,
        d1_0.description,
        d1_0.manager_id,
        d1_0.name,
        d1_0.parent_id,
        d1_0.updated_at 
    from
        departments d1_0 
    where
        d1_0.id=?
2026-05-10T19:58:50.613+08:00 DEBUG 39928 --- [wiki-backend] [           main] org.hibernate.SQL                        : 
    select
        kbm1_0.id,
        kbm1_0.created_at,
        kbm1_0.deleted_at,
        kbm1_0.kb_id,
        kbm1_0.role,
        kbm1_0.updated_at,
        kbm1_0.user_id 
    from
        knowledge_base_members kbm1_0 
    where
        kbm1_0.kb_id=? 
        and kbm1_0.user_id=?
2026-05-10T19:58:50.614+08:00 DEBUG 39928 --- [wiki-backend] [           main] org.hibernate.SQL                        : 
    select
        utm1_0.id,
        utm1_0.created_at,
        utm1_0.deleted_at,
        utm1_0.team_id,
        utm1_0.updated_at,
        utm1_0.user_id 
    from
        user_team_memberships utm1_0 
    where
        utm1_0.user_id=? 
        and utm1_0.deleted_at is null
2026-05-10T19:58:50.615+08:00 DEBUG 39928 --- [wiki-backend] [           main] org.hibernate.SQL                        : 
    select
        kbm1_0.id,
        kbm1_0.created_at,
        kbm1_0.deleted_at,
        kbm1_0.kb_id,
        kbm1_0.role,
        kbm1_0.updated_at,
        kbm1_0.user_id 
    from
        knowledge_base_members kbm1_0 
    where
        kbm1_0.kb_id=? 
        and kbm1_0.user_id=?
2026-05-10T19:58:50.616+08:00 DEBUG 39928 --- [wiki-backend] [           main] org.hibernate.SQL                        : 
    select
        utm1_0.id,
        utm1_0.created_at,
        utm1_0.deleted_at,
        utm1_0.team_id,
        utm1_0.updated_at,
        utm1_0.user_id 
    from
        user_team_memberships utm1_0 
    where
        utm1_0.user_id=? 
        and utm1_0.deleted_at is null
2026-05-10T19:58:50.617+08:00 DEBUG 39928 --- [wiki-backend] [           main] org.hibernate.SQL                        : 
    select
        d1_0.id,
        d1_0.created_at,
        d1_0.deleted_at,
        d1_0.description,
        d1_0.manager_id,
        d1_0.name,
        d1_0.parent_id,
        d1_0.updated_at 
    from
        departments d1_0 
    where
        d1_0.id=?
2026-05-10T19:58:50.618+08:00 DEBUG 39928 --- [wiki-backend] [           main] org.hibernate.SQL                        : 
    select
        kbm1_0.id,
        kbm1_0.created_at,
        kbm1_0.deleted_at,
        kbm1_0.kb_id,
        kbm1_0.role,
        kbm1_0.updated_at,
        kbm1_0.user_id 
    from
        knowledge_base_members kbm1_0 
    where
        kbm1_0.kb_id=? 
        and kbm1_0.user_id=?
2026-05-10T19:58:50.620+08:00 DEBUG 39928 --- [wiki-backend] [           main] org.hibernate.SQL                        : 
    select
        utm1_0.id,
        utm1_0.created_at,
        utm1_0.deleted_at,
        utm1_0.team_id,
        utm1_0.updated_at,
        utm1_0.user_id 
    from
        user_team_memberships utm1_0 
    where
        utm1_0.user_id=? 
        and utm1_0.deleted_at is null
2026-05-10T19:58:50.620+08:00 DEBUG 39928 --- [wiki-backend] [           main] org.hibernate.SQL                        : 
    select
        kbm1_0.id,
        kbm1_0.created_at,
        kbm1_0.deleted_at,
        kbm1_0.kb_id,
        kbm1_0.role,
        kbm1_0.updated_at,
        kbm1_0.user_id 
    from
        knowledge_base_members kbm1_0 
    where
        kbm1_0.kb_id=? 
        and kbm1_0.user_id=?
2026-05-10T19:58:50.621+08:00 DEBUG 39928 --- [wiki-backend] [           main] org.hibernate.SQL                        : 
    select
        utm1_0.id,
        utm1_0.created_at,
        utm1_0.deleted_at,
        utm1_0.team_id,
        utm1_0.updated_at,
        utm1_0.user_id 
    from
        user_team_memberships utm1_0 
    where
        utm1_0.user_id=? 
        and utm1_0.deleted_at is null
2026-05-10T19:58:50.622+08:00 DEBUG 39928 --- [wiki-backend] [           main] org.hibernate.SQL                        : 
    select
        d1_0.id,
        d1_0.created_at,
        d1_0.deleted_at,
        d1_0.description,
        d1_0.manager_id,
        d1_0.name,
        d1_0.parent_id,
        d1_0.updated_at 
    from
        departments d1_0 
    where
        d1_0.id=?
2026-05-10T19:58:50.622+08:00 DEBUG 39928 --- [wiki-backend] [           main] org.hibernate.SQL                        : 
    select
        kbm1_0.id,
        kbm1_0.created_at,
        kbm1_0.deleted_at,
        kbm1_0.kb_id,
        kbm1_0.role,
        kbm1_0.updated_at,
        kbm1_0.user_id 
    from
        knowledge_base_members kbm1_0 
    where
        kbm1_0.kb_id=? 
        and kbm1_0.user_id=?
2026-05-10T19:58:50.624+08:00 DEBUG 39928 --- [wiki-backend] [           main] org.hibernate.SQL                        : 
    select
        utm1_0.id,
        utm1_0.created_at,
        utm1_0.deleted_at,
        utm1_0.team_id,
        utm1_0.updated_at,
        utm1_0.user_id 
    from
        user_team_memberships utm1_0 
    where
        utm1_0.user_id=? 
        and utm1_0.deleted_at is null
2026-05-10T19:58:50.625+08:00 DEBUG 39928 --- [wiki-backend] [           main] org.hibernate.SQL                        : 
    select
        kbm1_0.id,
        kbm1_0.created_at,
        kbm1_0.deleted_at,
        kbm1_0.kb_id,
        kbm1_0.role,
        kbm1_0.updated_at,
        kbm1_0.user_id 
    from
        knowledge_base_members kbm1_0 
    where
        kbm1_0.kb_id=? 
        and kbm1_0.user_id=?
2026-05-10T19:58:50.625+08:00 DEBUG 39928 --- [wiki-backend] [           main] org.hibernate.SQL                        : 
    select
        utm1_0.id,
        utm1_0.created_at,
        utm1_0.deleted_at,
        utm1_0.team_id,
        utm1_0.updated_at,
        utm1_0.user_id 
    from
        user_team_memberships utm1_0 
    where
        utm1_0.user_id=? 
        and utm1_0.deleted_at is null
2026-05-10T19:58:50.626+08:00 DEBUG 39928 --- [wiki-backend] [           main] org.hibernate.SQL                        : 
    select
        d1_0.id,
        d1_0.created_at,
        d1_0.deleted_at,
        d1_0.description,
        d1_0.manager_id,
        d1_0.name,
        d1_0.parent_id,
        d1_0.updated_at 
    from
        departments d1_0 
    where
        d1_0.id=?
2026-05-10T19:58:50.627+08:00 DEBUG 39928 --- [wiki-backend] [           main] org.hibernate.SQL                        : 
    select
        kbm1_0.id,
        kbm1_0.created_at,
        kbm1_0.deleted_at,
        kbm1_0.kb_id,
        kbm1_0.role,
        kbm1_0.updated_at,
        kbm1_0.user_id 
    from
        knowledge_base_members kbm1_0 
    where
        kbm1_0.kb_id=? 
        and kbm1_0.user_id=?
2026-05-10T19:58:50.628+08:00 DEBUG 39928 --- [wiki-backend] [           main] org.hibernate.SQL                        : 
    select
        utm1_0.id,
        utm1_0.created_at,
        utm1_0.deleted_at,
        utm1_0.team_id,
        utm1_0.updated_at,
        utm1_0.user_id 
    from
        user_team_memberships utm1_0 
    where
        utm1_0.user_id=? 
        and utm1_0.deleted_at is null
2026-05-10T19:58:50.628+08:00 DEBUG 39928 --- [wiki-backend] [           main] org.hibernate.SQL                        : 
    select
        kbm1_0.id,
        kbm1_0.created_at,
        kbm1_0.deleted_at,
        kbm1_0.kb_id,
        kbm1_0.role,
        kbm1_0.updated_at,
        kbm1_0.user_id 
    from
        knowledge_base_members kbm1_0 
    where
        kbm1_0.kb_id=? 
        and kbm1_0.user_id=?
2026-05-10T19:58:50.629+08:00 DEBUG 39928 --- [wiki-backend] [           main] org.hibernate.SQL                        : 
    select
        utm1_0.id,
        utm1_0.created_at,
        utm1_0.deleted_at,
        utm1_0.team_id,
        utm1_0.updated_at,
        utm1_0.user_id 
    from
        user_team_memberships utm1_0 
    where
        utm1_0.user_id=? 
        and utm1_0.deleted_at is null
2026-05-10T19:58:50.629+08:00 DEBUG 39928 --- [wiki-backend] [           main] org.hibernate.SQL                        : 
    select
        d1_0.id,
        d1_0.created_at,
        d1_0.deleted_at,
        d1_0.description,
        d1_0.manager_id,
        d1_0.name,
        d1_0.parent_id,
        d1_0.updated_at 
    from
        departments d1_0 
    where
        d1_0.id=?
2026-05-10T19:58:50.631+08:00 DEBUG 39928 --- [wiki-backend] [           main] org.hibernate.SQL                        : 
    select
        kbm1_0.id,
        kbm1_0.created_at,
        kbm1_0.deleted_at,
        kbm1_0.kb_id,
        kbm1_0.role,
        kbm1_0.updated_at,
        kbm1_0.user_id 
    from
        knowledge_base_members kbm1_0 
    where
        kbm1_0.kb_id=? 
        and kbm1_0.user_id=?
2026-05-10T19:58:50.631+08:00 DEBUG 39928 --- [wiki-backend] [           main] org.hibernate.SQL                        : 
    select
        utm1_0.id,
        utm1_0.created_at,
        utm1_0.deleted_at,
        utm1_0.team_id,
        utm1_0.updated_at,
        utm1_0.user_id 
    from
        user_team_memberships utm1_0 
    where
        utm1_0.user_id=? 
        and utm1_0.deleted_at is null
2026-05-10T19:58:50.632+08:00 DEBUG 39928 --- [wiki-backend] [           main] org.hibernate.SQL                        : 
    select
        kbm1_0.id,
        kbm1_0.created_at,
        kbm1_0.deleted_at,
        kbm1_0.kb_id,
        kbm1_0.role,
        kbm1_0.updated_at,
        kbm1_0.user_id 
    from
        knowledge_base_members kbm1_0 
    where
        kbm1_0.kb_id=? 
        and kbm1_0.user_id=?
2026-05-10T19:58:50.632+08:00 DEBUG 39928 --- [wiki-backend] [           main] org.hibernate.SQL                        : 
    select
        utm1_0.id,
        utm1_0.created_at,
        utm1_0.deleted_at,
        utm1_0.team_id,
        utm1_0.updated_at,
        utm1_0.user_id 
    from
        user_team_memberships utm1_0 
    where
        utm1_0.user_id=? 
        and utm1_0.deleted_at is null
2026-05-10T19:58:50.633+08:00 DEBUG 39928 --- [wiki-backend] [           main] org.hibernate.SQL                        : 
    select
        kbm1_0.id,
        kbm1_0.created_at,
        kbm1_0.deleted_at,
        kbm1_0.kb_id,
        kbm1_0.role,
        kbm1_0.updated_at,
        kbm1_0.user_id 
    from
        knowledge_base_members kbm1_0 
    where
        kbm1_0.kb_id=? 
        and kbm1_0.user_id=?
2026-05-10T19:58:50.634+08:00 DEBUG 39928 --- [wiki-backend] [           main] org.hibernate.SQL                        : 
    select
        utm1_0.id,
        utm1_0.created_at,
        utm1_0.deleted_at,
        utm1_0.team_id,
        utm1_0.updated_at,
        utm1_0.user_id 
    from
        user_team_memberships utm1_0 
    where
        utm1_0.user_id=? 
        and utm1_0.deleted_at is null
2026-05-10T19:58:50.635+08:00 DEBUG 39928 --- [wiki-backend] [           main] org.hibernate.SQL                        : 
    select
        kbm1_0.id,
        kbm1_0.created_at,
        kbm1_0.deleted_at,
        kbm1_0.kb_id,
        kbm1_0.role,
        kbm1_0.updated_at,
        kbm1_0.user_id 
    from
        knowledge_base_members kbm1_0 
    where
        kbm1_0.kb_id=? 
        and kbm1_0.user_id=?
2026-05-10T19:58:50.636+08:00 DEBUG 39928 --- [wiki-backend] [           main] org.hibernate.SQL                        : 
    select
        kbm1_0.id,
        kbm1_0.created_at,
        kbm1_0.deleted_at,
        kbm1_0.kb_id,
        kbm1_0.role,
        kbm1_0.updated_at,
        kbm1_0.user_id 
    from
        knowledge_base_members kbm1_0 
    where
        kbm1_0.kb_id=? 
        and kbm1_0.user_id=?
2026-05-10T19:58:50.637+08:00 DEBUG 39928 --- [wiki-backend] [           main] org.hibernate.SQL                        : 
    select
        ua1_0.id,
        ua1_0.avatar_url,
        ua1_0.created_at,
        ua1_0.deleted_at,
        ua1_0.demo_password,
        ua1_0.department_id,
        ua1_0.email,
        ua1_0.nickname,
        ua1_0.password_hash,
        ua1_0.phone,
        ua1_0.role,
        ua1_0.updated_at,
        ua1_0.username 
    from
        users ua1_0
2026-05-10T19:58:50.638+08:00 DEBUG 39928 --- [wiki-backend] [           main] org.hibernate.SQL                        : 
    select
        kbm1_0.id,
        kbm1_0.created_at,
        kbm1_0.deleted_at,
        kbm1_0.kb_id,
        kbm1_0.role,
        kbm1_0.updated_at,
        kbm1_0.user_id 
    from
        knowledge_base_members kbm1_0 
    where
        kbm1_0.kb_id=? 
        and kbm1_0.user_id=?
2026-05-10T19:58:50.638+08:00 DEBUG 39928 --- [wiki-backend] [           main] org.hibernate.SQL                        : 
    select
        kbm1_0.id,
        kbm1_0.created_at,
        kbm1_0.deleted_at,
        kbm1_0.kb_id,
        kbm1_0.role,
        kbm1_0.updated_at,
        kbm1_0.user_id 
    from
        knowledge_base_members kbm1_0 
    where
        kbm1_0.kb_id=? 
        and kbm1_0.user_id=?
2026-05-10T19:58:50.640+08:00 DEBUG 39928 --- [wiki-backend] [           main] org.hibernate.SQL                        : 
    select
        kbm1_0.id,
        kbm1_0.created_at,
        kbm1_0.deleted_at,
        kbm1_0.kb_id,
        kbm1_0.role,
        kbm1_0.updated_at,
        kbm1_0.user_id 
    from
        knowledge_base_members kbm1_0 
    where
        kbm1_0.kb_id=? 
        and kbm1_0.user_id=?
2026-05-10T19:58:50.642+08:00 DEBUG 39928 --- [wiki-backend] [           main] org.hibernate.SQL                        : 
    select
        kbm1_0.id,
        kbm1_0.created_at,
        kbm1_0.deleted_at,
        kbm1_0.kb_id,
        kbm1_0.role,
        kbm1_0.updated_at,
        kbm1_0.user_id 
    from
        knowledge_base_members kbm1_0 
    where
        kbm1_0.kb_id=? 
        and kbm1_0.user_id=?
2026-05-10T19:58:50.643+08:00 DEBUG 39928 --- [wiki-backend] [           main] org.hibernate.SQL                        : 
    select
        kbm1_0.id,
        kbm1_0.created_at,
        kbm1_0.deleted_at,
        kbm1_0.kb_id,
        kbm1_0.role,
        kbm1_0.updated_at,
        kbm1_0.user_id 
    from
        knowledge_base_members kbm1_0 
    where
        kbm1_0.kb_id=? 
        and kbm1_0.user_id=?
2026-05-10T19:58:50.644+08:00 DEBUG 39928 --- [wiki-backend] [           main] org.hibernate.SQL                        : 
    select
        kbm1_0.id,
        kbm1_0.created_at,
        kbm1_0.deleted_at,
        kbm1_0.kb_id,
        kbm1_0.role,
        kbm1_0.updated_at,
        kbm1_0.user_id 
    from
        knowledge_base_members kbm1_0 
    where
        kbm1_0.kb_id=? 
        and kbm1_0.user_id=?
2026-05-10T19:58:50.644+08:00 DEBUG 39928 --- [wiki-backend] [           main] org.hibernate.SQL                        : 
    select
        kbm1_0.id,
        kbm1_0.created_at,
        kbm1_0.deleted_at,
        kbm1_0.kb_id,
        kbm1_0.role,
        kbm1_0.updated_at,
        kbm1_0.user_id 
    from
        knowledge_base_members kbm1_0 
    where
        kbm1_0.kb_id=? 
        and kbm1_0.user_id=?
2026-05-10T19:58:50.645+08:00 DEBUG 39928 --- [wiki-backend] [           main] org.hibernate.SQL                        : 
    select
        kbm1_0.id,
        kbm1_0.created_at,
        kbm1_0.deleted_at,
        kbm1_0.kb_id,
        kbm1_0.role,
        kbm1_0.updated_at,
        kbm1_0.user_id 
    from
        knowledge_base_members kbm1_0 
    where
        kbm1_0.kb_id=? 
        and kbm1_0.user_id=?
2026-05-10T19:58:50.646+08:00 DEBUG 39928 --- [wiki-backend] [           main] org.hibernate.SQL                        : 
    select
        kbm1_0.id,
        kbm1_0.created_at,
        kbm1_0.deleted_at,
        kbm1_0.kb_id,
        kbm1_0.role,
        kbm1_0.updated_at,
        kbm1_0.user_id 
    from
        knowledge_base_members kbm1_0 
    where
        kbm1_0.kb_id=? 
        and kbm1_0.user_id=?
2026-05-10T19:58:50.647+08:00 DEBUG 39928 --- [wiki-backend] [           main] org.hibernate.SQL                        : 
    select
        kbm1_0.id,
        kbm1_0.created_at,
        kbm1_0.deleted_at,
        kbm1_0.kb_id,
        kbm1_0.role,
        kbm1_0.updated_at,
        kbm1_0.user_id 
    from
        knowledge_base_members kbm1_0 
    where
        kbm1_0.kb_id=? 
        and kbm1_0.user_id=?
2026-05-10T19:58:50.648+08:00 DEBUG 39928 --- [wiki-backend] [           main] org.hibernate.SQL                        : 
    select
        kbm1_0.id,
        kbm1_0.created_at,
        kbm1_0.deleted_at,
        kbm1_0.kb_id,
        kbm1_0.role,
        kbm1_0.updated_at,
        kbm1_0.user_id 
    from
        knowledge_base_members kbm1_0 
    where
        kbm1_0.kb_id=? 
        and kbm1_0.user_id=?
2026-05-10T19:58:50.649+08:00 DEBUG 39928 --- [wiki-backend] [           main] org.hibernate.SQL                        : 
    select
        kbm1_0.id,
        kbm1_0.created_at,
        kbm1_0.deleted_at,
        kbm1_0.kb_id,
        kbm1_0.role,
        kbm1_0.updated_at,
        kbm1_0.user_id 
    from
        knowledge_base_members kbm1_0 
    where
        kbm1_0.kb_id=? 
        and kbm1_0.user_id=?
2026-05-10T19:58:50.649+08:00 DEBUG 39928 --- [wiki-backend] [           main] org.hibernate.SQL                        : 
    select
        kbm1_0.id,
        kbm1_0.created_at,
        kbm1_0.deleted_at,
        kbm1_0.kb_id,
        kbm1_0.role,
        kbm1_0.updated_at,
        kbm1_0.user_id 
    from
        knowledge_base_members kbm1_0 
    where
        kbm1_0.kb_id=? 
        and kbm1_0.user_id=?
2026-05-10T19:58:50.650+08:00 DEBUG 39928 --- [wiki-backend] [           main] org.hibernate.SQL                        : 
    select
        kbm1_0.id,
        kbm1_0.created_at,
        kbm1_0.deleted_at,
        kbm1_0.kb_id,
        kbm1_0.role,
        kbm1_0.updated_at,
        kbm1_0.user_id 
    from
        knowledge_base_members kbm1_0 
    where
        kbm1_0.kb_id=? 
        and kbm1_0.user_id=?
2026-05-10T19:58:50.650+08:00 DEBUG 39928 --- [wiki-backend] [           main] org.hibernate.SQL                        : 
    select
        kbm1_0.id,
        kbm1_0.created_at,
        kbm1_0.deleted_at,
        kbm1_0.kb_id,
        kbm1_0.role,
        kbm1_0.updated_at,
        kbm1_0.user_id 
    from
        knowledge_base_members kbm1_0 
    where
        kbm1_0.kb_id=? 
        and kbm1_0.user_id=?
2026-05-10T19:58:50.651+08:00 DEBUG 39928 --- [wiki-backend] [           main] org.hibernate.SQL                        : 
    select
        kbm1_0.id,
        kbm1_0.created_at,
        kbm1_0.deleted_at,
        kbm1_0.kb_id,
        kbm1_0.role,
        kbm1_0.updated_at,
        kbm1_0.user_id 
    from
        knowledge_base_members kbm1_0 
    where
        kbm1_0.kb_id=? 
        and kbm1_0.user_id=?
2026-05-10T19:58:50.652+08:00 DEBUG 39928 --- [wiki-backend] [           main] org.hibernate.SQL                        : 
    select
        kbm1_0.id,
        kbm1_0.created_at,
        kbm1_0.deleted_at,
        kbm1_0.kb_id,
        kbm1_0.role,
        kbm1_0.updated_at,
        kbm1_0.user_id 
    from
        knowledge_base_members kbm1_0 
    where
        kbm1_0.kb_id=? 
        and kbm1_0.user_id=?
2026-05-10T19:58:50.652+08:00 DEBUG 39928 --- [wiki-backend] [           main] org.hibernate.SQL                        : 
    select
        kbm1_0.id,
        kbm1_0.created_at,
        kbm1_0.deleted_at,
        kbm1_0.kb_id,
        kbm1_0.role,
        kbm1_0.updated_at,
        kbm1_0.user_id 
    from
        knowledge_base_members kbm1_0 
    where
        kbm1_0.kb_id=? 
        and kbm1_0.user_id=?
2026-05-10T19:58:50.653+08:00 DEBUG 39928 --- [wiki-backend] [           main] org.hibernate.SQL                        : 
    select
        kbm1_0.id,
        kbm1_0.created_at,
        kbm1_0.deleted_at,
        kbm1_0.kb_id,
        kbm1_0.role,
        kbm1_0.updated_at,
        kbm1_0.user_id 
    from
        knowledge_base_members kbm1_0 
    where
        kbm1_0.kb_id=? 
        and kbm1_0.user_id=?
2026-05-10T19:58:50.653+08:00 DEBUG 39928 --- [wiki-backend] [           main] org.hibernate.SQL                        : 
    select
        kbm1_0.id,
        kbm1_0.created_at,
        kbm1_0.deleted_at,
        kbm1_0.kb_id,
        kbm1_0.role,
        kbm1_0.updated_at,
        kbm1_0.user_id 
    from
        knowledge_base_members kbm1_0 
    where
        kbm1_0.kb_id=? 
        and kbm1_0.user_id=?
2026-05-10T19:58:50.654+08:00 DEBUG 39928 --- [wiki-backend] [           main] org.hibernate.SQL                        : 
    select
        utm1_0.id,
        utm1_0.created_at,
        utm1_0.deleted_at,
        utm1_0.team_id,
        utm1_0.updated_at,
        utm1_0.user_id 
    from
        user_team_memberships utm1_0 
    where
        utm1_0.user_id=? 
        and utm1_0.deleted_at is null
2026-05-10T19:58:50.655+08:00 DEBUG 39928 --- [wiki-backend] [           main] org.hibernate.SQL                        : 
    select
        kbm1_0.id,
        kbm1_0.created_at,
        kbm1_0.deleted_at,
        kbm1_0.kb_id,
        kbm1_0.role,
        kbm1_0.updated_at,
        kbm1_0.user_id 
    from
        knowledge_base_members kbm1_0 
    where
        kbm1_0.kb_id=? 
        and kbm1_0.user_id=?
2026-05-10T19:58:50.657+08:00 DEBUG 39928 --- [wiki-backend] [           main] org.hibernate.SQL                        : 
    select
        kbm1_0.id,
        kbm1_0.created_at,
        kbm1_0.deleted_at,
        kbm1_0.kb_id,
        kbm1_0.role,
        kbm1_0.updated_at,
        kbm1_0.user_id 
    from
        knowledge_base_members kbm1_0 
    where
        kbm1_0.kb_id=? 
        and kbm1_0.user_id=?
2026-05-10T19:58:50.658+08:00 DEBUG 39928 --- [wiki-backend] [           main] org.hibernate.SQL                        : 
    select
        utm1_0.id,
        utm1_0.created_at,
        utm1_0.deleted_at,
        utm1_0.team_id,
        utm1_0.updated_at,
        utm1_0.user_id 
    from
        user_team_memberships utm1_0 
    where
        utm1_0.user_id=? 
        and utm1_0.deleted_at is null
2026-05-10T19:58:50.659+08:00 DEBUG 39928 --- [wiki-backend] [           main] org.hibernate.SQL                        : 
    select
        kbm1_0.id,
        kbm1_0.created_at,
        kbm1_0.deleted_at,
        kbm1_0.kb_id,
        kbm1_0.role,
        kbm1_0.updated_at,
        kbm1_0.user_id 
    from
        knowledge_base_members kbm1_0 
    where
        kbm1_0.kb_id=? 
        and kbm1_0.user_id=?
2026-05-10T19:58:50.660+08:00 DEBUG 39928 --- [wiki-backend] [           main] org.hibernate.SQL                        : 
    select
        kbm1_0.id,
        kbm1_0.created_at,
        kbm1_0.deleted_at,
        kbm1_0.kb_id,
        kbm1_0.role,
        kbm1_0.updated_at,
        kbm1_0.user_id 
    from
        knowledge_base_members kbm1_0 
    where
        kbm1_0.kb_id=? 
        and kbm1_0.user_id=?
2026-05-10T19:58:50.661+08:00 DEBUG 39928 --- [wiki-backend] [           main] org.hibernate.SQL                        : 
    select
        utm1_0.id,
        utm1_0.created_at,
        utm1_0.deleted_at,
        utm1_0.team_id,
        utm1_0.updated_at,
        utm1_0.user_id 
    from
        user_team_memberships utm1_0 
    where
        utm1_0.user_id=? 
        and utm1_0.deleted_at is null
2026-05-10T19:58:50.662+08:00 DEBUG 39928 --- [wiki-backend] [           main] org.hibernate.SQL                        : 
    select
        d1_0.id,
        d1_0.created_at,
        d1_0.deleted_at,
        d1_0.description,
        d1_0.manager_id,
        d1_0.name,
        d1_0.parent_id,
        d1_0.updated_at 
    from
        departments d1_0 
    where
        d1_0.id=?
2026-05-10T19:58:50.662+08:00 DEBUG 39928 --- [wiki-backend] [           main] org.hibernate.SQL                        : 
    select
        kbm1_0.id,
        kbm1_0.created_at,
        kbm1_0.deleted_at,
        kbm1_0.kb_id,
        kbm1_0.role,
        kbm1_0.updated_at,
        kbm1_0.user_id 
    from
        knowledge_base_members kbm1_0 
    where
        kbm1_0.kb_id=? 
        and kbm1_0.user_id=?
2026-05-10T19:58:50.663+08:00 DEBUG 39928 --- [wiki-backend] [           main] org.hibernate.SQL                        : 
    select
        utm1_0.id,
        utm1_0.created_at,
        utm1_0.deleted_at,
        utm1_0.team_id,
        utm1_0.updated_at,
        utm1_0.user_id 
    from
        user_team_memberships utm1_0 
    where
        utm1_0.user_id=? 
        and utm1_0.deleted_at is null
2026-05-10T19:58:50.664+08:00 DEBUG 39928 --- [wiki-backend] [           main] org.hibernate.SQL                        : 
    select
        kbm1_0.id,
        kbm1_0.created_at,
        kbm1_0.deleted_at,
        kbm1_0.kb_id,
        kbm1_0.role,
        kbm1_0.updated_at,
        kbm1_0.user_id 
    from
        knowledge_base_members kbm1_0 
    where
        kbm1_0.kb_id=? 
        and kbm1_0.user_id=?
2026-05-10T19:58:50.664+08:00 DEBUG 39928 --- [wiki-backend] [           main] org.hibernate.SQL                        : 
    select
        utm1_0.id,
        utm1_0.created_at,
        utm1_0.deleted_at,
        utm1_0.team_id,
        utm1_0.updated_at,
        utm1_0.user_id 
    from
        user_team_memberships utm1_0 
    where
        utm1_0.user_id=? 
        and utm1_0.deleted_at is null
2026-05-10T19:58:50.665+08:00 DEBUG 39928 --- [wiki-backend] [           main] org.hibernate.SQL                        : 
    select
        kbm1_0.id,
        kbm1_0.created_at,
        kbm1_0.deleted_at,
        kbm1_0.kb_id,
        kbm1_0.role,
        kbm1_0.updated_at,
        kbm1_0.user_id 
    from
        knowledge_base_members kbm1_0 
    where
        kbm1_0.kb_id=? 
        and kbm1_0.user_id=?
2026-05-10T19:58:50.666+08:00 DEBUG 39928 --- [wiki-backend] [           main] org.hibernate.SQL                        : 
    select
        utm1_0.id,
        utm1_0.created_at,
        utm1_0.deleted_at,
        utm1_0.team_id,
        utm1_0.updated_at,
        utm1_0.user_id 
    from
        user_team_memberships utm1_0 
    where
        utm1_0.user_id=? 
        and utm1_0.deleted_at is null
2026-05-10T19:58:50.667+08:00 DEBUG 39928 --- [wiki-backend] [           main] org.hibernate.SQL                        : 
    select
        kbm1_0.id,
        kbm1_0.created_at,
        kbm1_0.deleted_at,
        kbm1_0.kb_id,
        kbm1_0.role,
        kbm1_0.updated_at,
        kbm1_0.user_id 
    from
        knowledge_base_members kbm1_0 
    where
        kbm1_0.kb_id=? 
        and kbm1_0.user_id=?
2026-05-10T19:58:50.667+08:00 DEBUG 39928 --- [wiki-backend] [           main] org.hibernate.SQL                        : 
    select
        utm1_0.id,
        utm1_0.created_at,
        utm1_0.deleted_at,
        utm1_0.team_id,
        utm1_0.updated_at,
        utm1_0.user_id 
    from
        user_team_memberships utm1_0 
    where
        utm1_0.user_id=? 
        and utm1_0.deleted_at is null
2026-05-10T19:58:50.668+08:00 DEBUG 39928 --- [wiki-backend] [           main] org.hibernate.SQL                        : 
    select
        kbm1_0.id,
        kbm1_0.created_at,
        kbm1_0.deleted_at,
        kbm1_0.kb_id,
        kbm1_0.role,
        kbm1_0.updated_at,
        kbm1_0.user_id 
    from
        knowledge_base_members kbm1_0 
    where
        kbm1_0.kb_id=? 
        and kbm1_0.user_id=?
2026-05-10T19:58:50.668+08:00 DEBUG 39928 --- [wiki-backend] [           main] org.hibernate.SQL                        : 
    select
        utm1_0.id,
        utm1_0.created_at,
        utm1_0.deleted_at,
        utm1_0.team_id,
        utm1_0.updated_at,
        utm1_0.user_id 
    from
        user_team_memberships utm1_0 
    where
        utm1_0.user_id=? 
        and utm1_0.deleted_at is null
2026-05-10T19:58:50.670+08:00 DEBUG 39928 --- [wiki-backend] [           main] org.hibernate.SQL                        : 
    select
        kbm1_0.id,
        kbm1_0.created_at,
        kbm1_0.deleted_at,
        kbm1_0.kb_id,
        kbm1_0.role,
        kbm1_0.updated_at,
        kbm1_0.user_id 
    from
        knowledge_base_members kbm1_0 
    where
        kbm1_0.kb_id=? 
        and kbm1_0.user_id=?
2026-05-10T19:58:50.671+08:00 DEBUG 39928 --- [wiki-backend] [           main] org.hibernate.SQL                        : 
    select
        utm1_0.id,
        utm1_0.created_at,
        utm1_0.deleted_at,
        utm1_0.team_id,
        utm1_0.updated_at,
        utm1_0.user_id 
    from
        user_team_memberships utm1_0 
    where
        utm1_0.user_id=? 
        and utm1_0.deleted_at is null
2026-05-10T19:58:50.671+08:00 DEBUG 39928 --- [wiki-backend] [           main] org.hibernate.SQL                        : 
    select
        kbm1_0.id,
        kbm1_0.created_at,
        kbm1_0.deleted_at,
        kbm1_0.kb_id,
        kbm1_0.role,
        kbm1_0.updated_at,
        kbm1_0.user_id 
    from
        knowledge_base_members kbm1_0 
    where
        kbm1_0.kb_id=? 
        and kbm1_0.user_id=?
2026-05-10T19:58:50.672+08:00 DEBUG 39928 --- [wiki-backend] [           main] org.hibernate.SQL                        : 
    select
        utm1_0.id,
        utm1_0.created_at,
        utm1_0.deleted_at,
        utm1_0.team_id,
        utm1_0.updated_at,
        utm1_0.user_id 
    from
        user_team_memberships utm1_0 
    where
        utm1_0.user_id=? 
        and utm1_0.deleted_at is null
2026-05-10T19:58:50.673+08:00 DEBUG 39928 --- [wiki-backend] [           main] org.hibernate.SQL                        : 
    select
        kbm1_0.id,
        kbm1_0.created_at,
        kbm1_0.deleted_at,
        kbm1_0.kb_id,
        kbm1_0.role,
        kbm1_0.updated_at,
        kbm1_0.user_id 
    from
        knowledge_base_members kbm1_0 
    where
        kbm1_0.kb_id=? 
        and kbm1_0.user_id=?
2026-05-10T19:58:50.674+08:00 DEBUG 39928 --- [wiki-backend] [           main] org.hibernate.SQL                        : 
    select
        utm1_0.id,
        utm1_0.created_at,
        utm1_0.deleted_at,
        utm1_0.team_id,
        utm1_0.updated_at,
        utm1_0.user_id 
    from
        user_team_memberships utm1_0 
    where
        utm1_0.user_id=? 
        and utm1_0.deleted_at is null
2026-05-10T19:58:50.674+08:00 DEBUG 39928 --- [wiki-backend] [           main] org.hibernate.SQL                        : 
    select
        kbm1_0.id,
        kbm1_0.created_at,
        kbm1_0.deleted_at,
        kbm1_0.kb_id,
        kbm1_0.role,
        kbm1_0.updated_at,
        kbm1_0.user_id 
    from
        knowledge_base_members kbm1_0 
    where
        kbm1_0.kb_id=? 
        and kbm1_0.user_id=?
2026-05-10T19:58:50.675+08:00 DEBUG 39928 --- [wiki-backend] [           main] org.hibernate.SQL                        : 
    select
        utm1_0.id,
        utm1_0.created_at,
        utm1_0.deleted_at,
        utm1_0.team_id,
        utm1_0.updated_at,
        utm1_0.user_id 
    from
        user_team_memberships utm1_0 
    where
        utm1_0.user_id=? 
        and utm1_0.deleted_at is null
2026-05-10T19:58:50.676+08:00 DEBUG 39928 --- [wiki-backend] [           main] org.hibernate.SQL                        : 
    select
        kbm1_0.id,
        kbm1_0.created_at,
        kbm1_0.deleted_at,
        kbm1_0.kb_id,
        kbm1_0.role,
        kbm1_0.updated_at,
        kbm1_0.user_id 
    from
        knowledge_base_members kbm1_0 
    where
        kbm1_0.kb_id=? 
        and kbm1_0.user_id=?
2026-05-10T19:58:50.676+08:00 DEBUG 39928 --- [wiki-backend] [           main] org.hibernate.SQL                        : 
    select
        utm1_0.id,
        utm1_0.created_at,
        utm1_0.deleted_at,
        utm1_0.team_id,
        utm1_0.updated_at,
        utm1_0.user_id 
    from
        user_team_memberships utm1_0 
    where
        utm1_0.user_id=? 
        and utm1_0.deleted_at is null
2026-05-10T19:58:50.677+08:00 DEBUG 39928 --- [wiki-backend] [           main] org.hibernate.SQL                        : 
    select
        kbm1_0.id,
        kbm1_0.created_at,
        kbm1_0.deleted_at,
        kbm1_0.kb_id,
        kbm1_0.role,
        kbm1_0.updated_at,
        kbm1_0.user_id 
    from
        knowledge_base_members kbm1_0 
    where
        kbm1_0.kb_id=? 
        and kbm1_0.user_id=?
2026-05-10T19:58:50.678+08:00 DEBUG 39928 --- [wiki-backend] [           main] org.hibernate.SQL                        : 
    select
        utm1_0.id,
        utm1_0.created_at,
        utm1_0.deleted_at,
        utm1_0.team_id,
        utm1_0.updated_at,
        utm1_0.user_id 
    from
        user_team_memberships utm1_0 
    where
        utm1_0.user_id=? 
        and utm1_0.deleted_at is null
2026-05-10T19:58:50.678+08:00 DEBUG 39928 --- [wiki-backend] [           main] org.hibernate.SQL                        : 
    select
        kbm1_0.id,
        kbm1_0.created_at,
        kbm1_0.deleted_at,
        kbm1_0.kb_id,
        kbm1_0.role,
        kbm1_0.updated_at,
        kbm1_0.user_id 
    from
        knowledge_base_members kbm1_0 
    where
        kbm1_0.kb_id=? 
        and kbm1_0.user_id=?
2026-05-10T19:58:50.679+08:00 DEBUG 39928 --- [wiki-backend] [           main] org.hibernate.SQL                        : 
    select
        utm1_0.id,
        utm1_0.created_at,
        utm1_0.deleted_at,
        utm1_0.team_id,
        utm1_0.updated_at,
        utm1_0.user_id 
    from
        user_team_memberships utm1_0 
    where
        utm1_0.user_id=? 
        and utm1_0.deleted_at is null
2026-05-10T19:58:50.680+08:00 DEBUG 39928 --- [wiki-backend] [           main] org.hibernate.SQL                        : 
    select
        kbm1_0.id,
        kbm1_0.created_at,
        kbm1_0.deleted_at,
        kbm1_0.kb_id,
        kbm1_0.role,
        kbm1_0.updated_at,
        kbm1_0.user_id 
    from
        knowledge_base_members kbm1_0 
    where
        kbm1_0.kb_id=? 
        and kbm1_0.user_id=?
2026-05-10T19:58:50.681+08:00 DEBUG 39928 --- [wiki-backend] [           main] org.hibernate.SQL                        : 
    select
        utm1_0.id,
        utm1_0.created_at,
        utm1_0.deleted_at,
        utm1_0.team_id,
        utm1_0.updated_at,
        utm1_0.user_id 
    from
        user_team_memberships utm1_0 
    where
        utm1_0.user_id=? 
        and utm1_0.deleted_at is null
2026-05-10T19:58:50.682+08:00 DEBUG 39928 --- [wiki-backend] [           main] org.hibernate.SQL                        : 
    select
        kbm1_0.id,
        kbm1_0.created_at,
        kbm1_0.deleted_at,
        kbm1_0.kb_id,
        kbm1_0.role,
        kbm1_0.updated_at,
        kbm1_0.user_id 
    from
        knowledge_base_members kbm1_0 
    where
        kbm1_0.kb_id=? 
        and kbm1_0.user_id=?
2026-05-10T19:58:50.682+08:00 DEBUG 39928 --- [wiki-backend] [           main] org.hibernate.SQL                        : 
    select
        utm1_0.id,
        utm1_0.created_at,
        utm1_0.deleted_at,
        utm1_0.team_id,
        utm1_0.updated_at,
        utm1_0.user_id 
    from
        user_team_memberships utm1_0 
    where
        utm1_0.user_id=? 
        and utm1_0.deleted_at is null
2026-05-10T19:58:50.683+08:00 DEBUG 39928 --- [wiki-backend] [           main] org.hibernate.SQL                        : 
    select
        kbm1_0.id,
        kbm1_0.created_at,
        kbm1_0.deleted_at,
        kbm1_0.kb_id,
        kbm1_0.role,
        kbm1_0.updated_at,
        kbm1_0.user_id 
    from
        knowledge_base_members kbm1_0 
    where
        kbm1_0.kb_id=? 
        and kbm1_0.user_id=?
2026-05-10T19:58:50.684+08:00 DEBUG 39928 --- [wiki-backend] [           main] org.hibernate.SQL                        : 
    select
        utm1_0.id,
        utm1_0.created_at,
        utm1_0.deleted_at,
        utm1_0.team_id,
        utm1_0.updated_at,
        utm1_0.user_id 
    from
        user_team_memberships utm1_0 
    where
        utm1_0.user_id=? 
        and utm1_0.deleted_at is null
2026-05-10T19:58:50.684+08:00 DEBUG 39928 --- [wiki-backend] [           main] org.hibernate.SQL                        : 
    select
        kbm1_0.id,
        kbm1_0.created_at,
        kbm1_0.deleted_at,
        kbm1_0.kb_id,
        kbm1_0.role,
        kbm1_0.updated_at,
        kbm1_0.user_id 
    from
        knowledge_base_members kbm1_0 
    where
        kbm1_0.kb_id=? 
        and kbm1_0.user_id=?
2026-05-10T19:58:50.685+08:00 DEBUG 39928 --- [wiki-backend] [           main] org.hibernate.SQL                        : 
    select
        kbm1_0.id,
        kbm1_0.created_at,
        kbm1_0.deleted_at,
        kbm1_0.kb_id,
        kbm1_0.role,
        kbm1_0.updated_at,
        kbm1_0.user_id 
    from
        knowledge_base_members kbm1_0 
    where
        kbm1_0.kb_id=? 
        and kbm1_0.user_id=?
2026-05-10T19:58:50.686+08:00 DEBUG 39928 --- [wiki-backend] [           main] org.hibernate.SQL                        : 
    select
        ua1_0.id,
        ua1_0.avatar_url,
        ua1_0.created_at,
        ua1_0.deleted_at,
        ua1_0.demo_password,
        ua1_0.department_id,
        ua1_0.email,
        ua1_0.nickname,
        ua1_0.password_hash,
        ua1_0.phone,
        ua1_0.role,
        ua1_0.updated_at,
        ua1_0.username 
    from
        users ua1_0
2026-05-10T19:58:50.688+08:00 DEBUG 39928 --- [wiki-backend] [           main] org.hibernate.SQL                        : 
    select
        kbm1_0.id,
        kbm1_0.created_at,
        kbm1_0.deleted_at,
        kbm1_0.kb_id,
        kbm1_0.role,
        kbm1_0.updated_at,
        kbm1_0.user_id 
    from
        knowledge_base_members kbm1_0 
    where
        kbm1_0.kb_id=? 
        and kbm1_0.user_id=?
2026-05-10T19:58:50.688+08:00 DEBUG 39928 --- [wiki-backend] [           main] org.hibernate.SQL                        : 
    select
        kbm1_0.id,
        kbm1_0.created_at,
        kbm1_0.deleted_at,
        kbm1_0.kb_id,
        kbm1_0.role,
        kbm1_0.updated_at,
        kbm1_0.user_id 
    from
        knowledge_base_members kbm1_0 
    where
        kbm1_0.kb_id=? 
        and kbm1_0.user_id=?
2026-05-10T19:58:50.689+08:00 DEBUG 39928 --- [wiki-backend] [           main] org.hibernate.SQL                        : 
    select
        kbm1_0.id,
        kbm1_0.created_at,
        kbm1_0.deleted_at,
        kbm1_0.kb_id,
        kbm1_0.role,
        kbm1_0.updated_at,
        kbm1_0.user_id 
    from
        knowledge_base_members kbm1_0 
    where
        kbm1_0.kb_id=? 
        and kbm1_0.user_id=?
2026-05-10T19:58:50.690+08:00 DEBUG 39928 --- [wiki-backend] [           main] org.hibernate.SQL                        : 
    select
        kbm1_0.id,
        kbm1_0.created_at,
        kbm1_0.deleted_at,
        kbm1_0.kb_id,
        kbm1_0.role,
        kbm1_0.updated_at,
        kbm1_0.user_id 
    from
        knowledge_base_members kbm1_0 
    where
        kbm1_0.kb_id=? 
        and kbm1_0.user_id=?
2026-05-10T19:58:50.690+08:00 DEBUG 39928 --- [wiki-backend] [           main] org.hibernate.SQL                        : 
    select
        kbm1_0.id,
        kbm1_0.created_at,
        kbm1_0.deleted_at,
        kbm1_0.kb_id,
        kbm1_0.role,
        kbm1_0.updated_at,
        kbm1_0.user_id 
    from
        knowledge_base_members kbm1_0 
    where
        kbm1_0.kb_id=? 
        and kbm1_0.user_id=?
2026-05-10T19:58:50.692+08:00 DEBUG 39928 --- [wiki-backend] [           main] org.hibernate.SQL                        : 
    select
        kbm1_0.id,
        kbm1_0.created_at,
        kbm1_0.deleted_at,
        kbm1_0.kb_id,
        kbm1_0.role,
        kbm1_0.updated_at,
        kbm1_0.user_id 
    from
        knowledge_base_members kbm1_0 
    where
        kbm1_0.kb_id=? 
        and kbm1_0.user_id=?
2026-05-10T19:58:50.692+08:00 DEBUG 39928 --- [wiki-backend] [           main] org.hibernate.SQL                        : 
    select
        kbm1_0.id,
        kbm1_0.created_at,
        kbm1_0.deleted_at,
        kbm1_0.kb_id,
        kbm1_0.role,
        kbm1_0.updated_at,
        kbm1_0.user_id 
    from
        knowledge_base_members kbm1_0 
    where
        kbm1_0.kb_id=? 
        and kbm1_0.user_id=?
2026-05-10T19:58:50.693+08:00 DEBUG 39928 --- [wiki-backend] [           main] org.hibernate.SQL                        : 
    select
        kbm1_0.id,
        kbm1_0.created_at,
        kbm1_0.deleted_at,
        kbm1_0.kb_id,
        kbm1_0.role,
        kbm1_0.updated_at,
        kbm1_0.user_id 
    from
        knowledge_base_members kbm1_0 
    where
        kbm1_0.kb_id=? 
        and kbm1_0.user_id=?
2026-05-10T19:58:50.693+08:00 DEBUG 39928 --- [wiki-backend] [           main] org.hibernate.SQL                        : 
    select
        kbm1_0.id,
        kbm1_0.created_at,
        kbm1_0.deleted_at,
        kbm1_0.kb_id,
        kbm1_0.role,
        kbm1_0.updated_at,
        kbm1_0.user_id 
    from
        knowledge_base_members kbm1_0 
    where
        kbm1_0.kb_id=? 
        and kbm1_0.user_id=?
2026-05-10T19:58:50.694+08:00 DEBUG 39928 --- [wiki-backend] [           main] org.hibernate.SQL                        : 
    select
        kbm1_0.id,
        kbm1_0.created_at,
        kbm1_0.deleted_at,
        kbm1_0.kb_id,
        kbm1_0.role,
        kbm1_0.updated_at,
        kbm1_0.user_id 
    from
        knowledge_base_members kbm1_0 
    where
        kbm1_0.kb_id=? 
        and kbm1_0.user_id=?
2026-05-10T19:58:50.694+08:00 DEBUG 39928 --- [wiki-backend] [           main] org.hibernate.SQL                        : 
    select
        kbm1_0.id,
        kbm1_0.created_at,
        kbm1_0.deleted_at,
        kbm1_0.kb_id,
        kbm1_0.role,
        kbm1_0.updated_at,
        kbm1_0.user_id 
    from
        knowledge_base_members kbm1_0 
    where
        kbm1_0.kb_id=? 
        and kbm1_0.user_id=?
2026-05-10T19:58:50.695+08:00 DEBUG 39928 --- [wiki-backend] [           main] org.hibernate.SQL                        : 
    select
        kbm1_0.id,
        kbm1_0.created_at,
        kbm1_0.deleted_at,
        kbm1_0.kb_id,
        kbm1_0.role,
        kbm1_0.updated_at,
        kbm1_0.user_id 
    from
        knowledge_base_members kbm1_0 
    where
        kbm1_0.kb_id=? 
        and kbm1_0.user_id=?
2026-05-10T19:58:50.696+08:00 DEBUG 39928 --- [wiki-backend] [           main] org.hibernate.SQL                        : 
    select
        kbm1_0.id,
        kbm1_0.created_at,
        kbm1_0.deleted_at,
        kbm1_0.kb_id,
        kbm1_0.role,
        kbm1_0.updated_at,
        kbm1_0.user_id 
    from
        knowledge_base_members kbm1_0 
    where
        kbm1_0.kb_id=? 
        and kbm1_0.user_id=?
2026-05-10T19:58:50.696+08:00 DEBUG 39928 --- [wiki-backend] [           main] org.hibernate.SQL                        : 
    select
        kbm1_0.id,
        kbm1_0.created_at,
        kbm1_0.deleted_at,
        kbm1_0.kb_id,
        kbm1_0.role,
        kbm1_0.updated_at,
        kbm1_0.user_id 
    from
        knowledge_base_members kbm1_0 
    where
        kbm1_0.kb_id=? 
        and kbm1_0.user_id=?
2026-05-10T19:58:50.698+08:00 DEBUG 39928 --- [wiki-backend] [           main] org.hibernate.SQL                        : 
    select
        kbm1_0.id,
        kbm1_0.created_at,
        kbm1_0.deleted_at,
        kbm1_0.kb_id,
        kbm1_0.role,
        kbm1_0.updated_at,
        kbm1_0.user_id 
    from
        knowledge_base_members kbm1_0 
    where
        kbm1_0.kb_id=? 
        and kbm1_0.user_id=?
2026-05-10T19:58:50.698+08:00 DEBUG 39928 --- [wiki-backend] [           main] org.hibernate.SQL                        : 
    select
        kbm1_0.id,
        kbm1_0.created_at,
        kbm1_0.deleted_at,
        kbm1_0.kb_id,
        kbm1_0.role,
        kbm1_0.updated_at,
        kbm1_0.user_id 
    from
        knowledge_base_members kbm1_0 
    where
        kbm1_0.kb_id=? 
        and kbm1_0.user_id=?
2026-05-10T19:58:50.699+08:00 DEBUG 39928 --- [wiki-backend] [           main] org.hibernate.SQL                        : 
    select
        kbm1_0.id,
        kbm1_0.created_at,
        kbm1_0.deleted_at,
        kbm1_0.kb_id,
        kbm1_0.role,
        kbm1_0.updated_at,
        kbm1_0.user_id 
    from
        knowledge_base_members kbm1_0 
    where
        kbm1_0.kb_id=? 
        and kbm1_0.user_id=?
2026-05-10T19:58:50.700+08:00 DEBUG 39928 --- [wiki-backend] [           main] org.hibernate.SQL                        : 
    select
        kbm1_0.id,
        kbm1_0.created_at,
        kbm1_0.deleted_at,
        kbm1_0.kb_id,
        kbm1_0.role,
        kbm1_0.updated_at,
        kbm1_0.user_id 
    from
        knowledge_base_members kbm1_0 
    where
        kbm1_0.kb_id=? 
        and kbm1_0.user_id=?
2026-05-10T19:58:50.701+08:00 DEBUG 39928 --- [wiki-backend] [           main] org.hibernate.SQL                        : 
    select
        kbm1_0.id,
        kbm1_0.created_at,
        kbm1_0.deleted_at,
        kbm1_0.kb_id,
        kbm1_0.role,
        kbm1_0.updated_at,
        kbm1_0.user_id 
    from
        knowledge_base_members kbm1_0 
    where
        kbm1_0.kb_id=? 
        and kbm1_0.user_id=?
2026-05-10T19:58:50.701+08:00 DEBUG 39928 --- [wiki-backend] [           main] org.hibernate.SQL                        : 
    select
        kbm1_0.id,
        kbm1_0.created_at,
        kbm1_0.deleted_at,
        kbm1_0.kb_id,
        kbm1_0.role,
        kbm1_0.updated_at,
        kbm1_0.user_id 
    from
        knowledge_base_members kbm1_0 
    where
        kbm1_0.kb_id=? 
        and kbm1_0.user_id=?
2026-05-10T19:58:50.703+08:00 DEBUG 39928 --- [wiki-backend] [           main] org.hibernate.SQL                        : 
    select
        utm1_0.id,
        utm1_0.created_at,
        utm1_0.deleted_at,
        utm1_0.team_id,
        utm1_0.updated_at,
        utm1_0.user_id 
    from
        user_team_memberships utm1_0 
    where
        utm1_0.user_id=? 
        and utm1_0.deleted_at is null
2026-05-10T19:58:50.703+08:00 DEBUG 39928 --- [wiki-backend] [           main] org.hibernate.SQL                        : 
    select
        kbm1_0.id,
        kbm1_0.created_at,
        kbm1_0.deleted_at,
        kbm1_0.kb_id,
        kbm1_0.role,
        kbm1_0.updated_at,
        kbm1_0.user_id 
    from
        knowledge_base_members kbm1_0 
    where
        kbm1_0.kb_id=? 
        and kbm1_0.user_id=?
2026-05-10T19:58:50.704+08:00 DEBUG 39928 --- [wiki-backend] [           main] org.hibernate.SQL                        : 
    select
        kbm1_0.id,
        kbm1_0.created_at,
        kbm1_0.deleted_at,
        kbm1_0.kb_id,
        kbm1_0.role,
        kbm1_0.updated_at,
        kbm1_0.user_id 
    from
        knowledge_base_members kbm1_0 
    where
        kbm1_0.kb_id=? 
        and kbm1_0.user_id=?
2026-05-10T19:58:50.705+08:00 DEBUG 39928 --- [wiki-backend] [           main] org.hibernate.SQL                        : 
    select
        utm1_0.id,
        utm1_0.created_at,
        utm1_0.deleted_at,
        utm1_0.team_id,
        utm1_0.updated_at,
        utm1_0.user_id 
    from
        user_team_memberships utm1_0 
    where
        utm1_0.user_id=? 
        and utm1_0.deleted_at is null
2026-05-10T19:58:50.706+08:00 DEBUG 39928 --- [wiki-backend] [           main] org.hibernate.SQL                        : 
    select
        kbm1_0.id,
        kbm1_0.created_at,
        kbm1_0.deleted_at,
        kbm1_0.kb_id,
        kbm1_0.role,
        kbm1_0.updated_at,
        kbm1_0.user_id 
    from
        knowledge_base_members kbm1_0 
    where
        kbm1_0.kb_id=? 
        and kbm1_0.user_id=?
2026-05-10T19:58:50.707+08:00 DEBUG 39928 --- [wiki-backend] [           main] org.hibernate.SQL                        : 
    select
        kbm1_0.id,
        kbm1_0.created_at,
        kbm1_0.deleted_at,
        kbm1_0.kb_id,
        kbm1_0.role,
        kbm1_0.updated_at,
        kbm1_0.user_id 
    from
        knowledge_base_members kbm1_0 
    where
        kbm1_0.kb_id=? 
        and kbm1_0.user_id=?
2026-05-10T19:58:50.708+08:00 DEBUG 39928 --- [wiki-backend] [           main] org.hibernate.SQL                        : 
    select
        utm1_0.id,
        utm1_0.created_at,
        utm1_0.deleted_at,
        utm1_0.team_id,
        utm1_0.updated_at,
        utm1_0.user_id 
    from
        user_team_memberships utm1_0 
    where
        utm1_0.user_id=? 
        and utm1_0.deleted_at is null
2026-05-10T19:58:50.710+08:00 DEBUG 39928 --- [wiki-backend] [           main] org.hibernate.SQL                        : 
    select
        kbm1_0.id,
        kbm1_0.created_at,
        kbm1_0.deleted_at,
        kbm1_0.kb_id,
        kbm1_0.role,
        kbm1_0.updated_at,
        kbm1_0.user_id 
    from
        knowledge_base_members kbm1_0 
    where
        kbm1_0.kb_id=? 
        and kbm1_0.user_id=?
2026-05-10T19:58:50.711+08:00 DEBUG 39928 --- [wiki-backend] [           main] org.hibernate.SQL                        : 
    select
        utm1_0.id,
        utm1_0.created_at,
        utm1_0.deleted_at,
        utm1_0.team_id,
        utm1_0.updated_at,
        utm1_0.user_id 
    from
        user_team_memberships utm1_0 
    where
        utm1_0.user_id=? 
        and utm1_0.deleted_at is null
2026-05-10T19:58:50.712+08:00 DEBUG 39928 --- [wiki-backend] [           main] org.hibernate.SQL                        : 
    select
        kbm1_0.id,
        kbm1_0.created_at,
        kbm1_0.deleted_at,
        kbm1_0.kb_id,
        kbm1_0.role,
        kbm1_0.updated_at,
        kbm1_0.user_id 
    from
        knowledge_base_members kbm1_0 
    where
        kbm1_0.kb_id=? 
        and kbm1_0.user_id=?
2026-05-10T19:58:50.713+08:00 DEBUG 39928 --- [wiki-backend] [           main] org.hibernate.SQL                        : 
    select
        utm1_0.id,
        utm1_0.created_at,
        utm1_0.deleted_at,
        utm1_0.team_id,
        utm1_0.updated_at,
        utm1_0.user_id 
    from
        user_team_memberships utm1_0 
    where
        utm1_0.user_id=? 
        and utm1_0.deleted_at is null
2026-05-10T19:58:50.713+08:00 DEBUG 39928 --- [wiki-backend] [           main] org.hibernate.SQL                        : 
    select
        kbm1_0.id,
        kbm1_0.created_at,
        kbm1_0.deleted_at,
        kbm1_0.kb_id,
        kbm1_0.role,
        kbm1_0.updated_at,
        kbm1_0.user_id 
    from
        knowledge_base_members kbm1_0 
    where
        kbm1_0.kb_id=? 
        and kbm1_0.user_id=?
2026-05-10T19:58:50.714+08:00 DEBUG 39928 --- [wiki-backend] [           main] org.hibernate.SQL                        : 
    select
        utm1_0.id,
        utm1_0.created_at,
        utm1_0.deleted_at,
        utm1_0.team_id,
        utm1_0.updated_at,
        utm1_0.user_id 
    from
        user_team_memberships utm1_0 
    where
        utm1_0.user_id=? 
        and utm1_0.deleted_at is null
2026-05-10T19:58:50.715+08:00 DEBUG 39928 --- [wiki-backend] [           main] org.hibernate.SQL                        : 
    select
        kbm1_0.id,
        kbm1_0.created_at,
        kbm1_0.deleted_at,
        kbm1_0.kb_id,
        kbm1_0.role,
        kbm1_0.updated_at,
        kbm1_0.user_id 
    from
        knowledge_base_members kbm1_0 
    where
        kbm1_0.kb_id=? 
        and kbm1_0.user_id=?
2026-05-10T19:58:50.716+08:00 DEBUG 39928 --- [wiki-backend] [           main] org.hibernate.SQL                        : 
    select
        utm1_0.id,
        utm1_0.created_at,
        utm1_0.deleted_at,
        utm1_0.team_id,
        utm1_0.updated_at,
        utm1_0.user_id 
    from
        user_team_memberships utm1_0 
    where
        utm1_0.user_id=? 
        and utm1_0.deleted_at is null
2026-05-10T19:58:50.717+08:00 DEBUG 39928 --- [wiki-backend] [           main] org.hibernate.SQL                        : 
    select
        kbm1_0.id,
        kbm1_0.created_at,
        kbm1_0.deleted_at,
        kbm1_0.kb_id,
        kbm1_0.role,
        kbm1_0.updated_at,
        kbm1_0.user_id 
    from
        knowledge_base_members kbm1_0 
    where
        kbm1_0.kb_id=? 
        and kbm1_0.user_id=?
2026-05-10T19:58:50.718+08:00 DEBUG 39928 --- [wiki-backend] [           main] org.hibernate.SQL                        : 
    select
        utm1_0.id,
        utm1_0.created_at,
        utm1_0.deleted_at,
        utm1_0.team_id,
        utm1_0.updated_at,
        utm1_0.user_id 
    from
        user_team_memberships utm1_0 
    where
        utm1_0.user_id=? 
        and utm1_0.deleted_at is null
2026-05-10T19:58:50.718+08:00 DEBUG 39928 --- [wiki-backend] [           main] org.hibernate.SQL                        : 
    select
        kbm1_0.id,
        kbm1_0.created_at,
        kbm1_0.deleted_at,
        kbm1_0.kb_id,
        kbm1_0.role,
        kbm1_0.updated_at,
        kbm1_0.user_id 
    from
        knowledge_base_members kbm1_0 
    where
        kbm1_0.kb_id=? 
        and kbm1_0.user_id=?
2026-05-10T19:58:50.719+08:00 DEBUG 39928 --- [wiki-backend] [           main] org.hibernate.SQL                        : 
    select
        utm1_0.id,
        utm1_0.created_at,
        utm1_0.deleted_at,
        utm1_0.team_id,
        utm1_0.updated_at,
        utm1_0.user_id 
    from
        user_team_memberships utm1_0 
    where
        utm1_0.user_id=? 
        and utm1_0.deleted_at is null
2026-05-10T19:58:50.720+08:00 DEBUG 39928 --- [wiki-backend] [           main] org.hibernate.SQL                        : 
    select
        kbm1_0.id,
        kbm1_0.created_at,
        kbm1_0.deleted_at,
        kbm1_0.kb_id,
        kbm1_0.role,
        kbm1_0.updated_at,
        kbm1_0.user_id 
    from
        knowledge_base_members kbm1_0 
    where
        kbm1_0.kb_id=? 
        and kbm1_0.user_id=?
2026-05-10T19:58:50.721+08:00 DEBUG 39928 --- [wiki-backend] [           main] org.hibernate.SQL                        : 
    select
        utm1_0.id,
        utm1_0.created_at,
        utm1_0.deleted_at,
        utm1_0.team_id,
        utm1_0.updated_at,
        utm1_0.user_id 
    from
        user_team_memberships utm1_0 
    where
        utm1_0.user_id=? 
        and utm1_0.deleted_at is null
2026-05-10T19:58:50.722+08:00 DEBUG 39928 --- [wiki-backend] [           main] org.hibernate.SQL                        : 
    select
        kbm1_0.id,
        kbm1_0.created_at,
        kbm1_0.deleted_at,
        kbm1_0.kb_id,
        kbm1_0.role,
        kbm1_0.updated_at,
        kbm1_0.user_id 
    from
        knowledge_base_members kbm1_0 
    where
        kbm1_0.kb_id=? 
        and kbm1_0.user_id=?
2026-05-10T19:58:50.722+08:00 DEBUG 39928 --- [wiki-backend] [           main] org.hibernate.SQL                        : 
    select
        utm1_0.id,
        utm1_0.created_at,
        utm1_0.deleted_at,
        utm1_0.team_id,
        utm1_0.updated_at,
        utm1_0.user_id 
    from
        user_team_memberships utm1_0 
    where
        utm1_0.user_id=? 
        and utm1_0.deleted_at is null
2026-05-10T19:58:50.723+08:00 DEBUG 39928 --- [wiki-backend] [           main] org.hibernate.SQL                        : 
    select
        kbm1_0.id,
        kbm1_0.created_at,
        kbm1_0.deleted_at,
        kbm1_0.kb_id,
        kbm1_0.role,
        kbm1_0.updated_at,
        kbm1_0.user_id 
    from
        knowledge_base_members kbm1_0 
    where
        kbm1_0.kb_id=? 
        and kbm1_0.user_id=?
2026-05-10T19:58:50.724+08:00 DEBUG 39928 --- [wiki-backend] [           main] org.hibernate.SQL                        : 
    select
        utm1_0.id,
        utm1_0.created_at,
        utm1_0.deleted_at,
        utm1_0.team_id,
        utm1_0.updated_at,
        utm1_0.user_id 
    from
        user_team_memberships utm1_0 
    where
        utm1_0.user_id=? 
        and utm1_0.deleted_at is null
2026-05-10T19:58:50.726+08:00 DEBUG 39928 --- [wiki-backend] [           main] org.hibernate.SQL                        : 
    select
        kbm1_0.id,
        kbm1_0.created_at,
        kbm1_0.deleted_at,
        kbm1_0.kb_id,
        kbm1_0.role,
        kbm1_0.updated_at,
        kbm1_0.user_id 
    from
        knowledge_base_members kbm1_0 
    where
        kbm1_0.kb_id=? 
        and kbm1_0.user_id=?
2026-05-10T19:58:50.727+08:00 DEBUG 39928 --- [wiki-backend] [           main] org.hibernate.SQL                        : 
    select
        utm1_0.id,
        utm1_0.created_at,
        utm1_0.deleted_at,
        utm1_0.team_id,
        utm1_0.updated_at,
        utm1_0.user_id 
    from
        user_team_memberships utm1_0 
    where
        utm1_0.user_id=? 
        and utm1_0.deleted_at is null
2026-05-10T19:58:50.728+08:00 DEBUG 39928 --- [wiki-backend] [           main] org.hibernate.SQL                        : 
    select
        kbm1_0.id,
        kbm1_0.created_at,
        kbm1_0.deleted_at,
        kbm1_0.kb_id,
        kbm1_0.role,
        kbm1_0.updated_at,
        kbm1_0.user_id 
    from
        knowledge_base_members kbm1_0 
    where
        kbm1_0.kb_id=? 
        and kbm1_0.user_id=?
2026-05-10T19:58:50.729+08:00 DEBUG 39928 --- [wiki-backend] [           main] org.hibernate.SQL                        : 
    select
        utm1_0.id,
        utm1_0.created_at,
        utm1_0.deleted_at,
        utm1_0.team_id,
        utm1_0.updated_at,
        utm1_0.user_id 
    from
        user_team_memberships utm1_0 
    where
        utm1_0.user_id=? 
        and utm1_0.deleted_at is null
2026-05-10T19:58:50.731+08:00 DEBUG 39928 --- [wiki-backend] [           main] org.hibernate.SQL                        : 
    select
        kbm1_0.id,
        kbm1_0.created_at,
        kbm1_0.deleted_at,
        kbm1_0.kb_id,
        kbm1_0.role,
        kbm1_0.updated_at,
        kbm1_0.user_id 
    from
        knowledge_base_members kbm1_0 
    where
        kbm1_0.kb_id=? 
        and kbm1_0.user_id=?
2026-05-10T19:58:50.732+08:00 DEBUG 39928 --- [wiki-backend] [           main] org.hibernate.SQL                        : 
    select
        utm1_0.id,
        utm1_0.created_at,
        utm1_0.deleted_at,
        utm1_0.team_id,
        utm1_0.updated_at,
        utm1_0.user_id 
    from
        user_team_memberships utm1_0 
    where
        utm1_0.user_id=? 
        and utm1_0.deleted_at is null
2026-05-10T19:58:50.732+08:00 DEBUG 39928 --- [wiki-backend] [           main] org.hibernate.SQL                        : 
    select
        kbm1_0.id,
        kbm1_0.created_at,
        kbm1_0.deleted_at,
        kbm1_0.kb_id,
        kbm1_0.role,
        kbm1_0.updated_at,
        kbm1_0.user_id 
    from
        knowledge_base_members kbm1_0 
    where
        kbm1_0.kb_id=? 
        and kbm1_0.user_id=?
2026-05-10T19:58:50.733+08:00 DEBUG 39928 --- [wiki-backend] [           main] org.hibernate.SQL                        : 
    select
        utm1_0.id,
        utm1_0.created_at,
        utm1_0.deleted_at,
        utm1_0.team_id,
        utm1_0.updated_at,
        utm1_0.user_id 
    from
        user_team_memberships utm1_0 
    where
        utm1_0.user_id=? 
        and utm1_0.deleted_at is null
2026-05-10T19:58:50.735+08:00 DEBUG 39928 --- [wiki-backend] [           main] org.hibernate.SQL                        : 
    select
        kbm1_0.id,
        kbm1_0.created_at,
        kbm1_0.deleted_at,
        kbm1_0.kb_id,
        kbm1_0.role,
        kbm1_0.updated_at,
        kbm1_0.user_id 
    from
        knowledge_base_members kbm1_0 
    where
        kbm1_0.kb_id=? 
        and kbm1_0.user_id=?
2026-05-10T19:58:50.736+08:00 DEBUG 39928 --- [wiki-backend] [           main] org.hibernate.SQL                        : 
    select
        utm1_0.id,
        utm1_0.created_at,
        utm1_0.deleted_at,
        utm1_0.team_id,
        utm1_0.updated_at,
        utm1_0.user_id 
    from
        user_team_memberships utm1_0 
    where
        utm1_0.user_id=? 
        and utm1_0.deleted_at is null
2026-05-10T19:58:50.737+08:00 DEBUG 39928 --- [wiki-backend] [           main] org.hibernate.SQL                        : 
    select
        kbm1_0.id,
        kbm1_0.created_at,
        kbm1_0.deleted_at,
        kbm1_0.kb_id,
        kbm1_0.role,
        kbm1_0.updated_at,
        kbm1_0.user_id 
    from
        knowledge_base_members kbm1_0 
    where
        kbm1_0.kb_id=? 
        and kbm1_0.user_id=?
2026-05-10T19:58:50.738+08:00 DEBUG 39928 --- [wiki-backend] [           main] org.hibernate.SQL                        : 
    select
        utm1_0.id,
        utm1_0.created_at,
        utm1_0.deleted_at,
        utm1_0.team_id,
        utm1_0.updated_at,
        utm1_0.user_id 
    from
        user_team_memberships utm1_0 
    where
        utm1_0.user_id=? 
        and utm1_0.deleted_at is null
2026-05-10T19:58:50.738+08:00 DEBUG 39928 --- [wiki-backend] [           main] org.hibernate.SQL                        : 
    select
        kbm1_0.id,
        kbm1_0.created_at,
        kbm1_0.deleted_at,
        kbm1_0.kb_id,
        kbm1_0.role,
        kbm1_0.updated_at,
        kbm1_0.user_id 
    from
        knowledge_base_members kbm1_0 
    where
        kbm1_0.kb_id=? 
        and kbm1_0.user_id=?
2026-05-10T19:58:50.739+08:00 DEBUG 39928 --- [wiki-backend] [           main] org.hibernate.SQL                        : 
    select
        kbm1_0.id,
        kbm1_0.created_at,
        kbm1_0.deleted_at,
        kbm1_0.kb_id,
        kbm1_0.role,
        kbm1_0.updated_at,
        kbm1_0.user_id 
    from
        knowledge_base_members kbm1_0 
    where
        kbm1_0.kb_id=? 
        and kbm1_0.user_id=?
2026-05-10T19:58:50.739+08:00 DEBUG 39928 --- [wiki-backend] [           main] org.hibernate.SQL                        : 
    select
        ua1_0.id,
        ua1_0.avatar_url,
        ua1_0.created_at,
        ua1_0.deleted_at,
        ua1_0.demo_password,
        ua1_0.department_id,
        ua1_0.email,
        ua1_0.nickname,
        ua1_0.password_hash,
        ua1_0.phone,
        ua1_0.role,
        ua1_0.updated_at,
        ua1_0.username 
    from
        users ua1_0
2026-05-10T19:58:50.741+08:00 DEBUG 39928 --- [wiki-backend] [           main] org.hibernate.SQL                        : 
    select
        kbm1_0.id,
        kbm1_0.created_at,
        kbm1_0.deleted_at,
        kbm1_0.kb_id,
        kbm1_0.role,
        kbm1_0.updated_at,
        kbm1_0.user_id 
    from
        knowledge_base_members kbm1_0 
    where
        kbm1_0.kb_id=? 
        and kbm1_0.user_id=?
2026-05-10T19:58:50.742+08:00 DEBUG 39928 --- [wiki-backend] [           main] org.hibernate.SQL                        : 
    select
        kbm1_0.id,
        kbm1_0.created_at,
        kbm1_0.deleted_at,
        kbm1_0.kb_id,
        kbm1_0.role,
        kbm1_0.updated_at,
        kbm1_0.user_id 
    from
        knowledge_base_members kbm1_0 
    where
        kbm1_0.kb_id=? 
        and kbm1_0.user_id=?
2026-05-10T19:58:50.742+08:00 DEBUG 39928 --- [wiki-backend] [           main] org.hibernate.SQL                        : 
    select
        kbm1_0.id,
        kbm1_0.created_at,
        kbm1_0.deleted_at,
        kbm1_0.kb_id,
        kbm1_0.role,
        kbm1_0.updated_at,
        kbm1_0.user_id 
    from
        knowledge_base_members kbm1_0 
    where
        kbm1_0.kb_id=? 
        and kbm1_0.user_id=?
2026-05-10T19:58:50.743+08:00 DEBUG 39928 --- [wiki-backend] [           main] org.hibernate.SQL                        : 
    select
        kbm1_0.id,
        kbm1_0.created_at,
        kbm1_0.deleted_at,
        kbm1_0.kb_id,
        kbm1_0.role,
        kbm1_0.updated_at,
        kbm1_0.user_id 
    from
        knowledge_base_members kbm1_0 
    where
        kbm1_0.kb_id=? 
        and kbm1_0.user_id=?
2026-05-10T19:58:50.744+08:00 DEBUG 39928 --- [wiki-backend] [           main] org.hibernate.SQL                        : 
    select
        kbm1_0.id,
        kbm1_0.created_at,
        kbm1_0.deleted_at,
        kbm1_0.kb_id,
        kbm1_0.role,
        kbm1_0.updated_at,
        kbm1_0.user_id 
    from
        knowledge_base_members kbm1_0 
    where
        kbm1_0.kb_id=? 
        and kbm1_0.user_id=?
2026-05-10T19:58:50.744+08:00 DEBUG 39928 --- [wiki-backend] [           main] org.hibernate.SQL                        : 
    select
        kbm1_0.id,
        kbm1_0.created_at,
        kbm1_0.deleted_at,
        kbm1_0.kb_id,
        kbm1_0.role,
        kbm1_0.updated_at,
        kbm1_0.user_id 
    from
        knowledge_base_members kbm1_0 
    where
        kbm1_0.kb_id=? 
        and kbm1_0.user_id=?
2026-05-10T19:58:50.745+08:00 DEBUG 39928 --- [wiki-backend] [           main] org.hibernate.SQL                        : 
    select
        kbm1_0.id,
        kbm1_0.created_at,
        kbm1_0.deleted_at,
        kbm1_0.kb_id,
        kbm1_0.role,
        kbm1_0.updated_at,
        kbm1_0.user_id 
    from
        knowledge_base_members kbm1_0 
    where
        kbm1_0.kb_id=? 
        and kbm1_0.user_id=?
2026-05-10T19:58:50.745+08:00 DEBUG 39928 --- [wiki-backend] [           main] org.hibernate.SQL                        : 
    select
        kbm1_0.id,
        kbm1_0.created_at,
        kbm1_0.deleted_at,
        kbm1_0.kb_id,
        kbm1_0.role,
        kbm1_0.updated_at,
        kbm1_0.user_id 
    from
        knowledge_base_members kbm1_0 
    where
        kbm1_0.kb_id=? 
        and kbm1_0.user_id=?
2026-05-10T19:58:50.746+08:00 DEBUG 39928 --- [wiki-backend] [           main] org.hibernate.SQL                        : 
    select
        kbm1_0.id,
        kbm1_0.created_at,
        kbm1_0.deleted_at,
        kbm1_0.kb_id,
        kbm1_0.role,
        kbm1_0.updated_at,
        kbm1_0.user_id 
    from
        knowledge_base_members kbm1_0 
    where
        kbm1_0.kb_id=? 
        and kbm1_0.user_id=?
2026-05-10T19:58:50.746+08:00 DEBUG 39928 --- [wiki-backend] [           main] org.hibernate.SQL                        : 
    select
        kbm1_0.id,
        kbm1_0.created_at,
        kbm1_0.deleted_at,
        kbm1_0.kb_id,
        kbm1_0.role,
        kbm1_0.updated_at,
        kbm1_0.user_id 
    from
        knowledge_base_members kbm1_0 
    where
        kbm1_0.kb_id=? 
        and kbm1_0.user_id=?
2026-05-10T19:58:50.747+08:00 DEBUG 39928 --- [wiki-backend] [           main] org.hibernate.SQL                        : 
    select
        kbm1_0.id,
        kbm1_0.created_at,
        kbm1_0.deleted_at,
        kbm1_0.kb_id,
        kbm1_0.role,
        kbm1_0.updated_at,
        kbm1_0.user_id 
    from
        knowledge_base_members kbm1_0 
    where
        kbm1_0.kb_id=? 
        and kbm1_0.user_id=?
2026-05-10T19:58:50.748+08:00 DEBUG 39928 --- [wiki-backend] [           main] org.hibernate.SQL                        : 
    select
        kbm1_0.id,
        kbm1_0.created_at,
        kbm1_0.deleted_at,
        kbm1_0.kb_id,
        kbm1_0.role,
        kbm1_0.updated_at,
        kbm1_0.user_id 
    from
        knowledge_base_members kbm1_0 
    where
        kbm1_0.kb_id=? 
        and kbm1_0.user_id=?
2026-05-10T19:58:50.748+08:00 DEBUG 39928 --- [wiki-backend] [           main] org.hibernate.SQL                        : 
    select
        kbm1_0.id,
        kbm1_0.created_at,
        kbm1_0.deleted_at,
        kbm1_0.kb_id,
        kbm1_0.role,
        kbm1_0.updated_at,
        kbm1_0.user_id 
    from
        knowledge_base_members kbm1_0 
    where
        kbm1_0.kb_id=? 
        and kbm1_0.user_id=?
2026-05-10T19:58:50.749+08:00 DEBUG 39928 --- [wiki-backend] [           main] org.hibernate.SQL                        : 
    select
        kbm1_0.id,
        kbm1_0.created_at,
        kbm1_0.deleted_at,
        kbm1_0.kb_id,
        kbm1_0.role,
        kbm1_0.updated_at,
        kbm1_0.user_id 
    from
        knowledge_base_members kbm1_0 
    where
        kbm1_0.kb_id=? 
        and kbm1_0.user_id=?
2026-05-10T19:58:50.750+08:00 DEBUG 39928 --- [wiki-backend] [           main] org.hibernate.SQL                        : 
    select
        kbm1_0.id,
        kbm1_0.created_at,
        kbm1_0.deleted_at,
        kbm1_0.kb_id,
        kbm1_0.role,
        kbm1_0.updated_at,
        kbm1_0.user_id 
    from
        knowledge_base_members kbm1_0 
    where
        kbm1_0.kb_id=? 
        and kbm1_0.user_id=?
2026-05-10T19:58:50.750+08:00 DEBUG 39928 --- [wiki-backend] [           main] org.hibernate.SQL                        : 
    select
        kbm1_0.id,
        kbm1_0.created_at,
        kbm1_0.deleted_at,
        kbm1_0.kb_id,
        kbm1_0.role,
        kbm1_0.updated_at,
        kbm1_0.user_id 
    from
        knowledge_base_members kbm1_0 
    where
        kbm1_0.kb_id=? 
        and kbm1_0.user_id=?
2026-05-10T19:58:50.750+08:00 DEBUG 39928 --- [wiki-backend] [           main] org.hibernate.SQL                        : 
    select
        kbm1_0.id,
        kbm1_0.created_at,
        kbm1_0.deleted_at,
        kbm1_0.kb_id,
        kbm1_0.role,
        kbm1_0.updated_at,
        kbm1_0.user_id 
    from
        knowledge_base_members kbm1_0 
    where
        kbm1_0.kb_id=? 
        and kbm1_0.user_id=?
2026-05-10T19:58:50.752+08:00 DEBUG 39928 --- [wiki-backend] [           main] org.hibernate.SQL                        : 
    select
        kbm1_0.id,
        kbm1_0.created_at,
        kbm1_0.deleted_at,
        kbm1_0.kb_id,
        kbm1_0.role,
        kbm1_0.updated_at,
        kbm1_0.user_id 
    from
        knowledge_base_members kbm1_0 
    where
        kbm1_0.kb_id=? 
        and kbm1_0.user_id=?
2026-05-10T19:58:50.753+08:00 DEBUG 39928 --- [wiki-backend] [           main] org.hibernate.SQL                        : 
    select
        kbm1_0.id,
        kbm1_0.created_at,
        kbm1_0.deleted_at,
        kbm1_0.kb_id,
        kbm1_0.role,
        kbm1_0.updated_at,
        kbm1_0.user_id 
    from
        knowledge_base_members kbm1_0 
    where
        kbm1_0.kb_id=? 
        and kbm1_0.user_id=?
2026-05-10T19:58:50.753+08:00 DEBUG 39928 --- [wiki-backend] [           main] org.hibernate.SQL                        : 
    select
        kbm1_0.id,
        kbm1_0.created_at,
        kbm1_0.deleted_at,
        kbm1_0.kb_id,
        kbm1_0.role,
        kbm1_0.updated_at,
        kbm1_0.user_id 
    from
        knowledge_base_members kbm1_0 
    where
        kbm1_0.kb_id=? 
        and kbm1_0.user_id=?
2026-05-10T19:58:50.754+08:00 DEBUG 39928 --- [wiki-backend] [           main] org.hibernate.SQL                        : 
    select
        utm1_0.id,
        utm1_0.created_at,
        utm1_0.deleted_at,
        utm1_0.team_id,
        utm1_0.updated_at,
        utm1_0.user_id 
    from
        user_team_memberships utm1_0 
    where
        utm1_0.user_id=? 
        and utm1_0.deleted_at is null
2026-05-10T19:58:50.755+08:00 DEBUG 39928 --- [wiki-backend] [           main] org.hibernate.SQL                        : 
    select
        kbm1_0.id,
        kbm1_0.created_at,
        kbm1_0.deleted_at,
        kbm1_0.kb_id,
        kbm1_0.role,
        kbm1_0.updated_at,
        kbm1_0.user_id 
    from
        knowledge_base_members kbm1_0 
    where
        kbm1_0.kb_id=? 
        and kbm1_0.user_id=?
2026-05-10T19:58:50.755+08:00 DEBUG 39928 --- [wiki-backend] [           main] org.hibernate.SQL                        : 
    select
        kbm1_0.id,
        kbm1_0.created_at,
        kbm1_0.deleted_at,
        kbm1_0.kb_id,
        kbm1_0.role,
        kbm1_0.updated_at,
        kbm1_0.user_id 
    from
        knowledge_base_members kbm1_0 
    where
        kbm1_0.kb_id=? 
        and kbm1_0.user_id=?
2026-05-10T19:58:50.757+08:00 DEBUG 39928 --- [wiki-backend] [           main] org.hibernate.SQL                        : 
    select
        utm1_0.id,
        utm1_0.created_at,
        utm1_0.deleted_at,
        utm1_0.team_id,
        utm1_0.updated_at,
        utm1_0.user_id 
    from
        user_team_memberships utm1_0 
    where
        utm1_0.user_id=? 
        and utm1_0.deleted_at is null
2026-05-10T19:58:50.757+08:00 DEBUG 39928 --- [wiki-backend] [           main] org.hibernate.SQL                        : 
    select
        kbm1_0.id,
        kbm1_0.created_at,
        kbm1_0.deleted_at,
        kbm1_0.kb_id,
        kbm1_0.role,
        kbm1_0.updated_at,
        kbm1_0.user_id 
    from
        knowledge_base_members kbm1_0 
    where
        kbm1_0.kb_id=? 
        and kbm1_0.user_id=?
2026-05-10T19:58:50.758+08:00 DEBUG 39928 --- [wiki-backend] [           main] org.hibernate.SQL                        : 
    select
        kbm1_0.id,
        kbm1_0.created_at,
        kbm1_0.deleted_at,
        kbm1_0.kb_id,
        kbm1_0.role,
        kbm1_0.updated_at,
        kbm1_0.user_id 
    from
        knowledge_base_members kbm1_0 
    where
        kbm1_0.kb_id=? 
        and kbm1_0.user_id=?
2026-05-10T19:58:50.759+08:00 DEBUG 39928 --- [wiki-backend] [           main] org.hibernate.SQL                        : 
    select
        utm1_0.id,
        utm1_0.created_at,
        utm1_0.deleted_at,
        utm1_0.team_id,
        utm1_0.updated_at,
        utm1_0.user_id 
    from
        user_team_memberships utm1_0 
    where
        utm1_0.user_id=? 
        and utm1_0.deleted_at is null
2026-05-10T19:58:50.760+08:00 DEBUG 39928 --- [wiki-backend] [           main] org.hibernate.SQL                        : 
    select
        kbm1_0.id,
        kbm1_0.created_at,
        kbm1_0.deleted_at,
        kbm1_0.kb_id,
        kbm1_0.role,
        kbm1_0.updated_at,
        kbm1_0.user_id 
    from
        knowledge_base_members kbm1_0 
    where
        kbm1_0.kb_id=? 
        and kbm1_0.user_id=?
2026-05-10T19:58:50.760+08:00 DEBUG 39928 --- [wiki-backend] [           main] org.hibernate.SQL                        : 
    select
        utm1_0.id,
        utm1_0.created_at,
        utm1_0.deleted_at,
        utm1_0.team_id,
        utm1_0.updated_at,
        utm1_0.user_id 
    from
        user_team_memberships utm1_0 
    where
        utm1_0.user_id=? 
        and utm1_0.deleted_at is null
2026-05-10T19:58:50.761+08:00 DEBUG 39928 --- [wiki-backend] [           main] org.hibernate.SQL                        : 
    select
        kbm1_0.id,
        kbm1_0.created_at,
        kbm1_0.deleted_at,
        kbm1_0.kb_id,
        kbm1_0.role,
        kbm1_0.updated_at,
        kbm1_0.user_id 
    from
        knowledge_base_members kbm1_0 
    where
        kbm1_0.kb_id=? 
        and kbm1_0.user_id=?
2026-05-10T19:58:50.762+08:00 DEBUG 39928 --- [wiki-backend] [           main] org.hibernate.SQL                        : 
    select
        utm1_0.id,
        utm1_0.created_at,
        utm1_0.deleted_at,
        utm1_0.team_id,
        utm1_0.updated_at,
        utm1_0.user_id 
    from
        user_team_memberships utm1_0 
    where
        utm1_0.user_id=? 
        and utm1_0.deleted_at is null
2026-05-10T19:58:50.764+08:00 DEBUG 39928 --- [wiki-backend] [           main] org.hibernate.SQL                        : 
    select
        kbm1_0.id,
        kbm1_0.created_at,
        kbm1_0.deleted_at,
        kbm1_0.kb_id,
        kbm1_0.role,
        kbm1_0.updated_at,
        kbm1_0.user_id 
    from
        knowledge_base_members kbm1_0 
    where
        kbm1_0.kb_id=? 
        and kbm1_0.user_id=?
2026-05-10T19:58:50.765+08:00 DEBUG 39928 --- [wiki-backend] [           main] org.hibernate.SQL                        : 
    select
        utm1_0.id,
        utm1_0.created_at,
        utm1_0.deleted_at,
        utm1_0.team_id,
        utm1_0.updated_at,
        utm1_0.user_id 
    from
        user_team_memberships utm1_0 
    where
        utm1_0.user_id=? 
        and utm1_0.deleted_at is null
2026-05-10T19:58:50.766+08:00 DEBUG 39928 --- [wiki-backend] [           main] org.hibernate.SQL                        : 
    select
        kbm1_0.id,
        kbm1_0.created_at,
        kbm1_0.deleted_at,
        kbm1_0.kb_id,
        kbm1_0.role,
        kbm1_0.updated_at,
        kbm1_0.user_id 
    from
        knowledge_base_members kbm1_0 
    where
        kbm1_0.kb_id=? 
        and kbm1_0.user_id=?
2026-05-10T19:58:50.766+08:00 DEBUG 39928 --- [wiki-backend] [           main] org.hibernate.SQL                        : 
    select
        utm1_0.id,
        utm1_0.created_at,
        utm1_0.deleted_at,
        utm1_0.team_id,
        utm1_0.updated_at,
        utm1_0.user_id 
    from
        user_team_memberships utm1_0 
    where
        utm1_0.user_id=? 
        and utm1_0.deleted_at is null
2026-05-10T19:58:50.767+08:00 DEBUG 39928 --- [wiki-backend] [           main] org.hibernate.SQL                        : 
    select
        kbm1_0.id,
        kbm1_0.created_at,
        kbm1_0.deleted_at,
        kbm1_0.kb_id,
        kbm1_0.role,
        kbm1_0.updated_at,
        kbm1_0.user_id 
    from
        knowledge_base_members kbm1_0 
    where
        kbm1_0.kb_id=? 
        and kbm1_0.user_id=?
2026-05-10T19:58:50.768+08:00 DEBUG 39928 --- [wiki-backend] [           main] org.hibernate.SQL                        : 
    select
        utm1_0.id,
        utm1_0.created_at,
        utm1_0.deleted_at,
        utm1_0.team_id,
        utm1_0.updated_at,
        utm1_0.user_id 
    from
        user_team_memberships utm1_0 
    where
        utm1_0.user_id=? 
        and utm1_0.deleted_at is null
2026-05-10T19:58:50.769+08:00 DEBUG 39928 --- [wiki-backend] [           main] org.hibernate.SQL                        : 
    select
        kbm1_0.id,
        kbm1_0.created_at,
        kbm1_0.deleted_at,
        kbm1_0.kb_id,
        kbm1_0.role,
        kbm1_0.updated_at,
        kbm1_0.user_id 
    from
        knowledge_base_members kbm1_0 
    where
        kbm1_0.kb_id=? 
        and kbm1_0.user_id=?
2026-05-10T19:58:50.770+08:00 DEBUG 39928 --- [wiki-backend] [           main] org.hibernate.SQL                        : 
    select
        utm1_0.id,
        utm1_0.created_at,
        utm1_0.deleted_at,
        utm1_0.team_id,
        utm1_0.updated_at,
        utm1_0.user_id 
    from
        user_team_memberships utm1_0 
    where
        utm1_0.user_id=? 
        and utm1_0.deleted_at is null
2026-05-10T19:58:50.771+08:00 DEBUG 39928 --- [wiki-backend] [           main] org.hibernate.SQL                        : 
    select
        kbm1_0.id,
        kbm1_0.created_at,
        kbm1_0.deleted_at,
        kbm1_0.kb_id,
        kbm1_0.role,
        kbm1_0.updated_at,
        kbm1_0.user_id 
    from
        knowledge_base_members kbm1_0 
    where
        kbm1_0.kb_id=? 
        and kbm1_0.user_id=?
2026-05-10T19:58:50.771+08:00 DEBUG 39928 --- [wiki-backend] [           main] org.hibernate.SQL                        : 
    select
        utm1_0.id,
        utm1_0.created_at,
        utm1_0.deleted_at,
        utm1_0.team_id,
        utm1_0.updated_at,
        utm1_0.user_id 
    from
        user_team_memberships utm1_0 
    where
        utm1_0.user_id=? 
        and utm1_0.deleted_at is null
2026-05-10T19:58:50.772+08:00 DEBUG 39928 --- [wiki-backend] [           main] org.hibernate.SQL                        : 
    select
        kbm1_0.id,
        kbm1_0.created_at,
        kbm1_0.deleted_at,
        kbm1_0.kb_id,
        kbm1_0.role,
        kbm1_0.updated_at,
        kbm1_0.user_id 
    from
        knowledge_base_members kbm1_0 
    where
        kbm1_0.kb_id=? 
        and kbm1_0.user_id=?
2026-05-10T19:58:50.773+08:00 DEBUG 39928 --- [wiki-backend] [           main] org.hibernate.SQL                        : 
    select
        utm1_0.id,
        utm1_0.created_at,
        utm1_0.deleted_at,
        utm1_0.team_id,
        utm1_0.updated_at,
        utm1_0.user_id 
    from
        user_team_memberships utm1_0 
    where
        utm1_0.user_id=? 
        and utm1_0.deleted_at is null
2026-05-10T19:58:50.774+08:00 DEBUG 39928 --- [wiki-backend] [           main] org.hibernate.SQL                        : 
    select
        kbm1_0.id,
        kbm1_0.created_at,
        kbm1_0.deleted_at,
        kbm1_0.kb_id,
        kbm1_0.role,
        kbm1_0.updated_at,
        kbm1_0.user_id 
    from
        knowledge_base_members kbm1_0 
    where
        kbm1_0.kb_id=? 
        and kbm1_0.user_id=?
2026-05-10T19:58:50.774+08:00 DEBUG 39928 --- [wiki-backend] [           main] org.hibernate.SQL                        : 
    select
        utm1_0.id,
        utm1_0.created_at,
        utm1_0.deleted_at,
        utm1_0.team_id,
        utm1_0.updated_at,
        utm1_0.user_id 
    from
        user_team_memberships utm1_0 
    where
        utm1_0.user_id=? 
        and utm1_0.deleted_at is null
2026-05-10T19:58:50.775+08:00 DEBUG 39928 --- [wiki-backend] [           main] org.hibernate.SQL                        : 
    select
        kbm1_0.id,
        kbm1_0.created_at,
        kbm1_0.deleted_at,
        kbm1_0.kb_id,
        kbm1_0.role,
        kbm1_0.updated_at,
        kbm1_0.user_id 
    from
        knowledge_base_members kbm1_0 
    where
        kbm1_0.kb_id=? 
        and kbm1_0.user_id=?
2026-05-10T19:58:50.776+08:00 DEBUG 39928 --- [wiki-backend] [           main] org.hibernate.SQL                        : 
    select
        utm1_0.id,
        utm1_0.created_at,
        utm1_0.deleted_at,
        utm1_0.team_id,
        utm1_0.updated_at,
        utm1_0.user_id 
    from
        user_team_memberships utm1_0 
    where
        utm1_0.user_id=? 
        and utm1_0.deleted_at is null
2026-05-10T19:58:50.777+08:00 DEBUG 39928 --- [wiki-backend] [           main] org.hibernate.SQL                        : 
    select
        kbm1_0.id,
        kbm1_0.created_at,
        kbm1_0.deleted_at,
        kbm1_0.kb_id,
        kbm1_0.role,
        kbm1_0.updated_at,
        kbm1_0.user_id 
    from
        knowledge_base_members kbm1_0 
    where
        kbm1_0.kb_id=? 
        and kbm1_0.user_id=?
2026-05-10T19:58:50.778+08:00 DEBUG 39928 --- [wiki-backend] [           main] org.hibernate.SQL                        : 
    select
        utm1_0.id,
        utm1_0.created_at,
        utm1_0.deleted_at,
        utm1_0.team_id,
        utm1_0.updated_at,
        utm1_0.user_id 
    from
        user_team_memberships utm1_0 
    where
        utm1_0.user_id=? 
        and utm1_0.deleted_at is null
2026-05-10T19:58:50.779+08:00 DEBUG 39928 --- [wiki-backend] [           main] org.hibernate.SQL                        : 
    select
        kbm1_0.id,
        kbm1_0.created_at,
        kbm1_0.deleted_at,
        kbm1_0.kb_id,
        kbm1_0.role,
        kbm1_0.updated_at,
        kbm1_0.user_id 
    from
        knowledge_base_members kbm1_0 
    where
        kbm1_0.kb_id=? 
        and kbm1_0.user_id=?
2026-05-10T19:58:50.780+08:00 DEBUG 39928 --- [wiki-backend] [           main] org.hibernate.SQL                        : 
    select
        utm1_0.id,
        utm1_0.created_at,
        utm1_0.deleted_at,
        utm1_0.team_id,
        utm1_0.updated_at,
        utm1_0.user_id 
    from
        user_team_memberships utm1_0 
    where
        utm1_0.user_id=? 
        and utm1_0.deleted_at is null
2026-05-10T19:58:50.781+08:00 DEBUG 39928 --- [wiki-backend] [           main] org.hibernate.SQL                        : 
    select
        kbm1_0.id,
        kbm1_0.created_at,
        kbm1_0.deleted_at,
        kbm1_0.kb_id,
        kbm1_0.role,
        kbm1_0.updated_at,
        kbm1_0.user_id 
    from
        knowledge_base_members kbm1_0 
    where
        kbm1_0.kb_id=? 
        and kbm1_0.user_id=?
2026-05-10T19:58:50.781+08:00 DEBUG 39928 --- [wiki-backend] [           main] org.hibernate.SQL                        : 
    select
        utm1_0.id,
        utm1_0.created_at,
        utm1_0.deleted_at,
        utm1_0.team_id,
        utm1_0.updated_at,
        utm1_0.user_id 
    from
        user_team_memberships utm1_0 
    where
        utm1_0.user_id=? 
        and utm1_0.deleted_at is null
2026-05-10T19:58:50.782+08:00 DEBUG 39928 --- [wiki-backend] [           main] org.hibernate.SQL                        : 
    select
        kbm1_0.id,
        kbm1_0.created_at,
        kbm1_0.deleted_at,
        kbm1_0.kb_id,
        kbm1_0.role,
        kbm1_0.updated_at,
        kbm1_0.user_id 
    from
        knowledge_base_members kbm1_0 
    where
        kbm1_0.kb_id=? 
        and kbm1_0.user_id=?
2026-05-10T19:58:50.783+08:00 DEBUG 39928 --- [wiki-backend] [           main] org.hibernate.SQL                        : 
    select
        utm1_0.id,
        utm1_0.created_at,
        utm1_0.deleted_at,
        utm1_0.team_id,
        utm1_0.updated_at,
        utm1_0.user_id 
    from
        user_team_memberships utm1_0 
    where
        utm1_0.user_id=? 
        and utm1_0.deleted_at is null
2026-05-10T19:58:50.784+08:00 DEBUG 39928 --- [wiki-backend] [           main] org.hibernate.SQL                        : 
    select
        kbm1_0.id,
        kbm1_0.created_at,
        kbm1_0.deleted_at,
        kbm1_0.kb_id,
        kbm1_0.role,
        kbm1_0.updated_at,
        kbm1_0.user_id 
    from
        knowledge_base_members kbm1_0 
    where
        kbm1_0.kb_id=? 
        and kbm1_0.user_id=?
2026-05-10T19:58:50.785+08:00 DEBUG 39928 --- [wiki-backend] [           main] org.hibernate.SQL                        : 
    select
        utm1_0.id,
        utm1_0.created_at,
        utm1_0.deleted_at,
        utm1_0.team_id,
        utm1_0.updated_at,
        utm1_0.user_id 
    from
        user_team_memberships utm1_0 
    where
        utm1_0.user_id=? 
        and utm1_0.deleted_at is null
2026-05-10T19:58:50.785+08:00 DEBUG 39928 --- [wiki-backend] [           main] org.hibernate.SQL                        : 
    select
        kbm1_0.id,
        kbm1_0.created_at,
        kbm1_0.deleted_at,
        kbm1_0.kb_id,
        kbm1_0.role,
        kbm1_0.updated_at,
        kbm1_0.user_id 
    from
        knowledge_base_members kbm1_0 
    where
        kbm1_0.kb_id=? 
        and kbm1_0.user_id=?
2026-05-10T19:58:50.787+08:00 DEBUG 39928 --- [wiki-backend] [           main] org.hibernate.SQL                        : 
    select
        kbm1_0.id,
        kbm1_0.created_at,
        kbm1_0.deleted_at,
        kbm1_0.kb_id,
        kbm1_0.role,
        kbm1_0.updated_at,
        kbm1_0.user_id 
    from
        knowledge_base_members kbm1_0 
    where
        kbm1_0.kb_id=? 
        and kbm1_0.user_id=?
2026-05-10T19:58:50.788+08:00 DEBUG 39928 --- [wiki-backend] [           main] org.hibernate.SQL                        : 
    select
        ua1_0.id,
        ua1_0.avatar_url,
        ua1_0.created_at,
        ua1_0.deleted_at,
        ua1_0.demo_password,
        ua1_0.department_id,
        ua1_0.email,
        ua1_0.nickname,
        ua1_0.password_hash,
        ua1_0.phone,
        ua1_0.role,
        ua1_0.updated_at,
        ua1_0.username 
    from
        users ua1_0
2026-05-10T19:58:50.789+08:00 DEBUG 39928 --- [wiki-backend] [           main] org.hibernate.SQL                        : 
    select
        kbm1_0.id,
        kbm1_0.created_at,
        kbm1_0.deleted_at,
        kbm1_0.kb_id,
        kbm1_0.role,
        kbm1_0.updated_at,
        kbm1_0.user_id 
    from
        knowledge_base_members kbm1_0 
    where
        kbm1_0.kb_id=? 
        and kbm1_0.user_id=?
2026-05-10T19:58:50.789+08:00 DEBUG 39928 --- [wiki-backend] [           main] org.hibernate.SQL                        : 
    select
        kbm1_0.id,
        kbm1_0.created_at,
        kbm1_0.deleted_at,
        kbm1_0.kb_id,
        kbm1_0.role,
        kbm1_0.updated_at,
        kbm1_0.user_id 
    from
        knowledge_base_members kbm1_0 
    where
        kbm1_0.kb_id=? 
        and kbm1_0.user_id=?
2026-05-10T19:58:50.790+08:00 DEBUG 39928 --- [wiki-backend] [           main] org.hibernate.SQL                        : 
    select
        kbm1_0.id,
        kbm1_0.created_at,
        kbm1_0.deleted_at,
        kbm1_0.kb_id,
        kbm1_0.role,
        kbm1_0.updated_at,
        kbm1_0.user_id 
    from
        knowledge_base_members kbm1_0 
    where
        kbm1_0.kb_id=? 
        and kbm1_0.user_id=?
2026-05-10T19:58:50.791+08:00 DEBUG 39928 --- [wiki-backend] [           main] org.hibernate.SQL                        : 
    select
        kbm1_0.id,
        kbm1_0.created_at,
        kbm1_0.deleted_at,
        kbm1_0.kb_id,
        kbm1_0.role,
        kbm1_0.updated_at,
        kbm1_0.user_id 
    from
        knowledge_base_members kbm1_0 
    where
        kbm1_0.kb_id=? 
        and kbm1_0.user_id=?
2026-05-10T19:58:50.791+08:00 DEBUG 39928 --- [wiki-backend] [           main] org.hibernate.SQL                        : 
    select
        kbm1_0.id,
        kbm1_0.created_at,
        kbm1_0.deleted_at,
        kbm1_0.kb_id,
        kbm1_0.role,
        kbm1_0.updated_at,
        kbm1_0.user_id 
    from
        knowledge_base_members kbm1_0 
    where
        kbm1_0.kb_id=? 
        and kbm1_0.user_id=?
2026-05-10T19:58:50.792+08:00 DEBUG 39928 --- [wiki-backend] [           main] org.hibernate.SQL                        : 
    select
        kbm1_0.id,
        kbm1_0.created_at,
        kbm1_0.deleted_at,
        kbm1_0.kb_id,
        kbm1_0.role,
        kbm1_0.updated_at,
        kbm1_0.user_id 
    from
        knowledge_base_members kbm1_0 
    where
        kbm1_0.kb_id=? 
        and kbm1_0.user_id=?
2026-05-10T19:58:50.793+08:00 DEBUG 39928 --- [wiki-backend] [           main] org.hibernate.SQL                        : 
    select
        kbm1_0.id,
        kbm1_0.created_at,
        kbm1_0.deleted_at,
        kbm1_0.kb_id,
        kbm1_0.role,
        kbm1_0.updated_at,
        kbm1_0.user_id 
    from
        knowledge_base_members kbm1_0 
    where
        kbm1_0.kb_id=? 
        and kbm1_0.user_id=?
2026-05-10T19:58:50.793+08:00 DEBUG 39928 --- [wiki-backend] [           main] org.hibernate.SQL                        : 
    select
        kbm1_0.id,
        kbm1_0.created_at,
        kbm1_0.deleted_at,
        kbm1_0.kb_id,
        kbm1_0.role,
        kbm1_0.updated_at,
        kbm1_0.user_id 
    from
        knowledge_base_members kbm1_0 
    where
        kbm1_0.kb_id=? 
        and kbm1_0.user_id=?
2026-05-10T19:58:50.795+08:00 DEBUG 39928 --- [wiki-backend] [           main] org.hibernate.SQL                        : 
    select
        kbm1_0.id,
        kbm1_0.created_at,
        kbm1_0.deleted_at,
        kbm1_0.kb_id,
        kbm1_0.role,
        kbm1_0.updated_at,
        kbm1_0.user_id 
    from
        knowledge_base_members kbm1_0 
    where
        kbm1_0.kb_id=? 
        and kbm1_0.user_id=?
2026-05-10T19:58:50.796+08:00 DEBUG 39928 --- [wiki-backend] [           main] org.hibernate.SQL                        : 
    select
        kbm1_0.id,
        kbm1_0.created_at,
        kbm1_0.deleted_at,
        kbm1_0.kb_id,
        kbm1_0.role,
        kbm1_0.updated_at,
        kbm1_0.user_id 
    from
        knowledge_base_members kbm1_0 
    where
        kbm1_0.kb_id=? 
        and kbm1_0.user_id=?
2026-05-10T19:58:50.796+08:00 DEBUG 39928 --- [wiki-backend] [           main] org.hibernate.SQL                        : 
    select
        kbm1_0.id,
        kbm1_0.created_at,
        kbm1_0.deleted_at,
        kbm1_0.kb_id,
        kbm1_0.role,
        kbm1_0.updated_at,
        kbm1_0.user_id 
    from
        knowledge_base_members kbm1_0 
    where
        kbm1_0.kb_id=? 
        and kbm1_0.user_id=?
2026-05-10T19:58:50.797+08:00 DEBUG 39928 --- [wiki-backend] [           main] org.hibernate.SQL                        : 
    select
        kbm1_0.id,
        kbm1_0.created_at,
        kbm1_0.deleted_at,
        kbm1_0.kb_id,
        kbm1_0.role,
        kbm1_0.updated_at,
        kbm1_0.user_id 
    from
        knowledge_base_members kbm1_0 
    where
        kbm1_0.kb_id=? 
        and kbm1_0.user_id=?
2026-05-10T19:58:50.798+08:00 DEBUG 39928 --- [wiki-backend] [           main] org.hibernate.SQL                        : 
    select
        kbm1_0.id,
        kbm1_0.created_at,
        kbm1_0.deleted_at,
        kbm1_0.kb_id,
        kbm1_0.role,
        kbm1_0.updated_at,
        kbm1_0.user_id 
    from
        knowledge_base_members kbm1_0 
    where
        kbm1_0.kb_id=? 
        and kbm1_0.user_id=?
2026-05-10T19:58:50.798+08:00 DEBUG 39928 --- [wiki-backend] [           main] org.hibernate.SQL                        : 
    select
        kbm1_0.id,
        kbm1_0.created_at,
        kbm1_0.deleted_at,
        kbm1_0.kb_id,
        kbm1_0.role,
        kbm1_0.updated_at,
        kbm1_0.user_id 
    from
        knowledge_base_members kbm1_0 
    where
        kbm1_0.kb_id=? 
        and kbm1_0.user_id=?
2026-05-10T19:58:50.799+08:00 DEBUG 39928 --- [wiki-backend] [           main] org.hibernate.SQL                        : 
    select
        kbm1_0.id,
        kbm1_0.created_at,
        kbm1_0.deleted_at,
        kbm1_0.kb_id,
        kbm1_0.role,
        kbm1_0.updated_at,
        kbm1_0.user_id 
    from
        knowledge_base_members kbm1_0 
    where
        kbm1_0.kb_id=? 
        and kbm1_0.user_id=?
2026-05-10T19:58:50.799+08:00 DEBUG 39928 --- [wiki-backend] [           main] org.hibernate.SQL                        : 
    select
        kbm1_0.id,
        kbm1_0.created_at,
        kbm1_0.deleted_at,
        kbm1_0.kb_id,
        kbm1_0.role,
        kbm1_0.updated_at,
        kbm1_0.user_id 
    from
        knowledge_base_members kbm1_0 
    where
        kbm1_0.kb_id=? 
        and kbm1_0.user_id=?
2026-05-10T19:58:50.801+08:00 DEBUG 39928 --- [wiki-backend] [           main] org.hibernate.SQL                        : 
    select
        kbm1_0.id,
        kbm1_0.created_at,
        kbm1_0.deleted_at,
        kbm1_0.kb_id,
        kbm1_0.role,
        kbm1_0.updated_at,
        kbm1_0.user_id 
    from
        knowledge_base_members kbm1_0 
    where
        kbm1_0.kb_id=? 
        and kbm1_0.user_id=?
2026-05-10T19:58:50.801+08:00 DEBUG 39928 --- [wiki-backend] [           main] org.hibernate.SQL                        : 
    select
        kbm1_0.id,
        kbm1_0.created_at,
        kbm1_0.deleted_at,
        kbm1_0.kb_id,
        kbm1_0.role,
        kbm1_0.updated_at,
        kbm1_0.user_id 
    from
        knowledge_base_members kbm1_0 
    where
        kbm1_0.kb_id=? 
        and kbm1_0.user_id=?
2026-05-10T19:58:50.802+08:00 DEBUG 39928 --- [wiki-backend] [           main] org.hibernate.SQL                        : 
    select
        kbm1_0.id,
        kbm1_0.created_at,
        kbm1_0.deleted_at,
        kbm1_0.kb_id,
        kbm1_0.role,
        kbm1_0.updated_at,
        kbm1_0.user_id 
    from
        knowledge_base_members kbm1_0 
    where
        kbm1_0.kb_id=? 
        and kbm1_0.user_id=?
2026-05-10T19:58:50.803+08:00 DEBUG 39928 --- [wiki-backend] [           main] org.hibernate.SQL                        : 
    select
        kbm1_0.id,
        kbm1_0.created_at,
        kbm1_0.deleted_at,
        kbm1_0.kb_id,
        kbm1_0.role,
        kbm1_0.updated_at,
        kbm1_0.user_id 
    from
        knowledge_base_members kbm1_0 
    where
        kbm1_0.kb_id=? 
        and kbm1_0.user_id=?
2026-05-10T19:58:50.803+08:00 DEBUG 39928 --- [wiki-backend] [           main] org.hibernate.SQL                        : 
    select
        utm1_0.id,
        utm1_0.created_at,
        utm1_0.deleted_at,
        utm1_0.team_id,
        utm1_0.updated_at,
        utm1_0.user_id 
    from
        user_team_memberships utm1_0 
    where
        utm1_0.user_id=? 
        and utm1_0.deleted_at is null
2026-05-10T19:58:50.804+08:00 DEBUG 39928 --- [wiki-backend] [           main] org.hibernate.SQL                        : 
    select
        kbm1_0.id,
        kbm1_0.created_at,
        kbm1_0.deleted_at,
        kbm1_0.kb_id,
        kbm1_0.role,
        kbm1_0.updated_at,
        kbm1_0.user_id 
    from
        knowledge_base_members kbm1_0 
    where
        kbm1_0.kb_id=? 
        and kbm1_0.user_id=?
2026-05-10T19:58:50.805+08:00 DEBUG 39928 --- [wiki-backend] [           main] org.hibernate.SQL                        : 
    select
        kbm1_0.id,
        kbm1_0.created_at,
        kbm1_0.deleted_at,
        kbm1_0.kb_id,
        kbm1_0.role,
        kbm1_0.updated_at,
        kbm1_0.user_id 
    from
        knowledge_base_members kbm1_0 
    where
        kbm1_0.kb_id=? 
        and kbm1_0.user_id=?
2026-05-10T19:58:50.806+08:00 DEBUG 39928 --- [wiki-backend] [           main] org.hibernate.SQL                        : 
    select
        utm1_0.id,
        utm1_0.created_at,
        utm1_0.deleted_at,
        utm1_0.team_id,
        utm1_0.updated_at,
        utm1_0.user_id 
    from
        user_team_memberships utm1_0 
    where
        utm1_0.user_id=? 
        and utm1_0.deleted_at is null
2026-05-10T19:58:50.806+08:00 DEBUG 39928 --- [wiki-backend] [           main] org.hibernate.SQL                        : 
    select
        kbm1_0.id,
        kbm1_0.created_at,
        kbm1_0.deleted_at,
        kbm1_0.kb_id,
        kbm1_0.role,
        kbm1_0.updated_at,
        kbm1_0.user_id 
    from
        knowledge_base_members kbm1_0 
    where
        kbm1_0.kb_id=? 
        and kbm1_0.user_id=?
2026-05-10T19:58:50.807+08:00 DEBUG 39928 --- [wiki-backend] [           main] org.hibernate.SQL                        : 
    select
        kbm1_0.id,
        kbm1_0.created_at,
        kbm1_0.deleted_at,
        kbm1_0.kb_id,
        kbm1_0.role,
        kbm1_0.updated_at,
        kbm1_0.user_id 
    from
        knowledge_base_members kbm1_0 
    where
        kbm1_0.kb_id=? 
        and kbm1_0.user_id=?
2026-05-10T19:58:50.808+08:00 DEBUG 39928 --- [wiki-backend] [           main] org.hibernate.SQL                        : 
    select
        utm1_0.id,
        utm1_0.created_at,
        utm1_0.deleted_at,
        utm1_0.team_id,
        utm1_0.updated_at,
        utm1_0.user_id 
    from
        user_team_memberships utm1_0 
    where
        utm1_0.user_id=? 
        and utm1_0.deleted_at is null
2026-05-10T19:58:50.808+08:00 DEBUG 39928 --- [wiki-backend] [           main] org.hibernate.SQL                        : 
    select
        kbm1_0.id,
        kbm1_0.created_at,
        kbm1_0.deleted_at,
        kbm1_0.kb_id,
        kbm1_0.role,
        kbm1_0.updated_at,
        kbm1_0.user_id 
    from
        knowledge_base_members kbm1_0 
    where
        kbm1_0.kb_id=? 
        and kbm1_0.user_id=?
2026-05-10T19:58:50.809+08:00 DEBUG 39928 --- [wiki-backend] [           main] org.hibernate.SQL                        : 
    select
        utm1_0.id,
        utm1_0.created_at,
        utm1_0.deleted_at,
        utm1_0.team_id,
        utm1_0.updated_at,
        utm1_0.user_id 
    from
        user_team_memberships utm1_0 
    where
        utm1_0.user_id=? 
        and utm1_0.deleted_at is null
2026-05-10T19:58:50.810+08:00 DEBUG 39928 --- [wiki-backend] [           main] org.hibernate.SQL                        : 
    select
        kbm1_0.id,
        kbm1_0.created_at,
        kbm1_0.deleted_at,
        kbm1_0.kb_id,
        kbm1_0.role,
        kbm1_0.updated_at,
        kbm1_0.user_id 
    from
        knowledge_base_members kbm1_0 
    where
        kbm1_0.kb_id=? 
        and kbm1_0.user_id=?
2026-05-10T19:58:50.811+08:00 DEBUG 39928 --- [wiki-backend] [           main] org.hibernate.SQL                        : 
    select
        utm1_0.id,
        utm1_0.created_at,
        utm1_0.deleted_at,
        utm1_0.team_id,
        utm1_0.updated_at,
        utm1_0.user_id 
    from
        user_team_memberships utm1_0 
    where
        utm1_0.user_id=? 
        and utm1_0.deleted_at is null
2026-05-10T19:58:50.812+08:00 DEBUG 39928 --- [wiki-backend] [           main] org.hibernate.SQL                        : 
    select
        kbm1_0.id,
        kbm1_0.created_at,
        kbm1_0.deleted_at,
        kbm1_0.kb_id,
        kbm1_0.role,
        kbm1_0.updated_at,
        kbm1_0.user_id 
    from
        knowledge_base_members kbm1_0 
    where
        kbm1_0.kb_id=? 
        and kbm1_0.user_id=?
2026-05-10T19:58:50.812+08:00 DEBUG 39928 --- [wiki-backend] [           main] org.hibernate.SQL                        : 
    select
        utm1_0.id,
        utm1_0.created_at,
        utm1_0.deleted_at,
        utm1_0.team_id,
        utm1_0.updated_at,
        utm1_0.user_id 
    from
        user_team_memberships utm1_0 
    where
        utm1_0.user_id=? 
        and utm1_0.deleted_at is null
2026-05-10T19:58:50.813+08:00 DEBUG 39928 --- [wiki-backend] [           main] org.hibernate.SQL                        : 
    select
        kbm1_0.id,
        kbm1_0.created_at,
        kbm1_0.deleted_at,
        kbm1_0.kb_id,
        kbm1_0.role,
        kbm1_0.updated_at,
        kbm1_0.user_id 
    from
        knowledge_base_members kbm1_0 
    where
        kbm1_0.kb_id=? 
        and kbm1_0.user_id=?
2026-05-10T19:58:50.814+08:00 DEBUG 39928 --- [wiki-backend] [           main] org.hibernate.SQL                        : 
    select
        utm1_0.id,
        utm1_0.created_at,
        utm1_0.deleted_at,
        utm1_0.team_id,
        utm1_0.updated_at,
        utm1_0.user_id 
    from
        user_team_memberships utm1_0 
    where
        utm1_0.user_id=? 
        and utm1_0.deleted_at is null
2026-05-10T19:58:50.814+08:00 DEBUG 39928 --- [wiki-backend] [           main] org.hibernate.SQL                        : 
    select
        kbm1_0.id,
        kbm1_0.created_at,
        kbm1_0.deleted_at,
        kbm1_0.kb_id,
        kbm1_0.role,
        kbm1_0.updated_at,
        kbm1_0.user_id 
    from
        knowledge_base_members kbm1_0 
    where
        kbm1_0.kb_id=? 
        and kbm1_0.user_id=?
2026-05-10T19:58:50.815+08:00 DEBUG 39928 --- [wiki-backend] [           main] org.hibernate.SQL                        : 
    select
        utm1_0.id,
        utm1_0.created_at,
        utm1_0.deleted_at,
        utm1_0.team_id,
        utm1_0.updated_at,
        utm1_0.user_id 
    from
        user_team_memberships utm1_0 
    where
        utm1_0.user_id=? 
        and utm1_0.deleted_at is null
2026-05-10T19:58:50.816+08:00 DEBUG 39928 --- [wiki-backend] [           main] org.hibernate.SQL                        : 
    select
        kbm1_0.id,
        kbm1_0.created_at,
        kbm1_0.deleted_at,
        kbm1_0.kb_id,
        kbm1_0.role,
        kbm1_0.updated_at,
        kbm1_0.user_id 
    from
        knowledge_base_members kbm1_0 
    where
        kbm1_0.kb_id=? 
        and kbm1_0.user_id=?
2026-05-10T19:58:50.816+08:00 DEBUG 39928 --- [wiki-backend] [           main] org.hibernate.SQL                        : 
    select
        utm1_0.id,
        utm1_0.created_at,
        utm1_0.deleted_at,
        utm1_0.team_id,
        utm1_0.updated_at,
        utm1_0.user_id 
    from
        user_team_memberships utm1_0 
    where
        utm1_0.user_id=? 
        and utm1_0.deleted_at is null
2026-05-10T19:58:50.817+08:00 DEBUG 39928 --- [wiki-backend] [           main] org.hibernate.SQL                        : 
    select
        kbm1_0.id,
        kbm1_0.created_at,
        kbm1_0.deleted_at,
        kbm1_0.kb_id,
        kbm1_0.role,
        kbm1_0.updated_at,
        kbm1_0.user_id 
    from
        knowledge_base_members kbm1_0 
    where
        kbm1_0.kb_id=? 
        and kbm1_0.user_id=?
2026-05-10T19:58:50.818+08:00 DEBUG 39928 --- [wiki-backend] [           main] org.hibernate.SQL                        : 
    select
        utm1_0.id,
        utm1_0.created_at,
        utm1_0.deleted_at,
        utm1_0.team_id,
        utm1_0.updated_at,
        utm1_0.user_id 
    from
        user_team_memberships utm1_0 
    where
        utm1_0.user_id=? 
        and utm1_0.deleted_at is null
2026-05-10T19:58:50.819+08:00 DEBUG 39928 --- [wiki-backend] [           main] org.hibernate.SQL                        : 
    select
        kbm1_0.id,
        kbm1_0.created_at,
        kbm1_0.deleted_at,
        kbm1_0.kb_id,
        kbm1_0.role,
        kbm1_0.updated_at,
        kbm1_0.user_id 
    from
        knowledge_base_members kbm1_0 
    where
        kbm1_0.kb_id=? 
        and kbm1_0.user_id=?
2026-05-10T19:58:50.819+08:00 DEBUG 39928 --- [wiki-backend] [           main] org.hibernate.SQL                        : 
    select
        utm1_0.id,
        utm1_0.created_at,
        utm1_0.deleted_at,
        utm1_0.team_id,
        utm1_0.updated_at,
        utm1_0.user_id 
    from
        user_team_memberships utm1_0 
    where
        utm1_0.user_id=? 
        and utm1_0.deleted_at is null
2026-05-10T19:58:50.820+08:00 DEBUG 39928 --- [wiki-backend] [           main] org.hibernate.SQL                        : 
    select
        kbm1_0.id,
        kbm1_0.created_at,
        kbm1_0.deleted_at,
        kbm1_0.kb_id,
        kbm1_0.role,
        kbm1_0.updated_at,
        kbm1_0.user_id 
    from
        knowledge_base_members kbm1_0 
    where
        kbm1_0.kb_id=? 
        and kbm1_0.user_id=?
2026-05-10T19:58:50.821+08:00 DEBUG 39928 --- [wiki-backend] [           main] org.hibernate.SQL                        : 
    select
        utm1_0.id,
        utm1_0.created_at,
        utm1_0.deleted_at,
        utm1_0.team_id,
        utm1_0.updated_at,
        utm1_0.user_id 
    from
        user_team_memberships utm1_0 
    where
        utm1_0.user_id=? 
        and utm1_0.deleted_at is null
2026-05-10T19:58:50.821+08:00 DEBUG 39928 --- [wiki-backend] [           main] org.hibernate.SQL                        : 
    select
        kbm1_0.id,
        kbm1_0.created_at,
        kbm1_0.deleted_at,
        kbm1_0.kb_id,
        kbm1_0.role,
        kbm1_0.updated_at,
        kbm1_0.user_id 
    from
        knowledge_base_members kbm1_0 
    where
        kbm1_0.kb_id=? 
        and kbm1_0.user_id=?
2026-05-10T19:58:50.822+08:00 DEBUG 39928 --- [wiki-backend] [           main] org.hibernate.SQL                        : 
    select
        utm1_0.id,
        utm1_0.created_at,
        utm1_0.deleted_at,
        utm1_0.team_id,
        utm1_0.updated_at,
        utm1_0.user_id 
    from
        user_team_memberships utm1_0 
    where
        utm1_0.user_id=? 
        and utm1_0.deleted_at is null
2026-05-10T19:58:50.822+08:00 DEBUG 39928 --- [wiki-backend] [           main] org.hibernate.SQL                        : 
    select
        kbm1_0.id,
        kbm1_0.created_at,
        kbm1_0.deleted_at,
        kbm1_0.kb_id,
        kbm1_0.role,
        kbm1_0.updated_at,
        kbm1_0.user_id 
    from
        knowledge_base_members kbm1_0 
    where
        kbm1_0.kb_id=? 
        and kbm1_0.user_id=?
2026-05-10T19:58:50.823+08:00 DEBUG 39928 --- [wiki-backend] [           main] org.hibernate.SQL                        : 
    select
        utm1_0.id,
        utm1_0.created_at,
        utm1_0.deleted_at,
        utm1_0.team_id,
        utm1_0.updated_at,
        utm1_0.user_id 
    from
        user_team_memberships utm1_0 
    where
        utm1_0.user_id=? 
        and utm1_0.deleted_at is null
2026-05-10T19:58:50.824+08:00 DEBUG 39928 --- [wiki-backend] [           main] org.hibernate.SQL                        : 
    select
        kbm1_0.id,
        kbm1_0.created_at,
        kbm1_0.deleted_at,
        kbm1_0.kb_id,
        kbm1_0.role,
        kbm1_0.updated_at,
        kbm1_0.user_id 
    from
        knowledge_base_members kbm1_0 
    where
        kbm1_0.kb_id=? 
        and kbm1_0.user_id=?
2026-05-10T19:58:50.824+08:00 DEBUG 39928 --- [wiki-backend] [           main] org.hibernate.SQL                        : 
    select
        utm1_0.id,
        utm1_0.created_at,
        utm1_0.deleted_at,
        utm1_0.team_id,
        utm1_0.updated_at,
        utm1_0.user_id 
    from
        user_team_memberships utm1_0 
    where
        utm1_0.user_id=? 
        and utm1_0.deleted_at is null
2026-05-10T19:58:50.825+08:00 DEBUG 39928 --- [wiki-backend] [           main] org.hibernate.SQL                        : 
    select
        kbm1_0.id,
        kbm1_0.created_at,
        kbm1_0.deleted_at,
        kbm1_0.kb_id,
        kbm1_0.role,
        kbm1_0.updated_at,
        kbm1_0.user_id 
    from
        knowledge_base_members kbm1_0 
    where
        kbm1_0.kb_id=? 
        and kbm1_0.user_id=?
2026-05-10T19:58:50.826+08:00 DEBUG 39928 --- [wiki-backend] [           main] org.hibernate.SQL                        : 
    select
        utm1_0.id,
        utm1_0.created_at,
        utm1_0.deleted_at,
        utm1_0.team_id,
        utm1_0.updated_at,
        utm1_0.user_id 
    from
        user_team_memberships utm1_0 
    where
        utm1_0.user_id=? 
        and utm1_0.deleted_at is null
2026-05-10T19:58:50.826+08:00 DEBUG 39928 --- [wiki-backend] [           main] org.hibernate.SQL                        : 
    select
        kbm1_0.id,
        kbm1_0.created_at,
        kbm1_0.deleted_at,
        kbm1_0.kb_id,
        kbm1_0.role,
        kbm1_0.updated_at,
        kbm1_0.user_id 
    from
        knowledge_base_members kbm1_0 
    where
        kbm1_0.kb_id=? 
        and kbm1_0.user_id=?
2026-05-10T19:58:50.828+08:00 DEBUG 39928 --- [wiki-backend] [           main] org.hibernate.SQL                        : 
    select
        utm1_0.id,
        utm1_0.created_at,
        utm1_0.deleted_at,
        utm1_0.team_id,
        utm1_0.updated_at,
        utm1_0.user_id 
    from
        user_team_memberships utm1_0 
    where
        utm1_0.user_id=? 
        and utm1_0.deleted_at is null
2026-05-10T19:58:50.829+08:00 DEBUG 39928 --- [wiki-backend] [           main] org.hibernate.SQL                        : 
    select
        kbm1_0.id,
        kbm1_0.created_at,
        kbm1_0.deleted_at,
        kbm1_0.kb_id,
        kbm1_0.role,
        kbm1_0.updated_at,
        kbm1_0.user_id 
    from
        knowledge_base_members kbm1_0 
    where
        kbm1_0.kb_id=? 
        and kbm1_0.user_id=?
2026-05-10T19:58:50.829+08:00 DEBUG 39928 --- [wiki-backend] [           main] org.hibernate.SQL                        : 
    select
        utm1_0.id,
        utm1_0.created_at,
        utm1_0.deleted_at,
        utm1_0.team_id,
        utm1_0.updated_at,
        utm1_0.user_id 
    from
        user_team_memberships utm1_0 
    where
        utm1_0.user_id=? 
        and utm1_0.deleted_at is null
2026-05-10T19:58:50.831+08:00 DEBUG 39928 --- [wiki-backend] [           main] org.hibernate.SQL                        : 
    select
        kbm1_0.id,
        kbm1_0.created_at,
        kbm1_0.deleted_at,
        kbm1_0.kb_id,
        kbm1_0.role,
        kbm1_0.updated_at,
        kbm1_0.user_id 
    from
        knowledge_base_members kbm1_0 
    where
        kbm1_0.kb_id=? 
        and kbm1_0.user_id=?
2026-05-10T19:58:50.832+08:00 DEBUG 39928 --- [wiki-backend] [           main] org.hibernate.SQL                        : 
    select
        kbm1_0.id,
        kbm1_0.created_at,
        kbm1_0.deleted_at,
        kbm1_0.kb_id,
        kbm1_0.role,
        kbm1_0.updated_at,
        kbm1_0.user_id 
    from
        knowledge_base_members kbm1_0 
    where
        kbm1_0.kb_id=? 
        and kbm1_0.user_id=?
2026-05-10T19:58:50.833+08:00 DEBUG 39928 --- [wiki-backend] [           main] org.hibernate.SQL                        : 
    select
        ua1_0.id,
        ua1_0.avatar_url,
        ua1_0.created_at,
        ua1_0.deleted_at,
        ua1_0.demo_password,
        ua1_0.department_id,
        ua1_0.email,
        ua1_0.nickname,
        ua1_0.password_hash,
        ua1_0.phone,
        ua1_0.role,
        ua1_0.updated_at,
        ua1_0.username 
    from
        users ua1_0
2026-05-10T19:58:50.834+08:00 DEBUG 39928 --- [wiki-backend] [           main] org.hibernate.SQL                        : 
    select
        kbm1_0.id,
        kbm1_0.created_at,
        kbm1_0.deleted_at,
        kbm1_0.kb_id,
        kbm1_0.role,
        kbm1_0.updated_at,
        kbm1_0.user_id 
    from
        knowledge_base_members kbm1_0 
    where
        kbm1_0.kb_id=? 
        and kbm1_0.user_id=?
2026-05-10T19:58:50.835+08:00 DEBUG 39928 --- [wiki-backend] [           main] org.hibernate.SQL                        : 
    select
        kbm1_0.id,
        kbm1_0.created_at,
        kbm1_0.deleted_at,
        kbm1_0.kb_id,
        kbm1_0.role,
        kbm1_0.updated_at,
        kbm1_0.user_id 
    from
        knowledge_base_members kbm1_0 
    where
        kbm1_0.kb_id=? 
        and kbm1_0.user_id=?
2026-05-10T19:58:50.835+08:00 DEBUG 39928 --- [wiki-backend] [           main] org.hibernate.SQL                        : 
    select
        kbm1_0.id,
        kbm1_0.created_at,
        kbm1_0.deleted_at,
        kbm1_0.kb_id,
        kbm1_0.role,
        kbm1_0.updated_at,
        kbm1_0.user_id 
    from
        knowledge_base_members kbm1_0 
    where
        kbm1_0.kb_id=? 
        and kbm1_0.user_id=?
2026-05-10T19:58:50.836+08:00 DEBUG 39928 --- [wiki-backend] [           main] org.hibernate.SQL                        : 
    select
        kbm1_0.id,
        kbm1_0.created_at,
        kbm1_0.deleted_at,
        kbm1_0.kb_id,
        kbm1_0.role,
        kbm1_0.updated_at,
        kbm1_0.user_id 
    from
        knowledge_base_members kbm1_0 
    where
        kbm1_0.kb_id=? 
        and kbm1_0.user_id=?
2026-05-10T19:58:50.837+08:00 DEBUG 39928 --- [wiki-backend] [           main] org.hibernate.SQL                        : 
    select
        kbm1_0.id,
        kbm1_0.created_at,
        kbm1_0.deleted_at,
        kbm1_0.kb_id,
        kbm1_0.role,
        kbm1_0.updated_at,
        kbm1_0.user_id 
    from
        knowledge_base_members kbm1_0 
    where
        kbm1_0.kb_id=? 
        and kbm1_0.user_id=?
2026-05-10T19:58:50.838+08:00 DEBUG 39928 --- [wiki-backend] [           main] org.hibernate.SQL                        : 
    select
        kbm1_0.id,
        kbm1_0.created_at,
        kbm1_0.deleted_at,
        kbm1_0.kb_id,
        kbm1_0.role,
        kbm1_0.updated_at,
        kbm1_0.user_id 
    from
        knowledge_base_members kbm1_0 
    where
        kbm1_0.kb_id=? 
        and kbm1_0.user_id=?
2026-05-10T19:58:50.838+08:00 DEBUG 39928 --- [wiki-backend] [           main] org.hibernate.SQL                        : 
    select
        kbm1_0.id,
        kbm1_0.created_at,
        kbm1_0.deleted_at,
        kbm1_0.kb_id,
        kbm1_0.role,
        kbm1_0.updated_at,
        kbm1_0.user_id 
    from
        knowledge_base_members kbm1_0 
    where
        kbm1_0.kb_id=? 
        and kbm1_0.user_id=?
2026-05-10T19:58:50.838+08:00 DEBUG 39928 --- [wiki-backend] [           main] org.hibernate.SQL                        : 
    select
        kbm1_0.id,
        kbm1_0.created_at,
        kbm1_0.deleted_at,
        kbm1_0.kb_id,
        kbm1_0.role,
        kbm1_0.updated_at,
        kbm1_0.user_id 
    from
        knowledge_base_members kbm1_0 
    where
        kbm1_0.kb_id=? 
        and kbm1_0.user_id=?
2026-05-10T19:58:50.838+08:00 DEBUG 39928 --- [wiki-backend] [           main] org.hibernate.SQL                        : 
    select
        kbm1_0.id,
        kbm1_0.created_at,
        kbm1_0.deleted_at,
        kbm1_0.kb_id,
        kbm1_0.role,
        kbm1_0.updated_at,
        kbm1_0.user_id 
    from
        knowledge_base_members kbm1_0 
    where
        kbm1_0.kb_id=? 
        and kbm1_0.user_id=?
2026-05-10T19:58:50.839+08:00 DEBUG 39928 --- [wiki-backend] [           main] org.hibernate.SQL                        : 
    select
        kbm1_0.id,
        kbm1_0.created_at,
        kbm1_0.deleted_at,
        kbm1_0.kb_id,
        kbm1_0.role,
        kbm1_0.updated_at,
        kbm1_0.user_id 
    from
        knowledge_base_members kbm1_0 
    where
        kbm1_0.kb_id=? 
        and kbm1_0.user_id=?
2026-05-10T19:58:50.840+08:00 DEBUG 39928 --- [wiki-backend] [           main] org.hibernate.SQL                        : 
    select
        kbm1_0.id,
        kbm1_0.created_at,
        kbm1_0.deleted_at,
        kbm1_0.kb_id,
        kbm1_0.role,
        kbm1_0.updated_at,
        kbm1_0.user_id 
    from
        knowledge_base_members kbm1_0 
    where
        kbm1_0.kb_id=? 
        and kbm1_0.user_id=?
2026-05-10T19:58:50.840+08:00 DEBUG 39928 --- [wiki-backend] [           main] org.hibernate.SQL                        : 
    select
        kbm1_0.id,
        kbm1_0.created_at,
        kbm1_0.deleted_at,
        kbm1_0.kb_id,
        kbm1_0.role,
        kbm1_0.updated_at,
        kbm1_0.user_id 
    from
        knowledge_base_members kbm1_0 
    where
        kbm1_0.kb_id=? 
        and kbm1_0.user_id=?
2026-05-10T19:58:50.841+08:00 DEBUG 39928 --- [wiki-backend] [           main] org.hibernate.SQL                        : 
    select
        kbm1_0.id,
        kbm1_0.created_at,
        kbm1_0.deleted_at,
        kbm1_0.kb_id,
        kbm1_0.role,
        kbm1_0.updated_at,
        kbm1_0.user_id 
    from
        knowledge_base_members kbm1_0 
    where
        kbm1_0.kb_id=? 
        and kbm1_0.user_id=?
2026-05-10T19:58:50.842+08:00 DEBUG 39928 --- [wiki-backend] [           main] org.hibernate.SQL                        : 
    select
        kbm1_0.id,
        kbm1_0.created_at,
        kbm1_0.deleted_at,
        kbm1_0.kb_id,
        kbm1_0.role,
        kbm1_0.updated_at,
        kbm1_0.user_id 
    from
        knowledge_base_members kbm1_0 
    where
        kbm1_0.kb_id=? 
        and kbm1_0.user_id=?
2026-05-10T19:58:50.842+08:00 DEBUG 39928 --- [wiki-backend] [           main] org.hibernate.SQL                        : 
    select
        kbm1_0.id,
        kbm1_0.created_at,
        kbm1_0.deleted_at,
        kbm1_0.kb_id,
        kbm1_0.role,
        kbm1_0.updated_at,
        kbm1_0.user_id 
    from
        knowledge_base_members kbm1_0 
    where
        kbm1_0.kb_id=? 
        and kbm1_0.user_id=?
2026-05-10T19:58:50.843+08:00 DEBUG 39928 --- [wiki-backend] [           main] org.hibernate.SQL                        : 
    select
        kbm1_0.id,
        kbm1_0.created_at,
        kbm1_0.deleted_at,
        kbm1_0.kb_id,
        kbm1_0.role,
        kbm1_0.updated_at,
        kbm1_0.user_id 
    from
        knowledge_base_members kbm1_0 
    where
        kbm1_0.kb_id=? 
        and kbm1_0.user_id=?
2026-05-10T19:58:50.843+08:00 DEBUG 39928 --- [wiki-backend] [           main] org.hibernate.SQL                        : 
    select
        kbm1_0.id,
        kbm1_0.created_at,
        kbm1_0.deleted_at,
        kbm1_0.kb_id,
        kbm1_0.role,
        kbm1_0.updated_at,
        kbm1_0.user_id 
    from
        knowledge_base_members kbm1_0 
    where
        kbm1_0.kb_id=? 
        and kbm1_0.user_id=?
2026-05-10T19:58:50.844+08:00 DEBUG 39928 --- [wiki-backend] [           main] org.hibernate.SQL                        : 
    select
        kbm1_0.id,
        kbm1_0.created_at,
        kbm1_0.deleted_at,
        kbm1_0.kb_id,
        kbm1_0.role,
        kbm1_0.updated_at,
        kbm1_0.user_id 
    from
        knowledge_base_members kbm1_0 
    where
        kbm1_0.kb_id=? 
        and kbm1_0.user_id=?
2026-05-10T19:58:50.845+08:00 DEBUG 39928 --- [wiki-backend] [           main] org.hibernate.SQL                        : 
    select
        kbm1_0.id,
        kbm1_0.created_at,
        kbm1_0.deleted_at,
        kbm1_0.kb_id,
        kbm1_0.role,
        kbm1_0.updated_at,
        kbm1_0.user_id 
    from
        knowledge_base_members kbm1_0 
    where
        kbm1_0.kb_id=? 
        and kbm1_0.user_id=?
2026-05-10T19:58:50.845+08:00 DEBUG 39928 --- [wiki-backend] [           main] org.hibernate.SQL                        : 
    select
        kbm1_0.id,
        kbm1_0.created_at,
        kbm1_0.deleted_at,
        kbm1_0.kb_id,
        kbm1_0.role,
        kbm1_0.updated_at,
        kbm1_0.user_id 
    from
        knowledge_base_members kbm1_0 
    where
        kbm1_0.kb_id=? 
        and kbm1_0.user_id=?
2026-05-10T19:58:50.846+08:00 DEBUG 39928 --- [wiki-backend] [           main] org.hibernate.SQL                        : 
    select
        utm1_0.id,
        utm1_0.created_at,
        utm1_0.deleted_at,
        utm1_0.team_id,
        utm1_0.updated_at,
        utm1_0.user_id 
    from
        user_team_memberships utm1_0 
    where
        utm1_0.user_id=? 
        and utm1_0.deleted_at is null
2026-05-10T19:58:50.848+08:00 DEBUG 39928 --- [wiki-backend] [           main] org.hibernate.SQL                        : 
    select
        kbm1_0.id,
        kbm1_0.created_at,
        kbm1_0.deleted_at,
        kbm1_0.kb_id,
        kbm1_0.role,
        kbm1_0.updated_at,
        kbm1_0.user_id 
    from
        knowledge_base_members kbm1_0 
    where
        kbm1_0.kb_id=? 
        and kbm1_0.user_id=?
2026-05-10T19:58:50.849+08:00 DEBUG 39928 --- [wiki-backend] [           main] org.hibernate.SQL                        : 
    update
        knowledge_base_members 
    set
        deleted_at=?,
        kb_id=?,
        role=?,
        updated_at=?,
        user_id=? 
    where
        id=?
2026-05-10T19:58:50.849+08:00 DEBUG 39928 --- [wiki-backend] [           main] org.hibernate.SQL                        : 
    select
        kbm1_0.id,
        kbm1_0.created_at,
        kbm1_0.deleted_at,
        kbm1_0.kb_id,
        kbm1_0.role,
        kbm1_0.updated_at,
        kbm1_0.user_id 
    from
        knowledge_base_members kbm1_0 
    where
        kbm1_0.kb_id=? 
        and kbm1_0.user_id=?
2026-05-10T19:58:50.850+08:00 DEBUG 39928 --- [wiki-backend] [           main] org.hibernate.SQL                        : 
    select
        utm1_0.id,
        utm1_0.created_at,
        utm1_0.deleted_at,
        utm1_0.team_id,
        utm1_0.updated_at,
        utm1_0.user_id 
    from
        user_team_memberships utm1_0 
    where
        utm1_0.user_id=? 
        and utm1_0.deleted_at is null
2026-05-10T19:58:50.851+08:00 DEBUG 39928 --- [wiki-backend] [           main] org.hibernate.SQL                        : 
    select
        kbm1_0.id,
        kbm1_0.created_at,
        kbm1_0.deleted_at,
        kbm1_0.kb_id,
        kbm1_0.role,
        kbm1_0.updated_at,
        kbm1_0.user_id 
    from
        knowledge_base_members kbm1_0 
    where
        kbm1_0.kb_id=? 
        and kbm1_0.user_id=?
2026-05-10T19:58:50.852+08:00 DEBUG 39928 --- [wiki-backend] [           main] org.hibernate.SQL                        : 
    select
        kbm1_0.id,
        kbm1_0.created_at,
        kbm1_0.deleted_at,
        kbm1_0.kb_id,
        kbm1_0.role,
        kbm1_0.updated_at,
        kbm1_0.user_id 
    from
        knowledge_base_members kbm1_0 
    where
        kbm1_0.kb_id=? 
        and kbm1_0.user_id=?
2026-05-10T19:58:50.852+08:00 DEBUG 39928 --- [wiki-backend] [           main] org.hibernate.SQL                        : 
    select
        utm1_0.id,
        utm1_0.created_at,
        utm1_0.deleted_at,
        utm1_0.team_id,
        utm1_0.updated_at,
        utm1_0.user_id 
    from
        user_team_memberships utm1_0 
    where
        utm1_0.user_id=? 
        and utm1_0.deleted_at is null
2026-05-10T19:58:50.853+08:00 DEBUG 39928 --- [wiki-backend] [           main] org.hibernate.SQL                        : 
    select
        kbm1_0.id,
        kbm1_0.created_at,
        kbm1_0.deleted_at,
        kbm1_0.kb_id,
        kbm1_0.role,
        kbm1_0.updated_at,
        kbm1_0.user_id 
    from
        knowledge_base_members kbm1_0 
    where
        kbm1_0.kb_id=? 
        and kbm1_0.user_id=?
2026-05-10T19:58:50.854+08:00 DEBUG 39928 --- [wiki-backend] [           main] org.hibernate.SQL                        : 
    select
        utm1_0.id,
        utm1_0.created_at,
        utm1_0.deleted_at,
        utm1_0.team_id,
        utm1_0.updated_at,
        utm1_0.user_id 
    from
        user_team_memberships utm1_0 
    where
        utm1_0.user_id=? 
        and utm1_0.deleted_at is null
2026-05-10T19:58:50.854+08:00 DEBUG 39928 --- [wiki-backend] [           main] org.hibernate.SQL                        : 
    select
        kbm1_0.id,
        kbm1_0.created_at,
        kbm1_0.deleted_at,
        kbm1_0.kb_id,
        kbm1_0.role,
        kbm1_0.updated_at,
        kbm1_0.user_id 
    from
        knowledge_base_members kbm1_0 
    where
        kbm1_0.kb_id=? 
        and kbm1_0.user_id=?
2026-05-10T19:58:50.855+08:00 DEBUG 39928 --- [wiki-backend] [           main] org.hibernate.SQL                        : 
    select
        utm1_0.id,
        utm1_0.created_at,
        utm1_0.deleted_at,
        utm1_0.team_id,
        utm1_0.updated_at,
        utm1_0.user_id 
    from
        user_team_memberships utm1_0 
    where
        utm1_0.user_id=? 
        and utm1_0.deleted_at is null
2026-05-10T19:58:50.856+08:00 DEBUG 39928 --- [wiki-backend] [           main] org.hibernate.SQL                        : 
    select
        kbm1_0.id,
        kbm1_0.created_at,
        kbm1_0.deleted_at,
        kbm1_0.kb_id,
        kbm1_0.role,
        kbm1_0.updated_at,
        kbm1_0.user_id 
    from
        knowledge_base_members kbm1_0 
    where
        kbm1_0.kb_id=? 
        and kbm1_0.user_id=?
2026-05-10T19:58:50.856+08:00 DEBUG 39928 --- [wiki-backend] [           main] org.hibernate.SQL                        : 
    select
        utm1_0.id,
        utm1_0.created_at,
        utm1_0.deleted_at,
        utm1_0.team_id,
        utm1_0.updated_at,
        utm1_0.user_id 
    from
        user_team_memberships utm1_0 
    where
        utm1_0.user_id=? 
        and utm1_0.deleted_at is null
2026-05-10T19:58:50.857+08:00 DEBUG 39928 --- [wiki-backend] [           main] org.hibernate.SQL                        : 
    select
        kbm1_0.id,
        kbm1_0.created_at,
        kbm1_0.deleted_at,
        kbm1_0.kb_id,
        kbm1_0.role,
        kbm1_0.updated_at,
        kbm1_0.user_id 
    from
        knowledge_base_members kbm1_0 
    where
        kbm1_0.kb_id=? 
        and kbm1_0.user_id=?
2026-05-10T19:58:50.857+08:00 DEBUG 39928 --- [wiki-backend] [           main] org.hibernate.SQL                        : 
    select
        utm1_0.id,
        utm1_0.created_at,
        utm1_0.deleted_at,
        utm1_0.team_id,
        utm1_0.updated_at,
        utm1_0.user_id 
    from
        user_team_memberships utm1_0 
    where
        utm1_0.user_id=? 
        and utm1_0.deleted_at is null
2026-05-10T19:58:50.858+08:00 DEBUG 39928 --- [wiki-backend] [           main] org.hibernate.SQL                        : 
    select
        kbm1_0.id,
        kbm1_0.created_at,
        kbm1_0.deleted_at,
        kbm1_0.kb_id,
        kbm1_0.role,
        kbm1_0.updated_at,
        kbm1_0.user_id 
    from
        knowledge_base_members kbm1_0 
    where
        kbm1_0.kb_id=? 
        and kbm1_0.user_id=?
2026-05-10T19:58:50.859+08:00 DEBUG 39928 --- [wiki-backend] [           main] org.hibernate.SQL                        : 
    select
        utm1_0.id,
        utm1_0.created_at,
        utm1_0.deleted_at,
        utm1_0.team_id,
        utm1_0.updated_at,
        utm1_0.user_id 
    from
        user_team_memberships utm1_0 
    where
        utm1_0.user_id=? 
        and utm1_0.deleted_at is null
2026-05-10T19:58:50.860+08:00 DEBUG 39928 --- [wiki-backend] [           main] org.hibernate.SQL                        : 
    update
        knowledge_base_members 
    set
        deleted_at=?,
        kb_id=?,
        role=?,
        updated_at=?,
        user_id=? 
    where
        id=?
2026-05-10T19:58:50.860+08:00 DEBUG 39928 --- [wiki-backend] [           main] org.hibernate.SQL                        : 
    select
        kbm1_0.id,
        kbm1_0.created_at,
        kbm1_0.deleted_at,
        kbm1_0.kb_id,
        kbm1_0.role,
        kbm1_0.updated_at,
        kbm1_0.user_id 
    from
        knowledge_base_members kbm1_0 
    where
        kbm1_0.kb_id=? 
        and kbm1_0.user_id=?
2026-05-10T19:58:50.861+08:00 DEBUG 39928 --- [wiki-backend] [           main] org.hibernate.SQL                        : 
    select
        utm1_0.id,
        utm1_0.created_at,
        utm1_0.deleted_at,
        utm1_0.team_id,
        utm1_0.updated_at,
        utm1_0.user_id 
    from
        user_team_memberships utm1_0 
    where
        utm1_0.user_id=? 
        and utm1_0.deleted_at is null
2026-05-10T19:58:50.862+08:00 DEBUG 39928 --- [wiki-backend] [           main] org.hibernate.SQL                        : 
    select
        kbm1_0.id,
        kbm1_0.created_at,
        kbm1_0.deleted_at,
        kbm1_0.kb_id,
        kbm1_0.role,
        kbm1_0.updated_at,
        kbm1_0.user_id 
    from
        knowledge_base_members kbm1_0 
    where
        kbm1_0.kb_id=? 
        and kbm1_0.user_id=?
2026-05-10T19:58:50.864+08:00 DEBUG 39928 --- [wiki-backend] [           main] org.hibernate.SQL                        : 
    select
        utm1_0.id,
        utm1_0.created_at,
        utm1_0.deleted_at,
        utm1_0.team_id,
        utm1_0.updated_at,
        utm1_0.user_id 
    from
        user_team_memberships utm1_0 
    where
        utm1_0.user_id=? 
        and utm1_0.deleted_at is null
2026-05-10T19:58:50.866+08:00 DEBUG 39928 --- [wiki-backend] [           main] org.hibernate.SQL                        : 
    select
        kbm1_0.id,
        kbm1_0.created_at,
        kbm1_0.deleted_at,
        kbm1_0.kb_id,
        kbm1_0.role,
        kbm1_0.updated_at,
        kbm1_0.user_id 
    from
        knowledge_base_members kbm1_0 
    where
        kbm1_0.kb_id=? 
        and kbm1_0.user_id=?
2026-05-10T19:58:50.867+08:00 DEBUG 39928 --- [wiki-backend] [           main] org.hibernate.SQL                        : 
    select
        utm1_0.id,
        utm1_0.created_at,
        utm1_0.deleted_at,
        utm1_0.team_id,
        utm1_0.updated_at,
        utm1_0.user_id 
    from
        user_team_memberships utm1_0 
    where
        utm1_0.user_id=? 
        and utm1_0.deleted_at is null
2026-05-10T19:58:50.867+08:00 DEBUG 39928 --- [wiki-backend] [           main] org.hibernate.SQL                        : 
    select
        kbm1_0.id,
        kbm1_0.created_at,
        kbm1_0.deleted_at,
        kbm1_0.kb_id,
        kbm1_0.role,
        kbm1_0.updated_at,
        kbm1_0.user_id 
    from
        knowledge_base_members kbm1_0 
    where
        kbm1_0.kb_id=? 
        and kbm1_0.user_id=?
2026-05-10T19:58:50.868+08:00 DEBUG 39928 --- [wiki-backend] [           main] org.hibernate.SQL                        : 
    select
        utm1_0.id,
        utm1_0.created_at,
        utm1_0.deleted_at,
        utm1_0.team_id,
        utm1_0.updated_at,
        utm1_0.user_id 
    from
        user_team_memberships utm1_0 
    where
        utm1_0.user_id=? 
        and utm1_0.deleted_at is null
2026-05-10T19:58:50.868+08:00 DEBUG 39928 --- [wiki-backend] [           main] org.hibernate.SQL                        : 
    select
        kbm1_0.id,
        kbm1_0.created_at,
        kbm1_0.deleted_at,
        kbm1_0.kb_id,
        kbm1_0.role,
        kbm1_0.updated_at,
        kbm1_0.user_id 
    from
        knowledge_base_members kbm1_0 
    where
        kbm1_0.kb_id=? 
        and kbm1_0.user_id=?
2026-05-10T19:58:50.870+08:00 DEBUG 39928 --- [wiki-backend] [           main] org.hibernate.SQL                        : 
    select
        utm1_0.id,
        utm1_0.created_at,
        utm1_0.deleted_at,
        utm1_0.team_id,
        utm1_0.updated_at,
        utm1_0.user_id 
    from
        user_team_memberships utm1_0 
    where
        utm1_0.user_id=? 
        and utm1_0.deleted_at is null
2026-05-10T19:58:50.870+08:00 DEBUG 39928 --- [wiki-backend] [           main] org.hibernate.SQL                        : 
    select
        kbm1_0.id,
        kbm1_0.created_at,
        kbm1_0.deleted_at,
        kbm1_0.kb_id,
        kbm1_0.role,
        kbm1_0.updated_at,
        kbm1_0.user_id 
    from
        knowledge_base_members kbm1_0 
    where
        kbm1_0.kb_id=? 
        and kbm1_0.user_id=?
2026-05-10T19:58:50.871+08:00 DEBUG 39928 --- [wiki-backend] [           main] org.hibernate.SQL                        : 
    select
        utm1_0.id,
        utm1_0.created_at,
        utm1_0.deleted_at,
        utm1_0.team_id,
        utm1_0.updated_at,
        utm1_0.user_id 
    from
        user_team_memberships utm1_0 
    where
        utm1_0.user_id=? 
        and utm1_0.deleted_at is null
2026-05-10T19:58:50.872+08:00 DEBUG 39928 --- [wiki-backend] [           main] org.hibernate.SQL                        : 
    select
        kbm1_0.id,
        kbm1_0.created_at,
        kbm1_0.deleted_at,
        kbm1_0.kb_id,
        kbm1_0.role,
        kbm1_0.updated_at,
        kbm1_0.user_id 
    from
        knowledge_base_members kbm1_0 
    where
        kbm1_0.kb_id=? 
        and kbm1_0.user_id=?
2026-05-10T19:58:50.872+08:00 DEBUG 39928 --- [wiki-backend] [           main] org.hibernate.SQL                        : 
    select
        utm1_0.id,
        utm1_0.created_at,
        utm1_0.deleted_at,
        utm1_0.team_id,
        utm1_0.updated_at,
        utm1_0.user_id 
    from
        user_team_memberships utm1_0 
    where
        utm1_0.user_id=? 
        and utm1_0.deleted_at is null
2026-05-10T19:58:50.873+08:00 DEBUG 39928 --- [wiki-backend] [           main] org.hibernate.SQL                        : 
    select
        kbm1_0.id,
        kbm1_0.created_at,
        kbm1_0.deleted_at,
        kbm1_0.kb_id,
        kbm1_0.role,
        kbm1_0.updated_at,
        kbm1_0.user_id 
    from
        knowledge_base_members kbm1_0 
    where
        kbm1_0.kb_id=? 
        and kbm1_0.user_id=?
2026-05-10T19:58:50.873+08:00 DEBUG 39928 --- [wiki-backend] [           main] org.hibernate.SQL                        : 
    select
        utm1_0.id,
        utm1_0.created_at,
        utm1_0.deleted_at,
        utm1_0.team_id,
        utm1_0.updated_at,
        utm1_0.user_id 
    from
        user_team_memberships utm1_0 
    where
        utm1_0.user_id=? 
        and utm1_0.deleted_at is null
2026-05-10T19:58:50.874+08:00 DEBUG 39928 --- [wiki-backend] [           main] org.hibernate.SQL                        : 
    select
        kbm1_0.id,
        kbm1_0.created_at,
        kbm1_0.deleted_at,
        kbm1_0.kb_id,
        kbm1_0.role,
        kbm1_0.updated_at,
        kbm1_0.user_id 
    from
        knowledge_base_members kbm1_0 
    where
        kbm1_0.kb_id=? 
        and kbm1_0.user_id=?
2026-05-10T19:58:50.875+08:00 DEBUG 39928 --- [wiki-backend] [           main] org.hibernate.SQL                        : 
    select
        utm1_0.id,
        utm1_0.created_at,
        utm1_0.deleted_at,
        utm1_0.team_id,
        utm1_0.updated_at,
        utm1_0.user_id 
    from
        user_team_memberships utm1_0 
    where
        utm1_0.user_id=? 
        and utm1_0.deleted_at is null
2026-05-10T19:58:50.875+08:00 DEBUG 39928 --- [wiki-backend] [           main] org.hibernate.SQL                        : 
    select
        kbm1_0.id,
        kbm1_0.created_at,
        kbm1_0.deleted_at,
        kbm1_0.kb_id,
        kbm1_0.role,
        kbm1_0.updated_at,
        kbm1_0.user_id 
    from
        knowledge_base_members kbm1_0 
    where
        kbm1_0.kb_id=? 
        and kbm1_0.user_id=?
2026-05-10T19:58:50.876+08:00 DEBUG 39928 --- [wiki-backend] [           main] org.hibernate.SQL                        : 
    select
        utm1_0.id,
        utm1_0.created_at,
        utm1_0.deleted_at,
        utm1_0.team_id,
        utm1_0.updated_at,
        utm1_0.user_id 
    from
        user_team_memberships utm1_0 
    where
        utm1_0.user_id=? 
        and utm1_0.deleted_at is null
2026-05-10T19:58:50.877+08:00 DEBUG 39928 --- [wiki-backend] [           main] org.hibernate.SQL                        : 
    select
        kbm1_0.id,
        kbm1_0.created_at,
        kbm1_0.deleted_at,
        kbm1_0.kb_id,
        kbm1_0.role,
        kbm1_0.updated_at,
        kbm1_0.user_id 
    from
        knowledge_base_members kbm1_0 
    where
        kbm1_0.kb_id=? 
        and kbm1_0.user_id=?
2026-05-10T19:58:50.877+08:00 DEBUG 39928 --- [wiki-backend] [           main] org.hibernate.SQL                        : 
    select
        kbm1_0.id,
        kbm1_0.created_at,
        kbm1_0.deleted_at,
        kbm1_0.kb_id,
        kbm1_0.role,
        kbm1_0.updated_at,
        kbm1_0.user_id 
    from
        knowledge_base_members kbm1_0 
    where
        kbm1_0.kb_id=? 
        and kbm1_0.user_id=?
2026-05-10T19:58:50.878+08:00 DEBUG 39928 --- [wiki-backend] [           main] org.hibernate.SQL                        : 
    select
        ua1_0.id,
        ua1_0.avatar_url,
        ua1_0.created_at,
        ua1_0.deleted_at,
        ua1_0.demo_password,
        ua1_0.department_id,
        ua1_0.email,
        ua1_0.nickname,
        ua1_0.password_hash,
        ua1_0.phone,
        ua1_0.role,
        ua1_0.updated_at,
        ua1_0.username 
    from
        users ua1_0
2026-05-10T19:58:50.879+08:00 DEBUG 39928 --- [wiki-backend] [           main] org.hibernate.SQL                        : 
    select
        kbm1_0.id,
        kbm1_0.created_at,
        kbm1_0.deleted_at,
        kbm1_0.kb_id,
        kbm1_0.role,
        kbm1_0.updated_at,
        kbm1_0.user_id 
    from
        knowledge_base_members kbm1_0 
    where
        kbm1_0.kb_id=? 
        and kbm1_0.user_id=?
2026-05-10T19:58:50.880+08:00 DEBUG 39928 --- [wiki-backend] [           main] org.hibernate.SQL                        : 
    select
        kbm1_0.id,
        kbm1_0.created_at,
        kbm1_0.deleted_at,
        kbm1_0.kb_id,
        kbm1_0.role,
        kbm1_0.updated_at,
        kbm1_0.user_id 
    from
        knowledge_base_members kbm1_0 
    where
        kbm1_0.kb_id=? 
        and kbm1_0.user_id=?
2026-05-10T19:58:50.880+08:00 DEBUG 39928 --- [wiki-backend] [           main] org.hibernate.SQL                        : 
    select
        kbm1_0.id,
        kbm1_0.created_at,
        kbm1_0.deleted_at,
        kbm1_0.kb_id,
        kbm1_0.role,
        kbm1_0.updated_at,
        kbm1_0.user_id 
    from
        knowledge_base_members kbm1_0 
    where
        kbm1_0.kb_id=? 
        and kbm1_0.user_id=?
2026-05-10T19:58:50.881+08:00 DEBUG 39928 --- [wiki-backend] [           main] org.hibernate.SQL                        : 
    select
        kbm1_0.id,
        kbm1_0.created_at,
        kbm1_0.deleted_at,
        kbm1_0.kb_id,
        kbm1_0.role,
        kbm1_0.updated_at,
        kbm1_0.user_id 
    from
        knowledge_base_members kbm1_0 
    where
        kbm1_0.kb_id=? 
        and kbm1_0.user_id=?
2026-05-10T19:58:50.882+08:00 DEBUG 39928 --- [wiki-backend] [           main] org.hibernate.SQL                        : 
    select
        kbm1_0.id,
        kbm1_0.created_at,
        kbm1_0.deleted_at,
        kbm1_0.kb_id,
        kbm1_0.role,
        kbm1_0.updated_at,
        kbm1_0.user_id 
    from
        knowledge_base_members kbm1_0 
    where
        kbm1_0.kb_id=? 
        and kbm1_0.user_id=?
2026-05-10T19:58:50.882+08:00 DEBUG 39928 --- [wiki-backend] [           main] org.hibernate.SQL                        : 
    select
        kbm1_0.id,
        kbm1_0.created_at,
        kbm1_0.deleted_at,
        kbm1_0.kb_id,
        kbm1_0.role,
        kbm1_0.updated_at,
        kbm1_0.user_id 
    from
        knowledge_base_members kbm1_0 
    where
        kbm1_0.kb_id=? 
        and kbm1_0.user_id=?
2026-05-10T19:58:50.883+08:00 DEBUG 39928 --- [wiki-backend] [           main] org.hibernate.SQL                        : 
    select
        kbm1_0.id,
        kbm1_0.created_at,
        kbm1_0.deleted_at,
        kbm1_0.kb_id,
        kbm1_0.role,
        kbm1_0.updated_at,
        kbm1_0.user_id 
    from
        knowledge_base_members kbm1_0 
    where
        kbm1_0.kb_id=? 
        and kbm1_0.user_id=?
2026-05-10T19:58:50.884+08:00 DEBUG 39928 --- [wiki-backend] [           main] org.hibernate.SQL                        : 
    select
        kbm1_0.id,
        kbm1_0.created_at,
        kbm1_0.deleted_at,
        kbm1_0.kb_id,
        kbm1_0.role,
        kbm1_0.updated_at,
        kbm1_0.user_id 
    from
        knowledge_base_members kbm1_0 
    where
        kbm1_0.kb_id=? 
        and kbm1_0.user_id=?
2026-05-10T19:58:50.884+08:00 DEBUG 39928 --- [wiki-backend] [           main] org.hibernate.SQL                        : 
    select
        kbm1_0.id,
        kbm1_0.created_at,
        kbm1_0.deleted_at,
        kbm1_0.kb_id,
        kbm1_0.role,
        kbm1_0.updated_at,
        kbm1_0.user_id 
    from
        knowledge_base_members kbm1_0 
    where
        kbm1_0.kb_id=? 
        and kbm1_0.user_id=?
2026-05-10T19:58:50.886+08:00 DEBUG 39928 --- [wiki-backend] [           main] org.hibernate.SQL                        : 
    select
        kbm1_0.id,
        kbm1_0.created_at,
        kbm1_0.deleted_at,
        kbm1_0.kb_id,
        kbm1_0.role,
        kbm1_0.updated_at,
        kbm1_0.user_id 
    from
        knowledge_base_members kbm1_0 
    where
        kbm1_0.kb_id=? 
        and kbm1_0.user_id=?
2026-05-10T19:58:50.887+08:00 DEBUG 39928 --- [wiki-backend] [           main] org.hibernate.SQL                        : 
    select
        kbm1_0.id,
        kbm1_0.created_at,
        kbm1_0.deleted_at,
        kbm1_0.kb_id,
        kbm1_0.role,
        kbm1_0.updated_at,
        kbm1_0.user_id 
    from
        knowledge_base_members kbm1_0 
    where
        kbm1_0.kb_id=? 
        and kbm1_0.user_id=?
2026-05-10T19:58:50.888+08:00 DEBUG 39928 --- [wiki-backend] [           main] org.hibernate.SQL                        : 
    select
        kbm1_0.id,
        kbm1_0.created_at,
        kbm1_0.deleted_at,
        kbm1_0.kb_id,
        kbm1_0.role,
        kbm1_0.updated_at,
        kbm1_0.user_id 
    from
        knowledge_base_members kbm1_0 
    where
        kbm1_0.kb_id=? 
        and kbm1_0.user_id=?
2026-05-10T19:58:50.889+08:00 DEBUG 39928 --- [wiki-backend] [           main] org.hibernate.SQL                        : 
    select
        kbm1_0.id,
        kbm1_0.created_at,
        kbm1_0.deleted_at,
        kbm1_0.kb_id,
        kbm1_0.role,
        kbm1_0.updated_at,
        kbm1_0.user_id 
    from
        knowledge_base_members kbm1_0 
    where
        kbm1_0.kb_id=? 
        and kbm1_0.user_id=?
2026-05-10T19:58:50.890+08:00 DEBUG 39928 --- [wiki-backend] [           main] org.hibernate.SQL                        : 
    select
        kbm1_0.id,
        kbm1_0.created_at,
        kbm1_0.deleted_at,
        kbm1_0.kb_id,
        kbm1_0.role,
        kbm1_0.updated_at,
        kbm1_0.user_id 
    from
        knowledge_base_members kbm1_0 
    where
        kbm1_0.kb_id=? 
        and kbm1_0.user_id=?
2026-05-10T19:58:50.891+08:00 DEBUG 39928 --- [wiki-backend] [           main] org.hibernate.SQL                        : 
    select
        kbm1_0.id,
        kbm1_0.created_at,
        kbm1_0.deleted_at,
        kbm1_0.kb_id,
        kbm1_0.role,
        kbm1_0.updated_at,
        kbm1_0.user_id 
    from
        knowledge_base_members kbm1_0 
    where
        kbm1_0.kb_id=? 
        and kbm1_0.user_id=?
2026-05-10T19:58:50.892+08:00 DEBUG 39928 --- [wiki-backend] [           main] org.hibernate.SQL                        : 
    select
        kbm1_0.id,
        kbm1_0.created_at,
        kbm1_0.deleted_at,
        kbm1_0.kb_id,
        kbm1_0.role,
        kbm1_0.updated_at,
        kbm1_0.user_id 
    from
        knowledge_base_members kbm1_0 
    where
        kbm1_0.kb_id=? 
        and kbm1_0.user_id=?
2026-05-10T19:58:50.892+08:00 DEBUG 39928 --- [wiki-backend] [           main] org.hibernate.SQL                        : 
    select
        kbm1_0.id,
        kbm1_0.created_at,
        kbm1_0.deleted_at,
        kbm1_0.kb_id,
        kbm1_0.role,
        kbm1_0.updated_at,
        kbm1_0.user_id 
    from
        knowledge_base_members kbm1_0 
    where
        kbm1_0.kb_id=? 
        and kbm1_0.user_id=?
2026-05-10T19:58:50.892+08:00 DEBUG 39928 --- [wiki-backend] [           main] org.hibernate.SQL                        : 
    select
        kbm1_0.id,
        kbm1_0.created_at,
        kbm1_0.deleted_at,
        kbm1_0.kb_id,
        kbm1_0.role,
        kbm1_0.updated_at,
        kbm1_0.user_id 
    from
        knowledge_base_members kbm1_0 
    where
        kbm1_0.kb_id=? 
        and kbm1_0.user_id=?
2026-05-10T19:58:50.893+08:00 DEBUG 39928 --- [wiki-backend] [           main] org.hibernate.SQL                        : 
    select
        kbm1_0.id,
        kbm1_0.created_at,
        kbm1_0.deleted_at,
        kbm1_0.kb_id,
        kbm1_0.role,
        kbm1_0.updated_at,
        kbm1_0.user_id 
    from
        knowledge_base_members kbm1_0 
    where
        kbm1_0.kb_id=? 
        and kbm1_0.user_id=?
2026-05-10T19:58:50.895+08:00 DEBUG 39928 --- [wiki-backend] [           main] org.hibernate.SQL                        : 
    select
        kbm1_0.id,
        kbm1_0.created_at,
        kbm1_0.deleted_at,
        kbm1_0.kb_id,
        kbm1_0.role,
        kbm1_0.updated_at,
        kbm1_0.user_id 
    from
        knowledge_base_members kbm1_0 
    where
        kbm1_0.kb_id=? 
        and kbm1_0.user_id=?
2026-05-10T19:58:50.895+08:00 DEBUG 39928 --- [wiki-backend] [           main] org.hibernate.SQL                        : 
    select
        utm1_0.id,
        utm1_0.created_at,
        utm1_0.deleted_at,
        utm1_0.team_id,
        utm1_0.updated_at,
        utm1_0.user_id 
    from
        user_team_memberships utm1_0 
    where
        utm1_0.user_id=? 
        and utm1_0.deleted_at is null
2026-05-10T19:58:50.896+08:00 DEBUG 39928 --- [wiki-backend] [           main] org.hibernate.SQL                        : 
    select
        kbm1_0.id,
        kbm1_0.created_at,
        kbm1_0.deleted_at,
        kbm1_0.kb_id,
        kbm1_0.role,
        kbm1_0.updated_at,
        kbm1_0.user_id 
    from
        knowledge_base_members kbm1_0 
    where
        kbm1_0.kb_id=? 
        and kbm1_0.user_id=?
2026-05-10T19:58:50.897+08:00 DEBUG 39928 --- [wiki-backend] [           main] org.hibernate.SQL                        : 
    select
        kbm1_0.id,
        kbm1_0.created_at,
        kbm1_0.deleted_at,
        kbm1_0.kb_id,
        kbm1_0.role,
        kbm1_0.updated_at,
        kbm1_0.user_id 
    from
        knowledge_base_members kbm1_0 
    where
        kbm1_0.kb_id=? 
        and kbm1_0.user_id=?
2026-05-10T19:58:50.897+08:00 DEBUG 39928 --- [wiki-backend] [           main] org.hibernate.SQL                        : 
    select
        utm1_0.id,
        utm1_0.created_at,
        utm1_0.deleted_at,
        utm1_0.team_id,
        utm1_0.updated_at,
        utm1_0.user_id 
    from
        user_team_memberships utm1_0 
    where
        utm1_0.user_id=? 
        and utm1_0.deleted_at is null
2026-05-10T19:58:50.899+08:00 DEBUG 39928 --- [wiki-backend] [           main] org.hibernate.SQL                        : 
    select
        kbm1_0.id,
        kbm1_0.created_at,
        kbm1_0.deleted_at,
        kbm1_0.kb_id,
        kbm1_0.role,
        kbm1_0.updated_at,
        kbm1_0.user_id 
    from
        knowledge_base_members kbm1_0 
    where
        kbm1_0.kb_id=? 
        and kbm1_0.user_id=?
2026-05-10T19:58:50.900+08:00 DEBUG 39928 --- [wiki-backend] [           main] org.hibernate.SQL                        : 
    select
        kbm1_0.id,
        kbm1_0.created_at,
        kbm1_0.deleted_at,
        kbm1_0.kb_id,
        kbm1_0.role,
        kbm1_0.updated_at,
        kbm1_0.user_id 
    from
        knowledge_base_members kbm1_0 
    where
        kbm1_0.kb_id=? 
        and kbm1_0.user_id=?
2026-05-10T19:58:50.900+08:00 DEBUG 39928 --- [wiki-backend] [           main] org.hibernate.SQL                        : 
    select
        utm1_0.id,
        utm1_0.created_at,
        utm1_0.deleted_at,
        utm1_0.team_id,
        utm1_0.updated_at,
        utm1_0.user_id 
    from
        user_team_memberships utm1_0 
    where
        utm1_0.user_id=? 
        and utm1_0.deleted_at is null
2026-05-10T19:58:50.901+08:00 DEBUG 39928 --- [wiki-backend] [           main] org.hibernate.SQL                        : 
    select
        kbm1_0.id,
        kbm1_0.created_at,
        kbm1_0.deleted_at,
        kbm1_0.kb_id,
        kbm1_0.role,
        kbm1_0.updated_at,
        kbm1_0.user_id 
    from
        knowledge_base_members kbm1_0 
    where
        kbm1_0.kb_id=? 
        and kbm1_0.user_id=?
2026-05-10T19:58:50.902+08:00 DEBUG 39928 --- [wiki-backend] [           main] org.hibernate.SQL                        : 
    select
        utm1_0.id,
        utm1_0.created_at,
        utm1_0.deleted_at,
        utm1_0.team_id,
        utm1_0.updated_at,
        utm1_0.user_id 
    from
        user_team_memberships utm1_0 
    where
        utm1_0.user_id=? 
        and utm1_0.deleted_at is null
2026-05-10T19:58:50.904+08:00 DEBUG 39928 --- [wiki-backend] [           main] org.hibernate.SQL                        : 
    select
        kbm1_0.id,
        kbm1_0.created_at,
        kbm1_0.deleted_at,
        kbm1_0.kb_id,
        kbm1_0.role,
        kbm1_0.updated_at,
        kbm1_0.user_id 
    from
        knowledge_base_members kbm1_0 
    where
        kbm1_0.kb_id=? 
        and kbm1_0.user_id=?
2026-05-10T19:58:50.904+08:00 DEBUG 39928 --- [wiki-backend] [           main] org.hibernate.SQL                        : 
    select
        utm1_0.id,
        utm1_0.created_at,
        utm1_0.deleted_at,
        utm1_0.team_id,
        utm1_0.updated_at,
        utm1_0.user_id 
    from
        user_team_memberships utm1_0 
    where
        utm1_0.user_id=? 
        and utm1_0.deleted_at is null
2026-05-10T19:58:50.906+08:00 DEBUG 39928 --- [wiki-backend] [           main] org.hibernate.SQL                        : 
    select
        kbm1_0.id,
        kbm1_0.created_at,
        kbm1_0.deleted_at,
        kbm1_0.kb_id,
        kbm1_0.role,
        kbm1_0.updated_at,
        kbm1_0.user_id 
    from
        knowledge_base_members kbm1_0 
    where
        kbm1_0.kb_id=? 
        and kbm1_0.user_id=?
2026-05-10T19:58:50.907+08:00 DEBUG 39928 --- [wiki-backend] [           main] org.hibernate.SQL                        : 
    select
        utm1_0.id,
        utm1_0.created_at,
        utm1_0.deleted_at,
        utm1_0.team_id,
        utm1_0.updated_at,
        utm1_0.user_id 
    from
        user_team_memberships utm1_0 
    where
        utm1_0.user_id=? 
        and utm1_0.deleted_at is null
2026-05-10T19:58:50.908+08:00 DEBUG 39928 --- [wiki-backend] [           main] org.hibernate.SQL                        : 
    select
        kbm1_0.id,
        kbm1_0.created_at,
        kbm1_0.deleted_at,
        kbm1_0.kb_id,
        kbm1_0.role,
        kbm1_0.updated_at,
        kbm1_0.user_id 
    from
        knowledge_base_members kbm1_0 
    where
        kbm1_0.kb_id=? 
        and kbm1_0.user_id=?
2026-05-10T19:58:50.908+08:00 DEBUG 39928 --- [wiki-backend] [           main] org.hibernate.SQL                        : 
    select
        utm1_0.id,
        utm1_0.created_at,
        utm1_0.deleted_at,
        utm1_0.team_id,
        utm1_0.updated_at,
        utm1_0.user_id 
    from
        user_team_memberships utm1_0 
    where
        utm1_0.user_id=? 
        and utm1_0.deleted_at is null
2026-05-10T19:58:50.909+08:00 DEBUG 39928 --- [wiki-backend] [           main] org.hibernate.SQL                        : 
    select
        kbm1_0.id,
        kbm1_0.created_at,
        kbm1_0.deleted_at,
        kbm1_0.kb_id,
        kbm1_0.role,
        kbm1_0.updated_at,
        kbm1_0.user_id 
    from
        knowledge_base_members kbm1_0 
    where
        kbm1_0.kb_id=? 
        and kbm1_0.user_id=?
2026-05-10T19:58:50.909+08:00 DEBUG 39928 --- [wiki-backend] [           main] org.hibernate.SQL                        : 
    select
        utm1_0.id,
        utm1_0.created_at,
        utm1_0.deleted_at,
        utm1_0.team_id,
        utm1_0.updated_at,
        utm1_0.user_id 
    from
        user_team_memberships utm1_0 
    where
        utm1_0.user_id=? 
        and utm1_0.deleted_at is null
2026-05-10T19:58:50.910+08:00 DEBUG 39928 --- [wiki-backend] [           main] org.hibernate.SQL                        : 
    update
        knowledge_base_members 
    set
        deleted_at=?,
        kb_id=?,
        role=?,
        updated_at=?,
        user_id=? 
    where
        id=?
2026-05-10T19:58:50.912+08:00 DEBUG 39928 --- [wiki-backend] [           main] org.hibernate.SQL                        : 
    select
        kbm1_0.id,
        kbm1_0.created_at,
        kbm1_0.deleted_at,
        kbm1_0.kb_id,
        kbm1_0.role,
        kbm1_0.updated_at,
        kbm1_0.user_id 
    from
        knowledge_base_members kbm1_0 
    where
        kbm1_0.kb_id=? 
        and kbm1_0.user_id=?
2026-05-10T19:58:50.914+08:00 DEBUG 39928 --- [wiki-backend] [           main] org.hibernate.SQL                        : 
    select
        utm1_0.id,
        utm1_0.created_at,
        utm1_0.deleted_at,
        utm1_0.team_id,
        utm1_0.updated_at,
        utm1_0.user_id 
    from
        user_team_memberships utm1_0 
    where
        utm1_0.user_id=? 
        and utm1_0.deleted_at is null
2026-05-10T19:58:50.916+08:00 DEBUG 39928 --- [wiki-backend] [           main] org.hibernate.SQL                        : 
    select
        kbm1_0.id,
        kbm1_0.created_at,
        kbm1_0.deleted_at,
        kbm1_0.kb_id,
        kbm1_0.role,
        kbm1_0.updated_at,
        kbm1_0.user_id 
    from
        knowledge_base_members kbm1_0 
    where
        kbm1_0.kb_id=? 
        and kbm1_0.user_id=?
2026-05-10T19:58:50.917+08:00 DEBUG 39928 --- [wiki-backend] [           main] org.hibernate.SQL                        : 
    select
        utm1_0.id,
        utm1_0.created_at,
        utm1_0.deleted_at,
        utm1_0.team_id,
        utm1_0.updated_at,
        utm1_0.user_id 
    from
        user_team_memberships utm1_0 
    where
        utm1_0.user_id=? 
        and utm1_0.deleted_at is null
2026-05-10T19:58:50.917+08:00 DEBUG 39928 --- [wiki-backend] [           main] org.hibernate.SQL                        : 
    select
        kbm1_0.id,
        kbm1_0.created_at,
        kbm1_0.deleted_at,
        kbm1_0.kb_id,
        kbm1_0.role,
        kbm1_0.updated_at,
        kbm1_0.user_id 
    from
        knowledge_base_members kbm1_0 
    where
        kbm1_0.kb_id=? 
        and kbm1_0.user_id=?
2026-05-10T19:58:50.918+08:00 DEBUG 39928 --- [wiki-backend] [           main] org.hibernate.SQL                        : 
    select
        utm1_0.id,
        utm1_0.created_at,
        utm1_0.deleted_at,
        utm1_0.team_id,
        utm1_0.updated_at,
        utm1_0.user_id 
    from
        user_team_memberships utm1_0 
    where
        utm1_0.user_id=? 
        and utm1_0.deleted_at is null
2026-05-10T19:58:50.919+08:00 DEBUG 39928 --- [wiki-backend] [           main] org.hibernate.SQL                        : 
    select
        kbm1_0.id,
        kbm1_0.created_at,
        kbm1_0.deleted_at,
        kbm1_0.kb_id,
        kbm1_0.role,
        kbm1_0.updated_at,
        kbm1_0.user_id 
    from
        knowledge_base_members kbm1_0 
    where
        kbm1_0.kb_id=? 
        and kbm1_0.user_id=?
2026-05-10T19:58:50.920+08:00 DEBUG 39928 --- [wiki-backend] [           main] org.hibernate.SQL                        : 
    select
        utm1_0.id,
        utm1_0.created_at,
        utm1_0.deleted_at,
        utm1_0.team_id,
        utm1_0.updated_at,
        utm1_0.user_id 
    from
        user_team_memberships utm1_0 
    where
        utm1_0.user_id=? 
        and utm1_0.deleted_at is null
2026-05-10T19:58:50.920+08:00 DEBUG 39928 --- [wiki-backend] [           main] org.hibernate.SQL                        : 
    select
        kbm1_0.id,
        kbm1_0.created_at,
        kbm1_0.deleted_at,
        kbm1_0.kb_id,
        kbm1_0.role,
        kbm1_0.updated_at,
        kbm1_0.user_id 
    from
        knowledge_base_members kbm1_0 
    where
        kbm1_0.kb_id=? 
        and kbm1_0.user_id=?
2026-05-10T19:58:50.921+08:00 DEBUG 39928 --- [wiki-backend] [           main] org.hibernate.SQL                        : 
    select
        utm1_0.id,
        utm1_0.created_at,
        utm1_0.deleted_at,
        utm1_0.team_id,
        utm1_0.updated_at,
        utm1_0.user_id 
    from
        user_team_memberships utm1_0 
    where
        utm1_0.user_id=? 
        and utm1_0.deleted_at is null
2026-05-10T19:58:50.922+08:00 DEBUG 39928 --- [wiki-backend] [           main] org.hibernate.SQL                        : 
    select
        kbm1_0.id,
        kbm1_0.created_at,
        kbm1_0.deleted_at,
        kbm1_0.kb_id,
        kbm1_0.role,
        kbm1_0.updated_at,
        kbm1_0.user_id 
    from
        knowledge_base_members kbm1_0 
    where
        kbm1_0.kb_id=? 
        and kbm1_0.user_id=?
2026-05-10T19:58:50.923+08:00 DEBUG 39928 --- [wiki-backend] [           main] org.hibernate.SQL                        : 
    select
        utm1_0.id,
        utm1_0.created_at,
        utm1_0.deleted_at,
        utm1_0.team_id,
        utm1_0.updated_at,
        utm1_0.user_id 
    from
        user_team_memberships utm1_0 
    where
        utm1_0.user_id=? 
        and utm1_0.deleted_at is null
2026-05-10T19:58:50.924+08:00 DEBUG 39928 --- [wiki-backend] [           main] org.hibernate.SQL                        : 
    select
        kbm1_0.id,
        kbm1_0.created_at,
        kbm1_0.deleted_at,
        kbm1_0.kb_id,
        kbm1_0.role,
        kbm1_0.updated_at,
        kbm1_0.user_id 
    from
        knowledge_base_members kbm1_0 
    where
        kbm1_0.kb_id=? 
        and kbm1_0.user_id=?
2026-05-10T19:58:50.924+08:00 DEBUG 39928 --- [wiki-backend] [           main] org.hibernate.SQL                        : 
    select
        utm1_0.id,
        utm1_0.created_at,
        utm1_0.deleted_at,
        utm1_0.team_id,
        utm1_0.updated_at,
        utm1_0.user_id 
    from
        user_team_memberships utm1_0 
    where
        utm1_0.user_id=? 
        and utm1_0.deleted_at is null
2026-05-10T19:58:50.925+08:00 DEBUG 39928 --- [wiki-backend] [           main] org.hibernate.SQL                        : 
    select
        kbm1_0.id,
        kbm1_0.created_at,
        kbm1_0.deleted_at,
        kbm1_0.kb_id,
        kbm1_0.role,
        kbm1_0.updated_at,
        kbm1_0.user_id 
    from
        knowledge_base_members kbm1_0 
    where
        kbm1_0.kb_id=? 
        and kbm1_0.user_id=?
2026-05-10T19:58:50.925+08:00 DEBUG 39928 --- [wiki-backend] [           main] org.hibernate.SQL                        : 
    select
        utm1_0.id,
        utm1_0.created_at,
        utm1_0.deleted_at,
        utm1_0.team_id,
        utm1_0.updated_at,
        utm1_0.user_id 
    from
        user_team_memberships utm1_0 
    where
        utm1_0.user_id=? 
        and utm1_0.deleted_at is null
2026-05-10T19:58:50.926+08:00 DEBUG 39928 --- [wiki-backend] [           main] org.hibernate.SQL                        : 
    select
        kbm1_0.id,
        kbm1_0.created_at,
        kbm1_0.deleted_at,
        kbm1_0.kb_id,
        kbm1_0.role,
        kbm1_0.updated_at,
        kbm1_0.user_id 
    from
        knowledge_base_members kbm1_0 
    where
        kbm1_0.kb_id=? 
        and kbm1_0.user_id=?
2026-05-10T19:58:50.928+08:00 DEBUG 39928 --- [wiki-backend] [           main] org.hibernate.SQL                        : 
    select
        utm1_0.id,
        utm1_0.created_at,
        utm1_0.deleted_at,
        utm1_0.team_id,
        utm1_0.updated_at,
        utm1_0.user_id 
    from
        user_team_memberships utm1_0 
    where
        utm1_0.user_id=? 
        and utm1_0.deleted_at is null
2026-05-10T19:58:50.930+08:00 DEBUG 39928 --- [wiki-backend] [           main] org.hibernate.SQL                        : 
    select
        kbm1_0.id,
        kbm1_0.created_at,
        kbm1_0.deleted_at,
        kbm1_0.kb_id,
        kbm1_0.role,
        kbm1_0.updated_at,
        kbm1_0.user_id 
    from
        knowledge_base_members kbm1_0 
    where
        kbm1_0.kb_id=? 
        and kbm1_0.user_id=?
2026-05-10T19:58:50.931+08:00 DEBUG 39928 --- [wiki-backend] [           main] org.hibernate.SQL                        : 
    select
        utm1_0.id,
        utm1_0.created_at,
        utm1_0.deleted_at,
        utm1_0.team_id,
        utm1_0.updated_at,
        utm1_0.user_id 
    from
        user_team_memberships utm1_0 
    where
        utm1_0.user_id=? 
        and utm1_0.deleted_at is null
2026-05-10T19:58:50.932+08:00 DEBUG 39928 --- [wiki-backend] [           main] org.hibernate.SQL                        : 
    select
        kbm1_0.id,
        kbm1_0.created_at,
        kbm1_0.deleted_at,
        kbm1_0.kb_id,
        kbm1_0.role,
        kbm1_0.updated_at,
        kbm1_0.user_id 
    from
        knowledge_base_members kbm1_0 
    where
        kbm1_0.kb_id=? 
        and kbm1_0.user_id=?
2026-05-10T19:58:50.932+08:00 DEBUG 39928 --- [wiki-backend] [           main] org.hibernate.SQL                        : 
    select
        kbm1_0.id,
        kbm1_0.created_at,
        kbm1_0.deleted_at,
        kbm1_0.kb_id,
        kbm1_0.role,
        kbm1_0.updated_at,
        kbm1_0.user_id 
    from
        knowledge_base_members kbm1_0 
    where
        kbm1_0.kb_id=? 
        and kbm1_0.user_id=?
2026-05-10T19:58:50.933+08:00 DEBUG 39928 --- [wiki-backend] [           main] org.hibernate.SQL                        : 
    select
        ua1_0.id,
        ua1_0.avatar_url,
        ua1_0.created_at,
        ua1_0.deleted_at,
        ua1_0.demo_password,
        ua1_0.department_id,
        ua1_0.email,
        ua1_0.nickname,
        ua1_0.password_hash,
        ua1_0.phone,
        ua1_0.role,
        ua1_0.updated_at,
        ua1_0.username 
    from
        users ua1_0
2026-05-10T19:58:50.934+08:00 DEBUG 39928 --- [wiki-backend] [           main] org.hibernate.SQL                        : 
    select
        kbm1_0.id,
        kbm1_0.created_at,
        kbm1_0.deleted_at,
        kbm1_0.kb_id,
        kbm1_0.role,
        kbm1_0.updated_at,
        kbm1_0.user_id 
    from
        knowledge_base_members kbm1_0 
    where
        kbm1_0.kb_id=? 
        and kbm1_0.user_id=?
2026-05-10T19:58:50.935+08:00 DEBUG 39928 --- [wiki-backend] [           main] org.hibernate.SQL                        : 
    select
        kbm1_0.id,
        kbm1_0.created_at,
        kbm1_0.deleted_at,
        kbm1_0.kb_id,
        kbm1_0.role,
        kbm1_0.updated_at,
        kbm1_0.user_id 
    from
        knowledge_base_members kbm1_0 
    where
        kbm1_0.kb_id=? 
        and kbm1_0.user_id=?
2026-05-10T19:58:50.935+08:00 DEBUG 39928 --- [wiki-backend] [           main] org.hibernate.SQL                        : 
    select
        kbm1_0.id,
        kbm1_0.created_at,
        kbm1_0.deleted_at,
        kbm1_0.kb_id,
        kbm1_0.role,
        kbm1_0.updated_at,
        kbm1_0.user_id 
    from
        knowledge_base_members kbm1_0 
    where
        kbm1_0.kb_id=? 
        and kbm1_0.user_id=?
2026-05-10T19:58:50.936+08:00 DEBUG 39928 --- [wiki-backend] [           main] org.hibernate.SQL                        : 
    select
        kbm1_0.id,
        kbm1_0.created_at,
        kbm1_0.deleted_at,
        kbm1_0.kb_id,
        kbm1_0.role,
        kbm1_0.updated_at,
        kbm1_0.user_id 
    from
        knowledge_base_members kbm1_0 
    where
        kbm1_0.kb_id=? 
        and kbm1_0.user_id=?
2026-05-10T19:58:50.936+08:00 DEBUG 39928 --- [wiki-backend] [           main] org.hibernate.SQL                        : 
    select
        kbm1_0.id,
        kbm1_0.created_at,
        kbm1_0.deleted_at,
        kbm1_0.kb_id,
        kbm1_0.role,
        kbm1_0.updated_at,
        kbm1_0.user_id 
    from
        knowledge_base_members kbm1_0 
    where
        kbm1_0.kb_id=? 
        and kbm1_0.user_id=?
2026-05-10T19:58:50.938+08:00 DEBUG 39928 --- [wiki-backend] [           main] org.hibernate.SQL                        : 
    select
        kbm1_0.id,
        kbm1_0.created_at,
        kbm1_0.deleted_at,
        kbm1_0.kb_id,
        kbm1_0.role,
        kbm1_0.updated_at,
        kbm1_0.user_id 
    from
        knowledge_base_members kbm1_0 
    where
        kbm1_0.kb_id=? 
        and kbm1_0.user_id=?
2026-05-10T19:58:50.939+08:00 DEBUG 39928 --- [wiki-backend] [           main] org.hibernate.SQL                        : 
    select
        kbm1_0.id,
        kbm1_0.created_at,
        kbm1_0.deleted_at,
        kbm1_0.kb_id,
        kbm1_0.role,
        kbm1_0.updated_at,
        kbm1_0.user_id 
    from
        knowledge_base_members kbm1_0 
    where
        kbm1_0.kb_id=? 
        and kbm1_0.user_id=?
2026-05-10T19:58:50.939+08:00 DEBUG 39928 --- [wiki-backend] [           main] org.hibernate.SQL                        : 
    select
        kbm1_0.id,
        kbm1_0.created_at,
        kbm1_0.deleted_at,
        kbm1_0.kb_id,
        kbm1_0.role,
        kbm1_0.updated_at,
        kbm1_0.user_id 
    from
        knowledge_base_members kbm1_0 
    where
        kbm1_0.kb_id=? 
        and kbm1_0.user_id=?
2026-05-10T19:58:50.940+08:00 DEBUG 39928 --- [wiki-backend] [           main] org.hibernate.SQL                        : 
    select
        kbm1_0.id,
        kbm1_0.created_at,
        kbm1_0.deleted_at,
        kbm1_0.kb_id,
        kbm1_0.role,
        kbm1_0.updated_at,
        kbm1_0.user_id 
    from
        knowledge_base_members kbm1_0 
    where
        kbm1_0.kb_id=? 
        and kbm1_0.user_id=?
2026-05-10T19:58:50.941+08:00 DEBUG 39928 --- [wiki-backend] [           main] org.hibernate.SQL                        : 
    select
        kbm1_0.id,
        kbm1_0.created_at,
        kbm1_0.deleted_at,
        kbm1_0.kb_id,
        kbm1_0.role,
        kbm1_0.updated_at,
        kbm1_0.user_id 
    from
        knowledge_base_members kbm1_0 
    where
        kbm1_0.kb_id=? 
        and kbm1_0.user_id=?
2026-05-10T19:58:50.942+08:00 DEBUG 39928 --- [wiki-backend] [           main] org.hibernate.SQL                        : 
    select
        kbm1_0.id,
        kbm1_0.created_at,
        kbm1_0.deleted_at,
        kbm1_0.kb_id,
        kbm1_0.role,
        kbm1_0.updated_at,
        kbm1_0.user_id 
    from
        knowledge_base_members kbm1_0 
    where
        kbm1_0.kb_id=? 
        and kbm1_0.user_id=?
2026-05-10T19:58:50.943+08:00 DEBUG 39928 --- [wiki-backend] [           main] org.hibernate.SQL                        : 
    select
        kbm1_0.id,
        kbm1_0.created_at,
        kbm1_0.deleted_at,
        kbm1_0.kb_id,
        kbm1_0.role,
        kbm1_0.updated_at,
        kbm1_0.user_id 
    from
        knowledge_base_members kbm1_0 
    where
        kbm1_0.kb_id=? 
        and kbm1_0.user_id=?
2026-05-10T19:58:50.943+08:00 DEBUG 39928 --- [wiki-backend] [           main] org.hibernate.SQL                        : 
    select
        kbm1_0.id,
        kbm1_0.created_at,
        kbm1_0.deleted_at,
        kbm1_0.kb_id,
        kbm1_0.role,
        kbm1_0.updated_at,
        kbm1_0.user_id 
    from
        knowledge_base_members kbm1_0 
    where
        kbm1_0.kb_id=? 
        and kbm1_0.user_id=?
2026-05-10T19:58:50.945+08:00 DEBUG 39928 --- [wiki-backend] [           main] org.hibernate.SQL                        : 
    select
        kbm1_0.id,
        kbm1_0.created_at,
        kbm1_0.deleted_at,
        kbm1_0.kb_id,
        kbm1_0.role,
        kbm1_0.updated_at,
        kbm1_0.user_id 
    from
        knowledge_base_members kbm1_0 
    where
        kbm1_0.kb_id=? 
        and kbm1_0.user_id=?
2026-05-10T19:58:50.945+08:00 DEBUG 39928 --- [wiki-backend] [           main] org.hibernate.SQL                        : 
    select
        kbm1_0.id,
        kbm1_0.created_at,
        kbm1_0.deleted_at,
        kbm1_0.kb_id,
        kbm1_0.role,
        kbm1_0.updated_at,
        kbm1_0.user_id 
    from
        knowledge_base_members kbm1_0 
    where
        kbm1_0.kb_id=? 
        and kbm1_0.user_id=?
2026-05-10T19:58:50.946+08:00 DEBUG 39928 --- [wiki-backend] [           main] org.hibernate.SQL                        : 
    select
        kbm1_0.id,
        kbm1_0.created_at,
        kbm1_0.deleted_at,
        kbm1_0.kb_id,
        kbm1_0.role,
        kbm1_0.updated_at,
        kbm1_0.user_id 
    from
        knowledge_base_members kbm1_0 
    where
        kbm1_0.kb_id=? 
        and kbm1_0.user_id=?
2026-05-10T19:58:50.946+08:00 DEBUG 39928 --- [wiki-backend] [           main] org.hibernate.SQL                        : 
    select
        kbm1_0.id,
        kbm1_0.created_at,
        kbm1_0.deleted_at,
        kbm1_0.kb_id,
        kbm1_0.role,
        kbm1_0.updated_at,
        kbm1_0.user_id 
    from
        knowledge_base_members kbm1_0 
    where
        kbm1_0.kb_id=? 
        and kbm1_0.user_id=?
2026-05-10T19:58:50.947+08:00 DEBUG 39928 --- [wiki-backend] [           main] org.hibernate.SQL                        : 
    select
        kbm1_0.id,
        kbm1_0.created_at,
        kbm1_0.deleted_at,
        kbm1_0.kb_id,
        kbm1_0.role,
        kbm1_0.updated_at,
        kbm1_0.user_id 
    from
        knowledge_base_members kbm1_0 
    where
        kbm1_0.kb_id=? 
        and kbm1_0.user_id=?
2026-05-10T19:58:50.947+08:00 DEBUG 39928 --- [wiki-backend] [           main] org.hibernate.SQL                        : 
    select
        kbm1_0.id,
        kbm1_0.created_at,
        kbm1_0.deleted_at,
        kbm1_0.kb_id,
        kbm1_0.role,
        kbm1_0.updated_at,
        kbm1_0.user_id 
    from
        knowledge_base_members kbm1_0 
    where
        kbm1_0.kb_id=? 
        and kbm1_0.user_id=?
2026-05-10T19:58:50.948+08:00 DEBUG 39928 --- [wiki-backend] [           main] org.hibernate.SQL                        : 
    select
        kbm1_0.id,
        kbm1_0.created_at,
        kbm1_0.deleted_at,
        kbm1_0.kb_id,
        kbm1_0.role,
        kbm1_0.updated_at,
        kbm1_0.user_id 
    from
        knowledge_base_members kbm1_0 
    where
        kbm1_0.kb_id=? 
        and kbm1_0.user_id=?
2026-05-10T19:58:50.949+08:00 DEBUG 39928 --- [wiki-backend] [           main] org.hibernate.SQL                        : 
    select
        utm1_0.id,
        utm1_0.created_at,
        utm1_0.deleted_at,
        utm1_0.team_id,
        utm1_0.updated_at,
        utm1_0.user_id 
    from
        user_team_memberships utm1_0 
    where
        utm1_0.user_id=? 
        and utm1_0.deleted_at is null
2026-05-10T19:58:50.950+08:00 DEBUG 39928 --- [wiki-backend] [           main] org.hibernate.SQL                        : 
    select
        kbm1_0.id,
        kbm1_0.created_at,
        kbm1_0.deleted_at,
        kbm1_0.kb_id,
        kbm1_0.role,
        kbm1_0.updated_at,
        kbm1_0.user_id 
    from
        knowledge_base_members kbm1_0 
    where
        kbm1_0.kb_id=? 
        and kbm1_0.user_id=?
2026-05-10T19:58:50.951+08:00 DEBUG 39928 --- [wiki-backend] [           main] org.hibernate.SQL                        : 
    update
        knowledge_base_members 
    set
        deleted_at=?,
        kb_id=?,
        role=?,
        updated_at=?,
        user_id=? 
    where
        id=?
2026-05-10T19:58:50.952+08:00 DEBUG 39928 --- [wiki-backend] [           main] org.hibernate.SQL                        : 
    select
        kbm1_0.id,
        kbm1_0.created_at,
        kbm1_0.deleted_at,
        kbm1_0.kb_id,
        kbm1_0.role,
        kbm1_0.updated_at,
        kbm1_0.user_id 
    from
        knowledge_base_members kbm1_0 
    where
        kbm1_0.kb_id=? 
        and kbm1_0.user_id=?
2026-05-10T19:58:50.952+08:00 DEBUG 39928 --- [wiki-backend] [           main] org.hibernate.SQL                        : 
    select
        utm1_0.id,
        utm1_0.created_at,
        utm1_0.deleted_at,
        utm1_0.team_id,
        utm1_0.updated_at,
        utm1_0.user_id 
    from
        user_team_memberships utm1_0 
    where
        utm1_0.user_id=? 
        and utm1_0.deleted_at is null
2026-05-10T19:58:50.953+08:00 DEBUG 39928 --- [wiki-backend] [           main] org.hibernate.SQL                        : 
    select
        kbm1_0.id,
        kbm1_0.created_at,
        kbm1_0.deleted_at,
        kbm1_0.kb_id,
        kbm1_0.role,
        kbm1_0.updated_at,
        kbm1_0.user_id 
    from
        knowledge_base_members kbm1_0 
    where
        kbm1_0.kb_id=? 
        and kbm1_0.user_id=?
2026-05-10T19:58:50.954+08:00 DEBUG 39928 --- [wiki-backend] [           main] org.hibernate.SQL                        : 
    select
        kbm1_0.id,
        kbm1_0.created_at,
        kbm1_0.deleted_at,
        kbm1_0.kb_id,
        kbm1_0.role,
        kbm1_0.updated_at,
        kbm1_0.user_id 
    from
        knowledge_base_members kbm1_0 
    where
        kbm1_0.kb_id=? 
        and kbm1_0.user_id=?
2026-05-10T19:58:50.954+08:00 DEBUG 39928 --- [wiki-backend] [           main] org.hibernate.SQL                        : 
    select
        utm1_0.id,
        utm1_0.created_at,
        utm1_0.deleted_at,
        utm1_0.team_id,
        utm1_0.updated_at,
        utm1_0.user_id 
    from
        user_team_memberships utm1_0 
    where
        utm1_0.user_id=? 
        and utm1_0.deleted_at is null
2026-05-10T19:58:50.955+08:00 DEBUG 39928 --- [wiki-backend] [           main] org.hibernate.SQL                        : 
    select
        kbm1_0.id,
        kbm1_0.created_at,
        kbm1_0.deleted_at,
        kbm1_0.kb_id,
        kbm1_0.role,
        kbm1_0.updated_at,
        kbm1_0.user_id 
    from
        knowledge_base_members kbm1_0 
    where
        kbm1_0.kb_id=? 
        and kbm1_0.user_id=?
2026-05-10T19:58:50.956+08:00 DEBUG 39928 --- [wiki-backend] [           main] org.hibernate.SQL                        : 
    select
        utm1_0.id,
        utm1_0.created_at,
        utm1_0.deleted_at,
        utm1_0.team_id,
        utm1_0.updated_at,
        utm1_0.user_id 
    from
        user_team_memberships utm1_0 
    where
        utm1_0.user_id=? 
        and utm1_0.deleted_at is null
2026-05-10T19:58:50.957+08:00 DEBUG 39928 --- [wiki-backend] [           main] org.hibernate.SQL                        : 
    select
        kbm1_0.id,
        kbm1_0.created_at,
        kbm1_0.deleted_at,
        kbm1_0.kb_id,
        kbm1_0.role,
        kbm1_0.updated_at,
        kbm1_0.user_id 
    from
        knowledge_base_members kbm1_0 
    where
        kbm1_0.kb_id=? 
        and kbm1_0.user_id=?
2026-05-10T19:58:50.958+08:00 DEBUG 39928 --- [wiki-backend] [           main] org.hibernate.SQL                        : 
    select
        utm1_0.id,
        utm1_0.created_at,
        utm1_0.deleted_at,
        utm1_0.team_id,
        utm1_0.updated_at,
        utm1_0.user_id 
    from
        user_team_memberships utm1_0 
    where
        utm1_0.user_id=? 
        and utm1_0.deleted_at is null
2026-05-10T19:58:50.959+08:00 DEBUG 39928 --- [wiki-backend] [           main] org.hibernate.SQL                        : 
    select
        kbm1_0.id,
        kbm1_0.created_at,
        kbm1_0.deleted_at,
        kbm1_0.kb_id,
        kbm1_0.role,
        kbm1_0.updated_at,
        kbm1_0.user_id 
    from
        knowledge_base_members kbm1_0 
    where
        kbm1_0.kb_id=? 
        and kbm1_0.user_id=?
2026-05-10T19:58:50.960+08:00 DEBUG 39928 --- [wiki-backend] [           main] org.hibernate.SQL                        : 
    select
        utm1_0.id,
        utm1_0.created_at,
        utm1_0.deleted_at,
        utm1_0.team_id,
        utm1_0.updated_at,
        utm1_0.user_id 
    from
        user_team_memberships utm1_0 
    where
        utm1_0.user_id=? 
        and utm1_0.deleted_at is null
2026-05-10T19:58:50.961+08:00 DEBUG 39928 --- [wiki-backend] [           main] org.hibernate.SQL                        : 
    select
        kbm1_0.id,
        kbm1_0.created_at,
        kbm1_0.deleted_at,
        kbm1_0.kb_id,
        kbm1_0.role,
        kbm1_0.updated_at,
        kbm1_0.user_id 
    from
        knowledge_base_members kbm1_0 
    where
        kbm1_0.kb_id=? 
        and kbm1_0.user_id=?
2026-05-10T19:58:50.962+08:00 DEBUG 39928 --- [wiki-backend] [           main] org.hibernate.SQL                        : 
    select
        utm1_0.id,
        utm1_0.created_at,
        utm1_0.deleted_at,
        utm1_0.team_id,
        utm1_0.updated_at,
        utm1_0.user_id 
    from
        user_team_memberships utm1_0 
    where
        utm1_0.user_id=? 
        and utm1_0.deleted_at is null
2026-05-10T19:58:50.963+08:00 DEBUG 39928 --- [wiki-backend] [           main] org.hibernate.SQL                        : 
    select
        kbm1_0.id,
        kbm1_0.created_at,
        kbm1_0.deleted_at,
        kbm1_0.kb_id,
        kbm1_0.role,
        kbm1_0.updated_at,
        kbm1_0.user_id 
    from
        knowledge_base_members kbm1_0 
    where
        kbm1_0.kb_id=? 
        and kbm1_0.user_id=?
2026-05-10T19:58:50.964+08:00 DEBUG 39928 --- [wiki-backend] [           main] org.hibernate.SQL                        : 
    select
        utm1_0.id,
        utm1_0.created_at,
        utm1_0.deleted_at,
        utm1_0.team_id,
        utm1_0.updated_at,
        utm1_0.user_id 
    from
        user_team_memberships utm1_0 
    where
        utm1_0.user_id=? 
        and utm1_0.deleted_at is null
2026-05-10T19:58:50.964+08:00 DEBUG 39928 --- [wiki-backend] [           main] org.hibernate.SQL                        : 
    select
        kbm1_0.id,
        kbm1_0.created_at,
        kbm1_0.deleted_at,
        kbm1_0.kb_id,
        kbm1_0.role,
        kbm1_0.updated_at,
        kbm1_0.user_id 
    from
        knowledge_base_members kbm1_0 
    where
        kbm1_0.kb_id=? 
        and kbm1_0.user_id=?
2026-05-10T19:58:50.965+08:00 DEBUG 39928 --- [wiki-backend] [           main] org.hibernate.SQL                        : 
    select
        utm1_0.id,
        utm1_0.created_at,
        utm1_0.deleted_at,
        utm1_0.team_id,
        utm1_0.updated_at,
        utm1_0.user_id 
    from
        user_team_memberships utm1_0 
    where
        utm1_0.user_id=? 
        and utm1_0.deleted_at is null
2026-05-10T19:58:50.966+08:00 DEBUG 39928 --- [wiki-backend] [           main] org.hibernate.SQL                        : 
    select
        kbm1_0.id,
        kbm1_0.created_at,
        kbm1_0.deleted_at,
        kbm1_0.kb_id,
        kbm1_0.role,
        kbm1_0.updated_at,
        kbm1_0.user_id 
    from
        knowledge_base_members kbm1_0 
    where
        kbm1_0.kb_id=? 
        and kbm1_0.user_id=?
2026-05-10T19:58:50.966+08:00 DEBUG 39928 --- [wiki-backend] [           main] org.hibernate.SQL                        : 
    select
        utm1_0.id,
        utm1_0.created_at,
        utm1_0.deleted_at,
        utm1_0.team_id,
        utm1_0.updated_at,
        utm1_0.user_id 
    from
        user_team_memberships utm1_0 
    where
        utm1_0.user_id=? 
        and utm1_0.deleted_at is null
2026-05-10T19:58:50.967+08:00 DEBUG 39928 --- [wiki-backend] [           main] org.hibernate.SQL                        : 
    select
        kbm1_0.id,
        kbm1_0.created_at,
        kbm1_0.deleted_at,
        kbm1_0.kb_id,
        kbm1_0.role,
        kbm1_0.updated_at,
        kbm1_0.user_id 
    from
        knowledge_base_members kbm1_0 
    where
        kbm1_0.kb_id=? 
        and kbm1_0.user_id=?
2026-05-10T19:58:50.967+08:00 DEBUG 39928 --- [wiki-backend] [           main] org.hibernate.SQL                        : 
    select
        utm1_0.id,
        utm1_0.created_at,
        utm1_0.deleted_at,
        utm1_0.team_id,
        utm1_0.updated_at,
        utm1_0.user_id 
    from
        user_team_memberships utm1_0 
    where
        utm1_0.user_id=? 
        and utm1_0.deleted_at is null
2026-05-10T19:58:50.968+08:00 DEBUG 39928 --- [wiki-backend] [           main] org.hibernate.SQL                        : 
    select
        kbm1_0.id,
        kbm1_0.created_at,
        kbm1_0.deleted_at,
        kbm1_0.kb_id,
        kbm1_0.role,
        kbm1_0.updated_at,
        kbm1_0.user_id 
    from
        knowledge_base_members kbm1_0 
    where
        kbm1_0.kb_id=? 
        and kbm1_0.user_id=?
2026-05-10T19:58:50.969+08:00 DEBUG 39928 --- [wiki-backend] [           main] org.hibernate.SQL                        : 
    select
        utm1_0.id,
        utm1_0.created_at,
        utm1_0.deleted_at,
        utm1_0.team_id,
        utm1_0.updated_at,
        utm1_0.user_id 
    from
        user_team_memberships utm1_0 
    where
        utm1_0.user_id=? 
        and utm1_0.deleted_at is null
2026-05-10T19:58:50.971+08:00 DEBUG 39928 --- [wiki-backend] [           main] org.hibernate.SQL                        : 
    select
        kbm1_0.id,
        kbm1_0.created_at,
        kbm1_0.deleted_at,
        kbm1_0.kb_id,
        kbm1_0.role,
        kbm1_0.updated_at,
        kbm1_0.user_id 
    from
        knowledge_base_members kbm1_0 
    where
        kbm1_0.kb_id=? 
        and kbm1_0.user_id=?
2026-05-10T19:58:50.971+08:00 DEBUG 39928 --- [wiki-backend] [           main] org.hibernate.SQL                        : 
    select
        utm1_0.id,
        utm1_0.created_at,
        utm1_0.deleted_at,
        utm1_0.team_id,
        utm1_0.updated_at,
        utm1_0.user_id 
    from
        user_team_memberships utm1_0 
    where
        utm1_0.user_id=? 
        and utm1_0.deleted_at is null
2026-05-10T19:58:50.972+08:00 DEBUG 39928 --- [wiki-backend] [           main] org.hibernate.SQL                        : 
    select
        kbm1_0.id,
        kbm1_0.created_at,
        kbm1_0.deleted_at,
        kbm1_0.kb_id,
        kbm1_0.role,
        kbm1_0.updated_at,
        kbm1_0.user_id 
    from
        knowledge_base_members kbm1_0 
    where
        kbm1_0.kb_id=? 
        and kbm1_0.user_id=?
2026-05-10T19:58:50.973+08:00 DEBUG 39928 --- [wiki-backend] [           main] org.hibernate.SQL                        : 
    select
        utm1_0.id,
        utm1_0.created_at,
        utm1_0.deleted_at,
        utm1_0.team_id,
        utm1_0.updated_at,
        utm1_0.user_id 
    from
        user_team_memberships utm1_0 
    where
        utm1_0.user_id=? 
        and utm1_0.deleted_at is null
2026-05-10T19:58:50.974+08:00 DEBUG 39928 --- [wiki-backend] [           main] org.hibernate.SQL                        : 
    select
        kbm1_0.id,
        kbm1_0.created_at,
        kbm1_0.deleted_at,
        kbm1_0.kb_id,
        kbm1_0.role,
        kbm1_0.updated_at,
        kbm1_0.user_id 
    from
        knowledge_base_members kbm1_0 
    where
        kbm1_0.kb_id=? 
        and kbm1_0.user_id=?
2026-05-10T19:58:50.974+08:00 DEBUG 39928 --- [wiki-backend] [           main] org.hibernate.SQL                        : 
    select
        utm1_0.id,
        utm1_0.created_at,
        utm1_0.deleted_at,
        utm1_0.team_id,
        utm1_0.updated_at,
        utm1_0.user_id 
    from
        user_team_memberships utm1_0 
    where
        utm1_0.user_id=? 
        and utm1_0.deleted_at is null
2026-05-10T19:58:50.975+08:00 DEBUG 39928 --- [wiki-backend] [           main] org.hibernate.SQL                        : 
    select
        kbm1_0.id,
        kbm1_0.created_at,
        kbm1_0.deleted_at,
        kbm1_0.kb_id,
        kbm1_0.role,
        kbm1_0.updated_at,
        kbm1_0.user_id 
    from
        knowledge_base_members kbm1_0 
    where
        kbm1_0.kb_id=? 
        and kbm1_0.user_id=?
2026-05-10T19:58:50.975+08:00 DEBUG 39928 --- [wiki-backend] [           main] org.hibernate.SQL                        : 
    select
        utm1_0.id,
        utm1_0.created_at,
        utm1_0.deleted_at,
        utm1_0.team_id,
        utm1_0.updated_at,
        utm1_0.user_id 
    from
        user_team_memberships utm1_0 
    where
        utm1_0.user_id=? 
        and utm1_0.deleted_at is null
2026-05-10T19:58:50.976+08:00 DEBUG 39928 --- [wiki-backend] [           main] org.hibernate.SQL                        : 
    select
        kbm1_0.id,
        kbm1_0.created_at,
        kbm1_0.deleted_at,
        kbm1_0.kb_id,
        kbm1_0.role,
        kbm1_0.updated_at,
        kbm1_0.user_id 
    from
        knowledge_base_members kbm1_0 
    where
        kbm1_0.kb_id=? 
        and kbm1_0.user_id=?
2026-05-10T19:58:50.976+08:00 DEBUG 39928 --- [wiki-backend] [           main] org.hibernate.SQL                        : 
    select
        utm1_0.id,
        utm1_0.created_at,
        utm1_0.deleted_at,
        utm1_0.team_id,
        utm1_0.updated_at,
        utm1_0.user_id 
    from
        user_team_memberships utm1_0 
    where
        utm1_0.user_id=? 
        and utm1_0.deleted_at is null
2026-05-10T19:58:50.978+08:00 DEBUG 39928 --- [wiki-backend] [           main] org.hibernate.SQL                        : 
    update
        knowledge_base_members 
    set
        deleted_at=?,
        kb_id=?,
        role=?,
        updated_at=?,
        user_id=? 
    where
        id=?
2026-05-10T19:58:50.978+08:00 DEBUG 39928 --- [wiki-backend] [           main] org.hibernate.SQL                        : 
    select
        kbm1_0.id,
        kbm1_0.created_at,
        kbm1_0.deleted_at,
        kbm1_0.kb_id,
        kbm1_0.role,
        kbm1_0.updated_at,
        kbm1_0.user_id 
    from
        knowledge_base_members kbm1_0 
    where
        kbm1_0.kb_id=? 
        and kbm1_0.user_id=?
2026-05-10T19:58:50.980+08:00 DEBUG 39928 --- [wiki-backend] [           main] org.hibernate.SQL                        : 
    select
        utm1_0.id,
        utm1_0.created_at,
        utm1_0.deleted_at,
        utm1_0.team_id,
        utm1_0.updated_at,
        utm1_0.user_id 
    from
        user_team_memberships utm1_0 
    where
        utm1_0.user_id=? 
        and utm1_0.deleted_at is null
2026-05-10T19:58:50.980+08:00 DEBUG 39928 --- [wiki-backend] [           main] org.hibernate.SQL                        : 
    select
        kbm1_0.id,
        kbm1_0.created_at,
        kbm1_0.deleted_at,
        kbm1_0.kb_id,
        kbm1_0.role,
        kbm1_0.updated_at,
        kbm1_0.user_id 
    from
        knowledge_base_members kbm1_0 
    where
        kbm1_0.kb_id=? 
        and kbm1_0.user_id=?
2026-05-10T19:58:50.981+08:00 DEBUG 39928 --- [wiki-backend] [           main] org.hibernate.SQL                        : 
    select
        kbm1_0.id,
        kbm1_0.created_at,
        kbm1_0.deleted_at,
        kbm1_0.kb_id,
        kbm1_0.role,
        kbm1_0.updated_at,
        kbm1_0.user_id 
    from
        knowledge_base_members kbm1_0 
    where
        kbm1_0.kb_id=? 
        and kbm1_0.user_id=?
2026-05-10T19:58:50.982+08:00 DEBUG 39928 --- [wiki-backend] [           main] org.hibernate.SQL                        : 
    select
        ua1_0.id,
        ua1_0.avatar_url,
        ua1_0.created_at,
        ua1_0.deleted_at,
        ua1_0.demo_password,
        ua1_0.department_id,
        ua1_0.email,
        ua1_0.nickname,
        ua1_0.password_hash,
        ua1_0.phone,
        ua1_0.role,
        ua1_0.updated_at,
        ua1_0.username 
    from
        users ua1_0
2026-05-10T19:58:50.983+08:00 DEBUG 39928 --- [wiki-backend] [           main] org.hibernate.SQL                        : 
    select
        kbm1_0.id,
        kbm1_0.created_at,
        kbm1_0.deleted_at,
        kbm1_0.kb_id,
        kbm1_0.role,
        kbm1_0.updated_at,
        kbm1_0.user_id 
    from
        knowledge_base_members kbm1_0 
    where
        kbm1_0.kb_id=? 
        and kbm1_0.user_id=?
2026-05-10T19:58:50.983+08:00 DEBUG 39928 --- [wiki-backend] [           main] org.hibernate.SQL                        : 
    select
        kbm1_0.id,
        kbm1_0.created_at,
        kbm1_0.deleted_at,
        kbm1_0.kb_id,
        kbm1_0.role,
        kbm1_0.updated_at,
        kbm1_0.user_id 
    from
        knowledge_base_members kbm1_0 
    where
        kbm1_0.kb_id=? 
        and kbm1_0.user_id=?
2026-05-10T19:58:50.984+08:00 DEBUG 39928 --- [wiki-backend] [           main] org.hibernate.SQL                        : 
    select
        kbm1_0.id,
        kbm1_0.created_at,
        kbm1_0.deleted_at,
        kbm1_0.kb_id,
        kbm1_0.role,
        kbm1_0.updated_at,
        kbm1_0.user_id 
    from
        knowledge_base_members kbm1_0 
    where
        kbm1_0.kb_id=? 
        and kbm1_0.user_id=?
2026-05-10T19:58:50.985+08:00 DEBUG 39928 --- [wiki-backend] [           main] org.hibernate.SQL                        : 
    select
        kbm1_0.id,
        kbm1_0.created_at,
        kbm1_0.deleted_at,
        kbm1_0.kb_id,
        kbm1_0.role,
        kbm1_0.updated_at,
        kbm1_0.user_id 
    from
        knowledge_base_members kbm1_0 
    where
        kbm1_0.kb_id=? 
        and kbm1_0.user_id=?
2026-05-10T19:58:50.986+08:00 DEBUG 39928 --- [wiki-backend] [           main] org.hibernate.SQL                        : 
    select
        kbm1_0.id,
        kbm1_0.created_at,
        kbm1_0.deleted_at,
        kbm1_0.kb_id,
        kbm1_0.role,
        kbm1_0.updated_at,
        kbm1_0.user_id 
    from
        knowledge_base_members kbm1_0 
    where
        kbm1_0.kb_id=? 
        and kbm1_0.user_id=?
2026-05-10T19:58:50.986+08:00 DEBUG 39928 --- [wiki-backend] [           main] org.hibernate.SQL                        : 
    select
        kbm1_0.id,
        kbm1_0.created_at,
        kbm1_0.deleted_at,
        kbm1_0.kb_id,
        kbm1_0.role,
        kbm1_0.updated_at,
        kbm1_0.user_id 
    from
        knowledge_base_members kbm1_0 
    where
        kbm1_0.kb_id=? 
        and kbm1_0.user_id=?
2026-05-10T19:58:50.987+08:00 DEBUG 39928 --- [wiki-backend] [           main] org.hibernate.SQL                        : 
    select
        kbm1_0.id,
        kbm1_0.created_at,
        kbm1_0.deleted_at,
        kbm1_0.kb_id,
        kbm1_0.role,
        kbm1_0.updated_at,
        kbm1_0.user_id 
    from
        knowledge_base_members kbm1_0 
    where
        kbm1_0.kb_id=? 
        and kbm1_0.user_id=?
2026-05-10T19:58:50.988+08:00 DEBUG 39928 --- [wiki-backend] [           main] org.hibernate.SQL                        : 
    select
        kbm1_0.id,
        kbm1_0.created_at,
        kbm1_0.deleted_at,
        kbm1_0.kb_id,
        kbm1_0.role,
        kbm1_0.updated_at,
        kbm1_0.user_id 
    from
        knowledge_base_members kbm1_0 
    where
        kbm1_0.kb_id=? 
        and kbm1_0.user_id=?
2026-05-10T19:58:50.991+08:00 DEBUG 39928 --- [wiki-backend] [           main] org.hibernate.SQL                        : 
    select
        kbm1_0.id,
        kbm1_0.created_at,
        kbm1_0.deleted_at,
        kbm1_0.kb_id,
        kbm1_0.role,
        kbm1_0.updated_at,
        kbm1_0.user_id 
    from
        knowledge_base_members kbm1_0 
    where
        kbm1_0.kb_id=? 
        and kbm1_0.user_id=?
2026-05-10T19:58:50.992+08:00 DEBUG 39928 --- [wiki-backend] [           main] org.hibernate.SQL                        : 
    select
        kbm1_0.id,
        kbm1_0.created_at,
        kbm1_0.deleted_at,
        kbm1_0.kb_id,
        kbm1_0.role,
        kbm1_0.updated_at,
        kbm1_0.user_id 
    from
        knowledge_base_members kbm1_0 
    where
        kbm1_0.kb_id=? 
        and kbm1_0.user_id=?
2026-05-10T19:58:50.992+08:00 DEBUG 39928 --- [wiki-backend] [           main] org.hibernate.SQL                        : 
    select
        kbm1_0.id,
        kbm1_0.created_at,
        kbm1_0.deleted_at,
        kbm1_0.kb_id,
        kbm1_0.role,
        kbm1_0.updated_at,
        kbm1_0.user_id 
    from
        knowledge_base_members kbm1_0 
    where
        kbm1_0.kb_id=? 
        and kbm1_0.user_id=?
2026-05-10T19:58:50.993+08:00 DEBUG 39928 --- [wiki-backend] [           main] org.hibernate.SQL                        : 
    select
        kbm1_0.id,
        kbm1_0.created_at,
        kbm1_0.deleted_at,
        kbm1_0.kb_id,
        kbm1_0.role,
        kbm1_0.updated_at,
        kbm1_0.user_id 
    from
        knowledge_base_members kbm1_0 
    where
        kbm1_0.kb_id=? 
        and kbm1_0.user_id=?
2026-05-10T19:58:50.993+08:00 DEBUG 39928 --- [wiki-backend] [           main] org.hibernate.SQL                        : 
    select
        kbm1_0.id,
        kbm1_0.created_at,
        kbm1_0.deleted_at,
        kbm1_0.kb_id,
        kbm1_0.role,
        kbm1_0.updated_at,
        kbm1_0.user_id 
    from
        knowledge_base_members kbm1_0 
    where
        kbm1_0.kb_id=? 
        and kbm1_0.user_id=?
2026-05-10T19:58:50.994+08:00 DEBUG 39928 --- [wiki-backend] [           main] org.hibernate.SQL                        : 
    select
        kbm1_0.id,
        kbm1_0.created_at,
        kbm1_0.deleted_at,
        kbm1_0.kb_id,
        kbm1_0.role,
        kbm1_0.updated_at,
        kbm1_0.user_id 
    from
        knowledge_base_members kbm1_0 
    where
        kbm1_0.kb_id=? 
        and kbm1_0.user_id=?
2026-05-10T19:58:50.994+08:00 DEBUG 39928 --- [wiki-backend] [           main] org.hibernate.SQL                        : 
    select
        kbm1_0.id,
        kbm1_0.created_at,
        kbm1_0.deleted_at,
        kbm1_0.kb_id,
        kbm1_0.role,
        kbm1_0.updated_at,
        kbm1_0.user_id 
    from
        knowledge_base_members kbm1_0 
    where
        kbm1_0.kb_id=? 
        and kbm1_0.user_id=?
2026-05-10T19:58:50.995+08:00 DEBUG 39928 --- [wiki-backend] [           main] org.hibernate.SQL                        : 
    select
        kbm1_0.id,
        kbm1_0.created_at,
        kbm1_0.deleted_at,
        kbm1_0.kb_id,
        kbm1_0.role,
        kbm1_0.updated_at,
        kbm1_0.user_id 
    from
        knowledge_base_members kbm1_0 
    where
        kbm1_0.kb_id=? 
        and kbm1_0.user_id=?
2026-05-10T19:58:50.996+08:00 DEBUG 39928 --- [wiki-backend] [           main] org.hibernate.SQL                        : 
    select
        kbm1_0.id,
        kbm1_0.created_at,
        kbm1_0.deleted_at,
        kbm1_0.kb_id,
        kbm1_0.role,
        kbm1_0.updated_at,
        kbm1_0.user_id 
    from
        knowledge_base_members kbm1_0 
    where
        kbm1_0.kb_id=? 
        and kbm1_0.user_id=?
2026-05-10T19:58:50.997+08:00 DEBUG 39928 --- [wiki-backend] [           main] org.hibernate.SQL                        : 
    select
        kbm1_0.id,
        kbm1_0.created_at,
        kbm1_0.deleted_at,
        kbm1_0.kb_id,
        kbm1_0.role,
        kbm1_0.updated_at,
        kbm1_0.user_id 
    from
        knowledge_base_members kbm1_0 
    where
        kbm1_0.kb_id=? 
        and kbm1_0.user_id=?
2026-05-10T19:58:50.997+08:00 DEBUG 39928 --- [wiki-backend] [           main] org.hibernate.SQL                        : 
    select
        kbm1_0.id,
        kbm1_0.created_at,
        kbm1_0.deleted_at,
        kbm1_0.kb_id,
        kbm1_0.role,
        kbm1_0.updated_at,
        kbm1_0.user_id 
    from
        knowledge_base_members kbm1_0 
    where
        kbm1_0.kb_id=? 
        and kbm1_0.user_id=?
2026-05-10T19:58:50.998+08:00 DEBUG 39928 --- [wiki-backend] [           main] org.hibernate.SQL                        : 
    select
        kbm1_0.id,
        kbm1_0.created_at,
        kbm1_0.deleted_at,
        kbm1_0.kb_id,
        kbm1_0.role,
        kbm1_0.updated_at,
        kbm1_0.user_id 
    from
        knowledge_base_members kbm1_0 
    where
        kbm1_0.kb_id=? 
        and kbm1_0.user_id=?
2026-05-10T19:58:50.998+08:00 DEBUG 39928 --- [wiki-backend] [           main] org.hibernate.SQL                        : 
    select
        utm1_0.id,
        utm1_0.created_at,
        utm1_0.deleted_at,
        utm1_0.team_id,
        utm1_0.updated_at,
        utm1_0.user_id 
    from
        user_team_memberships utm1_0 
    where
        utm1_0.user_id=? 
        and utm1_0.deleted_at is null
2026-05-10T19:58:50.999+08:00 DEBUG 39928 --- [wiki-backend] [           main] org.hibernate.SQL                        : 
    select
        kbm1_0.id,
        kbm1_0.created_at,
        kbm1_0.deleted_at,
        kbm1_0.kb_id,
        kbm1_0.role,
        kbm1_0.updated_at,
        kbm1_0.user_id 
    from
        knowledge_base_members kbm1_0 
    where
        kbm1_0.kb_id=? 
        and kbm1_0.user_id=?
2026-05-10T19:58:51.000+08:00 DEBUG 39928 --- [wiki-backend] [           main] org.hibernate.SQL                        : 
    select
        kbm1_0.id,
        kbm1_0.created_at,
        kbm1_0.deleted_at,
        kbm1_0.kb_id,
        kbm1_0.role,
        kbm1_0.updated_at,
        kbm1_0.user_id 
    from
        knowledge_base_members kbm1_0 
    where
        kbm1_0.kb_id=? 
        and kbm1_0.user_id=?
2026-05-10T19:58:51.000+08:00 DEBUG 39928 --- [wiki-backend] [           main] org.hibernate.SQL                        : 
    select
        utm1_0.id,
        utm1_0.created_at,
        utm1_0.deleted_at,
        utm1_0.team_id,
        utm1_0.updated_at,
        utm1_0.user_id 
    from
        user_team_memberships utm1_0 
    where
        utm1_0.user_id=? 
        and utm1_0.deleted_at is null
2026-05-10T19:58:51.001+08:00 DEBUG 39928 --- [wiki-backend] [           main] org.hibernate.SQL                        : 
    select
        kbm1_0.id,
        kbm1_0.created_at,
        kbm1_0.deleted_at,
        kbm1_0.kb_id,
        kbm1_0.role,
        kbm1_0.updated_at,
        kbm1_0.user_id 
    from
        knowledge_base_members kbm1_0 
    where
        kbm1_0.kb_id=? 
        and kbm1_0.user_id=?
2026-05-10T19:58:51.002+08:00 DEBUG 39928 --- [wiki-backend] [           main] org.hibernate.SQL                        : 
    select
        kbm1_0.id,
        kbm1_0.created_at,
        kbm1_0.deleted_at,
        kbm1_0.kb_id,
        kbm1_0.role,
        kbm1_0.updated_at,
        kbm1_0.user_id 
    from
        knowledge_base_members kbm1_0 
    where
        kbm1_0.kb_id=? 
        and kbm1_0.user_id=?
2026-05-10T19:58:51.003+08:00 DEBUG 39928 --- [wiki-backend] [           main] org.hibernate.SQL                        : 
    select
        utm1_0.id,
        utm1_0.created_at,
        utm1_0.deleted_at,
        utm1_0.team_id,
        utm1_0.updated_at,
        utm1_0.user_id 
    from
        user_team_memberships utm1_0 
    where
        utm1_0.user_id=? 
        and utm1_0.deleted_at is null
2026-05-10T19:58:51.004+08:00 DEBUG 39928 --- [wiki-backend] [           main] org.hibernate.SQL                        : 
    select
        kbm1_0.id,
        kbm1_0.created_at,
        kbm1_0.deleted_at,
        kbm1_0.kb_id,
        kbm1_0.role,
        kbm1_0.updated_at,
        kbm1_0.user_id 
    from
        knowledge_base_members kbm1_0 
    where
        kbm1_0.kb_id=? 
        and kbm1_0.user_id=?
2026-05-10T19:58:51.005+08:00 DEBUG 39928 --- [wiki-backend] [           main] org.hibernate.SQL                        : 
    select
        utm1_0.id,
        utm1_0.created_at,
        utm1_0.deleted_at,
        utm1_0.team_id,
        utm1_0.updated_at,
        utm1_0.user_id 
    from
        user_team_memberships utm1_0 
    where
        utm1_0.user_id=? 
        and utm1_0.deleted_at is null
2026-05-10T19:58:51.005+08:00 DEBUG 39928 --- [wiki-backend] [           main] org.hibernate.SQL                        : 
    select
        kbm1_0.id,
        kbm1_0.created_at,
        kbm1_0.deleted_at,
        kbm1_0.kb_id,
        kbm1_0.role,
        kbm1_0.updated_at,
        kbm1_0.user_id 
    from
        knowledge_base_members kbm1_0 
    where
        kbm1_0.kb_id=? 
        and kbm1_0.user_id=?
2026-05-10T19:58:51.006+08:00 DEBUG 39928 --- [wiki-backend] [           main] org.hibernate.SQL                        : 
    select
        utm1_0.id,
        utm1_0.created_at,
        utm1_0.deleted_at,
        utm1_0.team_id,
        utm1_0.updated_at,
        utm1_0.user_id 
    from
        user_team_memberships utm1_0 
    where
        utm1_0.user_id=? 
        and utm1_0.deleted_at is null
2026-05-10T19:58:51.007+08:00 DEBUG 39928 --- [wiki-backend] [           main] org.hibernate.SQL                        : 
    select
        kbm1_0.id,
        kbm1_0.created_at,
        kbm1_0.deleted_at,
        kbm1_0.kb_id,
        kbm1_0.role,
        kbm1_0.updated_at,
        kbm1_0.user_id 
    from
        knowledge_base_members kbm1_0 
    where
        kbm1_0.kb_id=? 
        and kbm1_0.user_id=?
2026-05-10T19:58:51.008+08:00 DEBUG 39928 --- [wiki-backend] [           main] org.hibernate.SQL                        : 
    select
        utm1_0.id,
        utm1_0.created_at,
        utm1_0.deleted_at,
        utm1_0.team_id,
        utm1_0.updated_at,
        utm1_0.user_id 
    from
        user_team_memberships utm1_0 
    where
        utm1_0.user_id=? 
        and utm1_0.deleted_at is null
2026-05-10T19:58:51.009+08:00 DEBUG 39928 --- [wiki-backend] [           main] org.hibernate.SQL                        : 
    update
        knowledge_base_members 
    set
        deleted_at=?,
        kb_id=?,
        role=?,
        updated_at=?,
        user_id=? 
    where
        id=?
2026-05-10T19:58:51.010+08:00 DEBUG 39928 --- [wiki-backend] [           main] org.hibernate.SQL                        : 
    select
        kbm1_0.id,
        kbm1_0.created_at,
        kbm1_0.deleted_at,
        kbm1_0.kb_id,
        kbm1_0.role,
        kbm1_0.updated_at,
        kbm1_0.user_id 
    from
        knowledge_base_members kbm1_0 
    where
        kbm1_0.kb_id=? 
        and kbm1_0.user_id=?
2026-05-10T19:58:51.011+08:00 DEBUG 39928 --- [wiki-backend] [           main] org.hibernate.SQL                        : 
    select
        utm1_0.id,
        utm1_0.created_at,
        utm1_0.deleted_at,
        utm1_0.team_id,
        utm1_0.updated_at,
        utm1_0.user_id 
    from
        user_team_memberships utm1_0 
    where
        utm1_0.user_id=? 
        and utm1_0.deleted_at is null
2026-05-10T19:58:51.012+08:00 DEBUG 39928 --- [wiki-backend] [           main] org.hibernate.SQL                        : 
    select
        kbm1_0.id,
        kbm1_0.created_at,
        kbm1_0.deleted_at,
        kbm1_0.kb_id,
        kbm1_0.role,
        kbm1_0.updated_at,
        kbm1_0.user_id 
    from
        knowledge_base_members kbm1_0 
    where
        kbm1_0.kb_id=? 
        and kbm1_0.user_id=?
2026-05-10T19:58:51.013+08:00 DEBUG 39928 --- [wiki-backend] [           main] org.hibernate.SQL                        : 
    select
        utm1_0.id,
        utm1_0.created_at,
        utm1_0.deleted_at,
        utm1_0.team_id,
        utm1_0.updated_at,
        utm1_0.user_id 
    from
        user_team_memberships utm1_0 
    where
        utm1_0.user_id=? 
        and utm1_0.deleted_at is null
2026-05-10T19:58:51.014+08:00 DEBUG 39928 --- [wiki-backend] [           main] org.hibernate.SQL                        : 
    select
        kbm1_0.id,
        kbm1_0.created_at,
        kbm1_0.deleted_at,
        kbm1_0.kb_id,
        kbm1_0.role,
        kbm1_0.updated_at,
        kbm1_0.user_id 
    from
        knowledge_base_members kbm1_0 
    where
        kbm1_0.kb_id=? 
        and kbm1_0.user_id=?
2026-05-10T19:58:51.015+08:00 DEBUG 39928 --- [wiki-backend] [           main] org.hibernate.SQL                        : 
    select
        utm1_0.id,
        utm1_0.created_at,
        utm1_0.deleted_at,
        utm1_0.team_id,
        utm1_0.updated_at,
        utm1_0.user_id 
    from
        user_team_memberships utm1_0 
    where
        utm1_0.user_id=? 
        and utm1_0.deleted_at is null
2026-05-10T19:58:51.015+08:00 DEBUG 39928 --- [wiki-backend] [           main] org.hibernate.SQL                        : 
    select
        kbm1_0.id,
        kbm1_0.created_at,
        kbm1_0.deleted_at,
        kbm1_0.kb_id,
        kbm1_0.role,
        kbm1_0.updated_at,
        kbm1_0.user_id 
    from
        knowledge_base_members kbm1_0 
    where
        kbm1_0.kb_id=? 
        and kbm1_0.user_id=?
2026-05-10T19:58:51.016+08:00 DEBUG 39928 --- [wiki-backend] [           main] org.hibernate.SQL                        : 
    select
        utm1_0.id,
        utm1_0.created_at,
        utm1_0.deleted_at,
        utm1_0.team_id,
        utm1_0.updated_at,
        utm1_0.user_id 
    from
        user_team_memberships utm1_0 
    where
        utm1_0.user_id=? 
        and utm1_0.deleted_at is null
2026-05-10T19:58:51.016+08:00 DEBUG 39928 --- [wiki-backend] [           main] org.hibernate.SQL                        : 
    select
        kbm1_0.id,
        kbm1_0.created_at,
        kbm1_0.deleted_at,
        kbm1_0.kb_id,
        kbm1_0.role,
        kbm1_0.updated_at,
        kbm1_0.user_id 
    from
        knowledge_base_members kbm1_0 
    where
        kbm1_0.kb_id=? 
        and kbm1_0.user_id=?
2026-05-10T19:58:51.017+08:00 DEBUG 39928 --- [wiki-backend] [           main] org.hibernate.SQL                        : 
    select
        utm1_0.id,
        utm1_0.created_at,
        utm1_0.deleted_at,
        utm1_0.team_id,
        utm1_0.updated_at,
        utm1_0.user_id 
    from
        user_team_memberships utm1_0 
    where
        utm1_0.user_id=? 
        and utm1_0.deleted_at is null
2026-05-10T19:58:51.017+08:00 DEBUG 39928 --- [wiki-backend] [           main] org.hibernate.SQL                        : 
    select
        kbm1_0.id,
        kbm1_0.created_at,
        kbm1_0.deleted_at,
        kbm1_0.kb_id,
        kbm1_0.role,
        kbm1_0.updated_at,
        kbm1_0.user_id 
    from
        knowledge_base_members kbm1_0 
    where
        kbm1_0.kb_id=? 
        and kbm1_0.user_id=?
2026-05-10T19:58:51.018+08:00 DEBUG 39928 --- [wiki-backend] [           main] org.hibernate.SQL                        : 
    select
        utm1_0.id,
        utm1_0.created_at,
        utm1_0.deleted_at,
        utm1_0.team_id,
        utm1_0.updated_at,
        utm1_0.user_id 
    from
        user_team_memberships utm1_0 
    where
        utm1_0.user_id=? 
        and utm1_0.deleted_at is null
2026-05-10T19:58:51.019+08:00 DEBUG 39928 --- [wiki-backend] [           main] org.hibernate.SQL                        : 
    select
        kbm1_0.id,
        kbm1_0.created_at,
        kbm1_0.deleted_at,
        kbm1_0.kb_id,
        kbm1_0.role,
        kbm1_0.updated_at,
        kbm1_0.user_id 
    from
        knowledge_base_members kbm1_0 
    where
        kbm1_0.kb_id=? 
        and kbm1_0.user_id=?
2026-05-10T19:58:51.021+08:00 DEBUG 39928 --- [wiki-backend] [           main] org.hibernate.SQL                        : 
    select
        utm1_0.id,
        utm1_0.created_at,
        utm1_0.deleted_at,
        utm1_0.team_id,
        utm1_0.updated_at,
        utm1_0.user_id 
    from
        user_team_memberships utm1_0 
    where
        utm1_0.user_id=? 
        and utm1_0.deleted_at is null
2026-05-10T19:58:51.023+08:00 DEBUG 39928 --- [wiki-backend] [           main] org.hibernate.SQL                        : 
    select
        kbm1_0.id,
        kbm1_0.created_at,
        kbm1_0.deleted_at,
        kbm1_0.kb_id,
        kbm1_0.role,
        kbm1_0.updated_at,
        kbm1_0.user_id 
    from
        knowledge_base_members kbm1_0 
    where
        kbm1_0.kb_id=? 
        and kbm1_0.user_id=?
2026-05-10T19:58:51.024+08:00 DEBUG 39928 --- [wiki-backend] [           main] org.hibernate.SQL                        : 
    select
        utm1_0.id,
        utm1_0.created_at,
        utm1_0.deleted_at,
        utm1_0.team_id,
        utm1_0.updated_at,
        utm1_0.user_id 
    from
        user_team_memberships utm1_0 
    where
        utm1_0.user_id=? 
        and utm1_0.deleted_at is null
2026-05-10T19:58:51.024+08:00 DEBUG 39928 --- [wiki-backend] [           main] org.hibernate.SQL                        : 
    select
        kbm1_0.id,
        kbm1_0.created_at,
        kbm1_0.deleted_at,
        kbm1_0.kb_id,
        kbm1_0.role,
        kbm1_0.updated_at,
        kbm1_0.user_id 
    from
        knowledge_base_members kbm1_0 
    where
        kbm1_0.kb_id=? 
        and kbm1_0.user_id=?
2026-05-10T19:58:51.026+08:00 DEBUG 39928 --- [wiki-backend] [           main] org.hibernate.SQL                        : 
    select
        utm1_0.id,
        utm1_0.created_at,
        utm1_0.deleted_at,
        utm1_0.team_id,
        utm1_0.updated_at,
        utm1_0.user_id 
    from
        user_team_memberships utm1_0 
    where
        utm1_0.user_id=? 
        and utm1_0.deleted_at is null
2026-05-10T19:58:51.026+08:00 DEBUG 39928 --- [wiki-backend] [           main] org.hibernate.SQL                        : 
    update
        knowledge_base_members 
    set
        deleted_at=?,
        kb_id=?,
        role=?,
        updated_at=?,
        user_id=? 
    where
        id=?
2026-05-10T19:58:51.027+08:00 DEBUG 39928 --- [wiki-backend] [           main] org.hibernate.SQL                        : 
    select
        kbm1_0.id,
        kbm1_0.created_at,
        kbm1_0.deleted_at,
        kbm1_0.kb_id,
        kbm1_0.role,
        kbm1_0.updated_at,
        kbm1_0.user_id 
    from
        knowledge_base_members kbm1_0 
    where
        kbm1_0.kb_id=? 
        and kbm1_0.user_id=?
2026-05-10T19:58:51.028+08:00 DEBUG 39928 --- [wiki-backend] [           main] org.hibernate.SQL                        : 
    select
        utm1_0.id,
        utm1_0.created_at,
        utm1_0.deleted_at,
        utm1_0.team_id,
        utm1_0.updated_at,
        utm1_0.user_id 
    from
        user_team_memberships utm1_0 
    where
        utm1_0.user_id=? 
        and utm1_0.deleted_at is null
2026-05-10T19:58:51.028+08:00 DEBUG 39928 --- [wiki-backend] [           main] org.hibernate.SQL                        : 
    select
        kbm1_0.id,
        kbm1_0.created_at,
        kbm1_0.deleted_at,
        kbm1_0.kb_id,
        kbm1_0.role,
        kbm1_0.updated_at,
        kbm1_0.user_id 
    from
        knowledge_base_members kbm1_0 
    where
        kbm1_0.kb_id=? 
        and kbm1_0.user_id=?
2026-05-10T19:58:51.029+08:00 DEBUG 39928 --- [wiki-backend] [           main] org.hibernate.SQL                        : 
    select
        utm1_0.id,
        utm1_0.created_at,
        utm1_0.deleted_at,
        utm1_0.team_id,
        utm1_0.updated_at,
        utm1_0.user_id 
    from
        user_team_memberships utm1_0 
    where
        utm1_0.user_id=? 
        and utm1_0.deleted_at is null
2026-05-10T19:58:51.029+08:00 DEBUG 39928 --- [wiki-backend] [           main] org.hibernate.SQL                        : 
    select
        kbm1_0.id,
        kbm1_0.created_at,
        kbm1_0.deleted_at,
        kbm1_0.kb_id,
        kbm1_0.role,
        kbm1_0.updated_at,
        kbm1_0.user_id 
    from
        knowledge_base_members kbm1_0 
    where
        kbm1_0.kb_id=? 
        and kbm1_0.user_id=?
2026-05-10T19:58:51.030+08:00 DEBUG 39928 --- [wiki-backend] [           main] org.hibernate.SQL                        : 
    select
        utm1_0.id,
        utm1_0.created_at,
        utm1_0.deleted_at,
        utm1_0.team_id,
        utm1_0.updated_at,
        utm1_0.user_id 
    from
        user_team_memberships utm1_0 
    where
        utm1_0.user_id=? 
        and utm1_0.deleted_at is null
2026-05-10T19:58:51.031+08:00 DEBUG 39928 --- [wiki-backend] [           main] org.hibernate.SQL                        : 
    select
        kbm1_0.id,
        kbm1_0.created_at,
        kbm1_0.deleted_at,
        kbm1_0.kb_id,
        kbm1_0.role,
        kbm1_0.updated_at,
        kbm1_0.user_id 
    from
        knowledge_base_members kbm1_0 
    where
        kbm1_0.kb_id=? 
        and kbm1_0.user_id=?
2026-05-10T19:58:51.031+08:00 DEBUG 39928 --- [wiki-backend] [           main] org.hibernate.SQL                        : 
    select
        kbm1_0.id,
        kbm1_0.created_at,
        kbm1_0.deleted_at,
        kbm1_0.kb_id,
        kbm1_0.role,
        kbm1_0.updated_at,
        kbm1_0.user_id 
    from
        knowledge_base_members kbm1_0 
    where
        kbm1_0.kb_id=? 
        and kbm1_0.user_id=?
2026-05-10T19:58:51.033+08:00 DEBUG 39928 --- [wiki-backend] [           main] org.hibernate.SQL                        : 
    select
        ua1_0.id,
        ua1_0.avatar_url,
        ua1_0.created_at,
        ua1_0.deleted_at,
        ua1_0.demo_password,
        ua1_0.department_id,
        ua1_0.email,
        ua1_0.nickname,
        ua1_0.password_hash,
        ua1_0.phone,
        ua1_0.role,
        ua1_0.updated_at,
        ua1_0.username 
    from
        users ua1_0
2026-05-10T19:58:51.034+08:00 DEBUG 39928 --- [wiki-backend] [           main] org.hibernate.SQL                        : 
    select
        kbm1_0.id,
        kbm1_0.created_at,
        kbm1_0.deleted_at,
        kbm1_0.kb_id,
        kbm1_0.role,
        kbm1_0.updated_at,
        kbm1_0.user_id 
    from
        knowledge_base_members kbm1_0 
    where
        kbm1_0.kb_id=? 
        and kbm1_0.user_id=?
2026-05-10T19:58:51.034+08:00 DEBUG 39928 --- [wiki-backend] [           main] org.hibernate.SQL                        : 
    select
        kbm1_0.id,
        kbm1_0.created_at,
        kbm1_0.deleted_at,
        kbm1_0.kb_id,
        kbm1_0.role,
        kbm1_0.updated_at,
        kbm1_0.user_id 
    from
        knowledge_base_members kbm1_0 
    where
        kbm1_0.kb_id=? 
        and kbm1_0.user_id=?
2026-05-10T19:58:51.035+08:00 DEBUG 39928 --- [wiki-backend] [           main] org.hibernate.SQL                        : 
    select
        kbm1_0.id,
        kbm1_0.created_at,
        kbm1_0.deleted_at,
        kbm1_0.kb_id,
        kbm1_0.role,
        kbm1_0.updated_at,
        kbm1_0.user_id 
    from
        knowledge_base_members kbm1_0 
    where
        kbm1_0.kb_id=? 
        and kbm1_0.user_id=?
2026-05-10T19:58:51.037+08:00 DEBUG 39928 --- [wiki-backend] [           main] org.hibernate.SQL                        : 
    select
        kbm1_0.id,
        kbm1_0.created_at,
        kbm1_0.deleted_at,
        kbm1_0.kb_id,
        kbm1_0.role,
        kbm1_0.updated_at,
        kbm1_0.user_id 
    from
        knowledge_base_members kbm1_0 
    where
        kbm1_0.kb_id=? 
        and kbm1_0.user_id=?
2026-05-10T19:58:51.037+08:00 DEBUG 39928 --- [wiki-backend] [           main] org.hibernate.SQL                        : 
    select
        kbm1_0.id,
        kbm1_0.created_at,
        kbm1_0.deleted_at,
        kbm1_0.kb_id,
        kbm1_0.role,
        kbm1_0.updated_at,
        kbm1_0.user_id 
    from
        knowledge_base_members kbm1_0 
    where
        kbm1_0.kb_id=? 
        and kbm1_0.user_id=?
2026-05-10T19:58:51.038+08:00 DEBUG 39928 --- [wiki-backend] [           main] org.hibernate.SQL                        : 
    select
        kbm1_0.id,
        kbm1_0.created_at,
        kbm1_0.deleted_at,
        kbm1_0.kb_id,
        kbm1_0.role,
        kbm1_0.updated_at,
        kbm1_0.user_id 
    from
        knowledge_base_members kbm1_0 
    where
        kbm1_0.kb_id=? 
        and kbm1_0.user_id=?
2026-05-10T19:58:51.039+08:00 DEBUG 39928 --- [wiki-backend] [           main] org.hibernate.SQL                        : 
    select
        kbm1_0.id,
        kbm1_0.created_at,
        kbm1_0.deleted_at,
        kbm1_0.kb_id,
        kbm1_0.role,
        kbm1_0.updated_at,
        kbm1_0.user_id 
    from
        knowledge_base_members kbm1_0 
    where
        kbm1_0.kb_id=? 
        and kbm1_0.user_id=?
2026-05-10T19:58:51.039+08:00 DEBUG 39928 --- [wiki-backend] [           main] org.hibernate.SQL                        : 
    select
        kbm1_0.id,
        kbm1_0.created_at,
        kbm1_0.deleted_at,
        kbm1_0.kb_id,
        kbm1_0.role,
        kbm1_0.updated_at,
        kbm1_0.user_id 
    from
        knowledge_base_members kbm1_0 
    where
        kbm1_0.kb_id=? 
        and kbm1_0.user_id=?
2026-05-10T19:58:51.040+08:00 DEBUG 39928 --- [wiki-backend] [           main] org.hibernate.SQL                        : 
    select
        kbm1_0.id,
        kbm1_0.created_at,
        kbm1_0.deleted_at,
        kbm1_0.kb_id,
        kbm1_0.role,
        kbm1_0.updated_at,
        kbm1_0.user_id 
    from
        knowledge_base_members kbm1_0 
    where
        kbm1_0.kb_id=? 
        and kbm1_0.user_id=?
2026-05-10T19:58:51.040+08:00 DEBUG 39928 --- [wiki-backend] [           main] org.hibernate.SQL                        : 
    select
        kbm1_0.id,
        kbm1_0.created_at,
        kbm1_0.deleted_at,
        kbm1_0.kb_id,
        kbm1_0.role,
        kbm1_0.updated_at,
        kbm1_0.user_id 
    from
        knowledge_base_members kbm1_0 
    where
        kbm1_0.kb_id=? 
        and kbm1_0.user_id=?
2026-05-10T19:58:51.040+08:00 DEBUG 39928 --- [wiki-backend] [           main] org.hibernate.SQL                        : 
    select
        kbm1_0.id,
        kbm1_0.created_at,
        kbm1_0.deleted_at,
        kbm1_0.kb_id,
        kbm1_0.role,
        kbm1_0.updated_at,
        kbm1_0.user_id 
    from
        knowledge_base_members kbm1_0 
    where
        kbm1_0.kb_id=? 
        and kbm1_0.user_id=?
2026-05-10T19:58:51.041+08:00 DEBUG 39928 --- [wiki-backend] [           main] org.hibernate.SQL                        : 
    select
        kbm1_0.id,
        kbm1_0.created_at,
        kbm1_0.deleted_at,
        kbm1_0.kb_id,
        kbm1_0.role,
        kbm1_0.updated_at,
        kbm1_0.user_id 
    from
        knowledge_base_members kbm1_0 
    where
        kbm1_0.kb_id=? 
        and kbm1_0.user_id=?
2026-05-10T19:58:51.041+08:00 DEBUG 39928 --- [wiki-backend] [           main] org.hibernate.SQL                        : 
    select
        kbm1_0.id,
        kbm1_0.created_at,
        kbm1_0.deleted_at,
        kbm1_0.kb_id,
        kbm1_0.role,
        kbm1_0.updated_at,
        kbm1_0.user_id 
    from
        knowledge_base_members kbm1_0 
    where
        kbm1_0.kb_id=? 
        and kbm1_0.user_id=?
2026-05-10T19:58:51.042+08:00 DEBUG 39928 --- [wiki-backend] [           main] org.hibernate.SQL                        : 
    select
        kbm1_0.id,
        kbm1_0.created_at,
        kbm1_0.deleted_at,
        kbm1_0.kb_id,
        kbm1_0.role,
        kbm1_0.updated_at,
        kbm1_0.user_id 
    from
        knowledge_base_members kbm1_0 
    where
        kbm1_0.kb_id=? 
        and kbm1_0.user_id=?
2026-05-10T19:58:51.044+08:00 DEBUG 39928 --- [wiki-backend] [           main] org.hibernate.SQL                        : 
    select
        kbm1_0.id,
        kbm1_0.created_at,
        kbm1_0.deleted_at,
        kbm1_0.kb_id,
        kbm1_0.role,
        kbm1_0.updated_at,
        kbm1_0.user_id 
    from
        knowledge_base_members kbm1_0 
    where
        kbm1_0.kb_id=? 
        and kbm1_0.user_id=?
2026-05-10T19:58:51.044+08:00 DEBUG 39928 --- [wiki-backend] [           main] org.hibernate.SQL                        : 
    select
        kbm1_0.id,
        kbm1_0.created_at,
        kbm1_0.deleted_at,
        kbm1_0.kb_id,
        kbm1_0.role,
        kbm1_0.updated_at,
        kbm1_0.user_id 
    from
        knowledge_base_members kbm1_0 
    where
        kbm1_0.kb_id=? 
        and kbm1_0.user_id=?
2026-05-10T19:58:51.045+08:00 DEBUG 39928 --- [wiki-backend] [           main] org.hibernate.SQL                        : 
    select
        kbm1_0.id,
        kbm1_0.created_at,
        kbm1_0.deleted_at,
        kbm1_0.kb_id,
        kbm1_0.role,
        kbm1_0.updated_at,
        kbm1_0.user_id 
    from
        knowledge_base_members kbm1_0 
    where
        kbm1_0.kb_id=? 
        and kbm1_0.user_id=?
2026-05-10T19:58:51.046+08:00 DEBUG 39928 --- [wiki-backend] [           main] org.hibernate.SQL                        : 
    select
        kbm1_0.id,
        kbm1_0.created_at,
        kbm1_0.deleted_at,
        kbm1_0.kb_id,
        kbm1_0.role,
        kbm1_0.updated_at,
        kbm1_0.user_id 
    from
        knowledge_base_members kbm1_0 
    where
        kbm1_0.kb_id=? 
        and kbm1_0.user_id=?
2026-05-10T19:58:51.046+08:00 DEBUG 39928 --- [wiki-backend] [           main] org.hibernate.SQL                        : 
    select
        kbm1_0.id,
        kbm1_0.created_at,
        kbm1_0.deleted_at,
        kbm1_0.kb_id,
        kbm1_0.role,
        kbm1_0.updated_at,
        kbm1_0.user_id 
    from
        knowledge_base_members kbm1_0 
    where
        kbm1_0.kb_id=? 
        and kbm1_0.user_id=?
2026-05-10T19:58:51.047+08:00 DEBUG 39928 --- [wiki-backend] [           main] org.hibernate.SQL                        : 
    select
        kbm1_0.id,
        kbm1_0.created_at,
        kbm1_0.deleted_at,
        kbm1_0.kb_id,
        kbm1_0.role,
        kbm1_0.updated_at,
        kbm1_0.user_id 
    from
        knowledge_base_members kbm1_0 
    where
        kbm1_0.kb_id=? 
        and kbm1_0.user_id=?
2026-05-10T19:58:51.047+08:00 DEBUG 39928 --- [wiki-backend] [           main] org.hibernate.SQL                        : 
    select
        utm1_0.id,
        utm1_0.created_at,
        utm1_0.deleted_at,
        utm1_0.team_id,
        utm1_0.updated_at,
        utm1_0.user_id 
    from
        user_team_memberships utm1_0 
    where
        utm1_0.user_id=? 
        and utm1_0.deleted_at is null
2026-05-10T19:58:51.048+08:00 DEBUG 39928 --- [wiki-backend] [           main] org.hibernate.SQL                        : 
    select
        kbm1_0.id,
        kbm1_0.created_at,
        kbm1_0.deleted_at,
        kbm1_0.kb_id,
        kbm1_0.role,
        kbm1_0.updated_at,
        kbm1_0.user_id 
    from
        knowledge_base_members kbm1_0 
    where
        kbm1_0.kb_id=? 
        and kbm1_0.user_id=?
2026-05-10T19:58:51.048+08:00 DEBUG 39928 --- [wiki-backend] [           main] org.hibernate.SQL                        : 
    update
        knowledge_base_members 
    set
        deleted_at=?,
        kb_id=?,
        role=?,
        updated_at=?,
        user_id=? 
    where
        id=?
2026-05-10T19:58:51.049+08:00 DEBUG 39928 --- [wiki-backend] [           main] org.hibernate.SQL                        : 
    select
        kbm1_0.id,
        kbm1_0.created_at,
        kbm1_0.deleted_at,
        kbm1_0.kb_id,
        kbm1_0.role,
        kbm1_0.updated_at,
        kbm1_0.user_id 
    from
        knowledge_base_members kbm1_0 
    where
        kbm1_0.kb_id=? 
        and kbm1_0.user_id=?
2026-05-10T19:58:51.049+08:00 DEBUG 39928 --- [wiki-backend] [           main] org.hibernate.SQL                        : 
    select
        utm1_0.id,
        utm1_0.created_at,
        utm1_0.deleted_at,
        utm1_0.team_id,
        utm1_0.updated_at,
        utm1_0.user_id 
    from
        user_team_memberships utm1_0 
    where
        utm1_0.user_id=? 
        and utm1_0.deleted_at is null
2026-05-10T19:58:51.051+08:00 DEBUG 39928 --- [wiki-backend] [           main] org.hibernate.SQL                        : 
    select
        kbm1_0.id,
        kbm1_0.created_at,
        kbm1_0.deleted_at,
        kbm1_0.kb_id,
        kbm1_0.role,
        kbm1_0.updated_at,
        kbm1_0.user_id 
    from
        knowledge_base_members kbm1_0 
    where
        kbm1_0.kb_id=? 
        and kbm1_0.user_id=?
2026-05-10T19:58:51.053+08:00 DEBUG 39928 --- [wiki-backend] [           main] org.hibernate.SQL                        : 
    select
        kbm1_0.id,
        kbm1_0.created_at,
        kbm1_0.deleted_at,
        kbm1_0.kb_id,
        kbm1_0.role,
        kbm1_0.updated_at,
        kbm1_0.user_id 
    from
        knowledge_base_members kbm1_0 
    where
        kbm1_0.kb_id=? 
        and kbm1_0.user_id=?
2026-05-10T19:58:51.054+08:00 DEBUG 39928 --- [wiki-backend] [           main] org.hibernate.SQL                        : 
    select
        utm1_0.id,
        utm1_0.created_at,
        utm1_0.deleted_at,
        utm1_0.team_id,
        utm1_0.updated_at,
        utm1_0.user_id 
    from
        user_team_memberships utm1_0 
    where
        utm1_0.user_id=? 
        and utm1_0.deleted_at is null
2026-05-10T19:58:51.054+08:00 DEBUG 39928 --- [wiki-backend] [           main] org.hibernate.SQL                        : 
    select
        kbm1_0.id,
        kbm1_0.created_at,
        kbm1_0.deleted_at,
        kbm1_0.kb_id,
        kbm1_0.role,
        kbm1_0.updated_at,
        kbm1_0.user_id 
    from
        knowledge_base_members kbm1_0 
    where
        kbm1_0.kb_id=? 
        and kbm1_0.user_id=?
2026-05-10T19:58:51.055+08:00 DEBUG 39928 --- [wiki-backend] [           main] org.hibernate.SQL                        : 
    select
        utm1_0.id,
        utm1_0.created_at,
        utm1_0.deleted_at,
        utm1_0.team_id,
        utm1_0.updated_at,
        utm1_0.user_id 
    from
        user_team_memberships utm1_0 
    where
        utm1_0.user_id=? 
        and utm1_0.deleted_at is null
2026-05-10T19:58:51.056+08:00 DEBUG 39928 --- [wiki-backend] [           main] org.hibernate.SQL                        : 
    select
        kbm1_0.id,
        kbm1_0.created_at,
        kbm1_0.deleted_at,
        kbm1_0.kb_id,
        kbm1_0.role,
        kbm1_0.updated_at,
        kbm1_0.user_id 
    from
        knowledge_base_members kbm1_0 
    where
        kbm1_0.kb_id=? 
        and kbm1_0.user_id=?
2026-05-10T19:58:51.056+08:00 DEBUG 39928 --- [wiki-backend] [           main] org.hibernate.SQL                        : 
    select
        utm1_0.id,
        utm1_0.created_at,
        utm1_0.deleted_at,
        utm1_0.team_id,
        utm1_0.updated_at,
        utm1_0.user_id 
    from
        user_team_memberships utm1_0 
    where
        utm1_0.user_id=? 
        and utm1_0.deleted_at is null
2026-05-10T19:58:51.057+08:00 DEBUG 39928 --- [wiki-backend] [           main] org.hibernate.SQL                        : 
    select
        kbm1_0.id,
        kbm1_0.created_at,
        kbm1_0.deleted_at,
        kbm1_0.kb_id,
        kbm1_0.role,
        kbm1_0.updated_at,
        kbm1_0.user_id 
    from
        knowledge_base_members kbm1_0 
    where
        kbm1_0.kb_id=? 
        and kbm1_0.user_id=?
2026-05-10T19:58:51.058+08:00 DEBUG 39928 --- [wiki-backend] [           main] org.hibernate.SQL                        : 
    select
        utm1_0.id,
        utm1_0.created_at,
        utm1_0.deleted_at,
        utm1_0.team_id,
        utm1_0.updated_at,
        utm1_0.user_id 
    from
        user_team_memberships utm1_0 
    where
        utm1_0.user_id=? 
        and utm1_0.deleted_at is null
2026-05-10T19:58:51.058+08:00 DEBUG 39928 --- [wiki-backend] [           main] org.hibernate.SQL                        : 
    select
        kbm1_0.id,
        kbm1_0.created_at,
        kbm1_0.deleted_at,
        kbm1_0.kb_id,
        kbm1_0.role,
        kbm1_0.updated_at,
        kbm1_0.user_id 
    from
        knowledge_base_members kbm1_0 
    where
        kbm1_0.kb_id=? 
        and kbm1_0.user_id=?
2026-05-10T19:58:51.059+08:00 DEBUG 39928 --- [wiki-backend] [           main] org.hibernate.SQL                        : 
    select
        utm1_0.id,
        utm1_0.created_at,
        utm1_0.deleted_at,
        utm1_0.team_id,
        utm1_0.updated_at,
        utm1_0.user_id 
    from
        user_team_memberships utm1_0 
    where
        utm1_0.user_id=? 
        and utm1_0.deleted_at is null
2026-05-10T19:58:51.060+08:00 DEBUG 39928 --- [wiki-backend] [           main] org.hibernate.SQL                        : 
    select
        kbm1_0.id,
        kbm1_0.created_at,
        kbm1_0.deleted_at,
        kbm1_0.kb_id,
        kbm1_0.role,
        kbm1_0.updated_at,
        kbm1_0.user_id 
    from
        knowledge_base_members kbm1_0 
    where
        kbm1_0.kb_id=? 
        and kbm1_0.user_id=?
2026-05-10T19:58:51.060+08:00 DEBUG 39928 --- [wiki-backend] [           main] org.hibernate.SQL                        : 
    select
        utm1_0.id,
        utm1_0.created_at,
        utm1_0.deleted_at,
        utm1_0.team_id,
        utm1_0.updated_at,
        utm1_0.user_id 
    from
        user_team_memberships utm1_0 
    where
        utm1_0.user_id=? 
        and utm1_0.deleted_at is null
2026-05-10T19:58:51.062+08:00 DEBUG 39928 --- [wiki-backend] [           main] org.hibernate.SQL                        : 
    select
        kbm1_0.id,
        kbm1_0.created_at,
        kbm1_0.deleted_at,
        kbm1_0.kb_id,
        kbm1_0.role,
        kbm1_0.updated_at,
        kbm1_0.user_id 
    from
        knowledge_base_members kbm1_0 
    where
        kbm1_0.kb_id=? 
        and kbm1_0.user_id=?
2026-05-10T19:58:51.062+08:00 DEBUG 39928 --- [wiki-backend] [           main] org.hibernate.SQL                        : 
    select
        utm1_0.id,
        utm1_0.created_at,
        utm1_0.deleted_at,
        utm1_0.team_id,
        utm1_0.updated_at,
        utm1_0.user_id 
    from
        user_team_memberships utm1_0 
    where
        utm1_0.user_id=? 
        and utm1_0.deleted_at is null
2026-05-10T19:58:51.063+08:00 DEBUG 39928 --- [wiki-backend] [           main] org.hibernate.SQL                        : 
    select
        kbm1_0.id,
        kbm1_0.created_at,
        kbm1_0.deleted_at,
        kbm1_0.kb_id,
        kbm1_0.role,
        kbm1_0.updated_at,
        kbm1_0.user_id 
    from
        knowledge_base_members kbm1_0 
    where
        kbm1_0.kb_id=? 
        and kbm1_0.user_id=?
2026-05-10T19:58:51.063+08:00 DEBUG 39928 --- [wiki-backend] [           main] org.hibernate.SQL                        : 
    select
        utm1_0.id,
        utm1_0.created_at,
        utm1_0.deleted_at,
        utm1_0.team_id,
        utm1_0.updated_at,
        utm1_0.user_id 
    from
        user_team_memberships utm1_0 
    where
        utm1_0.user_id=? 
        and utm1_0.deleted_at is null
2026-05-10T19:58:51.064+08:00 DEBUG 39928 --- [wiki-backend] [           main] org.hibernate.SQL                        : 
    select
        kbm1_0.id,
        kbm1_0.created_at,
        kbm1_0.deleted_at,
        kbm1_0.kb_id,
        kbm1_0.role,
        kbm1_0.updated_at,
        kbm1_0.user_id 
    from
        knowledge_base_members kbm1_0 
    where
        kbm1_0.kb_id=? 
        and kbm1_0.user_id=?
2026-05-10T19:58:51.064+08:00 DEBUG 39928 --- [wiki-backend] [           main] org.hibernate.SQL                        : 
    select
        utm1_0.id,
        utm1_0.created_at,
        utm1_0.deleted_at,
        utm1_0.team_id,
        utm1_0.updated_at,
        utm1_0.user_id 
    from
        user_team_memberships utm1_0 
    where
        utm1_0.user_id=? 
        and utm1_0.deleted_at is null
2026-05-10T19:58:51.065+08:00 DEBUG 39928 --- [wiki-backend] [           main] org.hibernate.SQL                        : 
    select
        kbm1_0.id,
        kbm1_0.created_at,
        kbm1_0.deleted_at,
        kbm1_0.kb_id,
        kbm1_0.role,
        kbm1_0.updated_at,
        kbm1_0.user_id 
    from
        knowledge_base_members kbm1_0 
    where
        kbm1_0.kb_id=? 
        and kbm1_0.user_id=?
2026-05-10T19:58:51.065+08:00 DEBUG 39928 --- [wiki-backend] [           main] org.hibernate.SQL                        : 
    select
        utm1_0.id,
        utm1_0.created_at,
        utm1_0.deleted_at,
        utm1_0.team_id,
        utm1_0.updated_at,
        utm1_0.user_id 
    from
        user_team_memberships utm1_0 
    where
        utm1_0.user_id=? 
        and utm1_0.deleted_at is null
2026-05-10T19:58:51.065+08:00 DEBUG 39928 --- [wiki-backend] [           main] org.hibernate.SQL                        : 
    select
        kbm1_0.id,
        kbm1_0.created_at,
        kbm1_0.deleted_at,
        kbm1_0.kb_id,
        kbm1_0.role,
        kbm1_0.updated_at,
        kbm1_0.user_id 
    from
        knowledge_base_members kbm1_0 
    where
        kbm1_0.kb_id=? 
        and kbm1_0.user_id=?
2026-05-10T19:58:51.067+08:00 DEBUG 39928 --- [wiki-backend] [           main] org.hibernate.SQL                        : 
    select
        utm1_0.id,
        utm1_0.created_at,
        utm1_0.deleted_at,
        utm1_0.team_id,
        utm1_0.updated_at,
        utm1_0.user_id 
    from
        user_team_memberships utm1_0 
    where
        utm1_0.user_id=? 
        and utm1_0.deleted_at is null
2026-05-10T19:58:51.068+08:00 DEBUG 39928 --- [wiki-backend] [           main] org.hibernate.SQL                        : 
    select
        kbm1_0.id,
        kbm1_0.created_at,
        kbm1_0.deleted_at,
        kbm1_0.kb_id,
        kbm1_0.role,
        kbm1_0.updated_at,
        kbm1_0.user_id 
    from
        knowledge_base_members kbm1_0 
    where
        kbm1_0.kb_id=? 
        and kbm1_0.user_id=?
2026-05-10T19:58:51.069+08:00 DEBUG 39928 --- [wiki-backend] [           main] org.hibernate.SQL                        : 
    select
        utm1_0.id,
        utm1_0.created_at,
        utm1_0.deleted_at,
        utm1_0.team_id,
        utm1_0.updated_at,
        utm1_0.user_id 
    from
        user_team_memberships utm1_0 
    where
        utm1_0.user_id=? 
        and utm1_0.deleted_at is null
2026-05-10T19:58:51.070+08:00 DEBUG 39928 --- [wiki-backend] [           main] org.hibernate.SQL                        : 
    select
        kbm1_0.id,
        kbm1_0.created_at,
        kbm1_0.deleted_at,
        kbm1_0.kb_id,
        kbm1_0.role,
        kbm1_0.updated_at,
        kbm1_0.user_id 
    from
        knowledge_base_members kbm1_0 
    where
        kbm1_0.kb_id=? 
        and kbm1_0.user_id=?
2026-05-10T19:58:51.070+08:00 DEBUG 39928 --- [wiki-backend] [           main] org.hibernate.SQL                        : 
    select
        utm1_0.id,
        utm1_0.created_at,
        utm1_0.deleted_at,
        utm1_0.team_id,
        utm1_0.updated_at,
        utm1_0.user_id 
    from
        user_team_memberships utm1_0 
    where
        utm1_0.user_id=? 
        and utm1_0.deleted_at is null
2026-05-10T19:58:51.072+08:00 DEBUG 39928 --- [wiki-backend] [           main] org.hibernate.SQL                        : 
    select
        kbm1_0.id,
        kbm1_0.created_at,
        kbm1_0.deleted_at,
        kbm1_0.kb_id,
        kbm1_0.role,
        kbm1_0.updated_at,
        kbm1_0.user_id 
    from
        knowledge_base_members kbm1_0 
    where
        kbm1_0.kb_id=? 
        and kbm1_0.user_id=?
2026-05-10T19:58:51.073+08:00 DEBUG 39928 --- [wiki-backend] [           main] org.hibernate.SQL                        : 
    select
        utm1_0.id,
        utm1_0.created_at,
        utm1_0.deleted_at,
        utm1_0.team_id,
        utm1_0.updated_at,
        utm1_0.user_id 
    from
        user_team_memberships utm1_0 
    where
        utm1_0.user_id=? 
        and utm1_0.deleted_at is null
2026-05-10T19:58:51.074+08:00 DEBUG 39928 --- [wiki-backend] [           main] org.hibernate.SQL                        : 
    select
        kbm1_0.id,
        kbm1_0.created_at,
        kbm1_0.deleted_at,
        kbm1_0.kb_id,
        kbm1_0.role,
        kbm1_0.updated_at,
        kbm1_0.user_id 
    from
        knowledge_base_members kbm1_0 
    where
        kbm1_0.kb_id=? 
        and kbm1_0.user_id=?
2026-05-10T19:58:51.075+08:00 DEBUG 39928 --- [wiki-backend] [           main] org.hibernate.SQL                        : 
    select
        utm1_0.id,
        utm1_0.created_at,
        utm1_0.deleted_at,
        utm1_0.team_id,
        utm1_0.updated_at,
        utm1_0.user_id 
    from
        user_team_memberships utm1_0 
    where
        utm1_0.user_id=? 
        and utm1_0.deleted_at is null
2026-05-10T19:58:51.076+08:00 DEBUG 39928 --- [wiki-backend] [           main] org.hibernate.SQL                        : 
    select
        kbm1_0.id,
        kbm1_0.created_at,
        kbm1_0.deleted_at,
        kbm1_0.kb_id,
        kbm1_0.role,
        kbm1_0.updated_at,
        kbm1_0.user_id 
    from
        knowledge_base_members kbm1_0 
    where
        kbm1_0.kb_id=? 
        and kbm1_0.user_id=?
2026-05-10T19:58:51.076+08:00 DEBUG 39928 --- [wiki-backend] [           main] org.hibernate.SQL                        : 
    select
        utm1_0.id,
        utm1_0.created_at,
        utm1_0.deleted_at,
        utm1_0.team_id,
        utm1_0.updated_at,
        utm1_0.user_id 
    from
        user_team_memberships utm1_0 
    where
        utm1_0.user_id=? 
        and utm1_0.deleted_at is null
2026-05-10T19:58:51.077+08:00 DEBUG 39928 --- [wiki-backend] [           main] org.hibernate.SQL                        : 
    select
        kbm1_0.id,
        kbm1_0.created_at,
        kbm1_0.deleted_at,
        kbm1_0.kb_id,
        kbm1_0.role,
        kbm1_0.updated_at,
        kbm1_0.user_id 
    from
        knowledge_base_members kbm1_0 
    where
        kbm1_0.kb_id=? 
        and kbm1_0.user_id=?
2026-05-10T19:58:51.078+08:00 DEBUG 39928 --- [wiki-backend] [           main] org.hibernate.SQL                        : 
    select
        kbm1_0.id,
        kbm1_0.created_at,
        kbm1_0.deleted_at,
        kbm1_0.kb_id,
        kbm1_0.role,
        kbm1_0.updated_at,
        kbm1_0.user_id 
    from
        knowledge_base_members kbm1_0 
    where
        kbm1_0.kb_id=? 
        and kbm1_0.user_id=?
2026-05-10T19:58:51.078+08:00 DEBUG 39928 --- [wiki-backend] [           main] org.hibernate.SQL                        : 
    select
        ua1_0.id,
        ua1_0.avatar_url,
        ua1_0.created_at,
        ua1_0.deleted_at,
        ua1_0.demo_password,
        ua1_0.department_id,
        ua1_0.email,
        ua1_0.nickname,
        ua1_0.password_hash,
        ua1_0.phone,
        ua1_0.role,
        ua1_0.updated_at,
        ua1_0.username 
    from
        users ua1_0
2026-05-10T19:58:51.080+08:00 DEBUG 39928 --- [wiki-backend] [           main] org.hibernate.SQL                        : 
    select
        kbm1_0.id,
        kbm1_0.created_at,
        kbm1_0.deleted_at,
        kbm1_0.kb_id,
        kbm1_0.role,
        kbm1_0.updated_at,
        kbm1_0.user_id 
    from
        knowledge_base_members kbm1_0 
    where
        kbm1_0.kb_id=? 
        and kbm1_0.user_id=?
2026-05-10T19:58:51.081+08:00 DEBUG 39928 --- [wiki-backend] [           main] org.hibernate.SQL                        : 
    select
        kbm1_0.id,
        kbm1_0.created_at,
        kbm1_0.deleted_at,
        kbm1_0.kb_id,
        kbm1_0.role,
        kbm1_0.updated_at,
        kbm1_0.user_id 
    from
        knowledge_base_members kbm1_0 
    where
        kbm1_0.kb_id=? 
        and kbm1_0.user_id=?
2026-05-10T19:58:51.081+08:00 DEBUG 39928 --- [wiki-backend] [           main] org.hibernate.SQL                        : 
    select
        kbm1_0.id,
        kbm1_0.created_at,
        kbm1_0.deleted_at,
        kbm1_0.kb_id,
        kbm1_0.role,
        kbm1_0.updated_at,
        kbm1_0.user_id 
    from
        knowledge_base_members kbm1_0 
    where
        kbm1_0.kb_id=? 
        and kbm1_0.user_id=?
2026-05-10T19:58:51.082+08:00 DEBUG 39928 --- [wiki-backend] [           main] org.hibernate.SQL                        : 
    select
        kbm1_0.id,
        kbm1_0.created_at,
        kbm1_0.deleted_at,
        kbm1_0.kb_id,
        kbm1_0.role,
        kbm1_0.updated_at,
        kbm1_0.user_id 
    from
        knowledge_base_members kbm1_0 
    where
        kbm1_0.kb_id=? 
        and kbm1_0.user_id=?
2026-05-10T19:58:51.083+08:00 DEBUG 39928 --- [wiki-backend] [           main] org.hibernate.SQL                        : 
    select
        kbm1_0.id,
        kbm1_0.created_at,
        kbm1_0.deleted_at,
        kbm1_0.kb_id,
        kbm1_0.role,
        kbm1_0.updated_at,
        kbm1_0.user_id 
    from
        knowledge_base_members kbm1_0 
    where
        kbm1_0.kb_id=? 
        and kbm1_0.user_id=?
2026-05-10T19:58:51.084+08:00 DEBUG 39928 --- [wiki-backend] [           main] org.hibernate.SQL                        : 
    select
        kbm1_0.id,
        kbm1_0.created_at,
        kbm1_0.deleted_at,
        kbm1_0.kb_id,
        kbm1_0.role,
        kbm1_0.updated_at,
        kbm1_0.user_id 
    from
        knowledge_base_members kbm1_0 
    where
        kbm1_0.kb_id=? 
        and kbm1_0.user_id=?
2026-05-10T19:58:51.084+08:00 DEBUG 39928 --- [wiki-backend] [           main] org.hibernate.SQL                        : 
    select
        kbm1_0.id,
        kbm1_0.created_at,
        kbm1_0.deleted_at,
        kbm1_0.kb_id,
        kbm1_0.role,
        kbm1_0.updated_at,
        kbm1_0.user_id 
    from
        knowledge_base_members kbm1_0 
    where
        kbm1_0.kb_id=? 
        and kbm1_0.user_id=?
2026-05-10T19:58:51.086+08:00 DEBUG 39928 --- [wiki-backend] [           main] org.hibernate.SQL                        : 
    select
        kbm1_0.id,
        kbm1_0.created_at,
        kbm1_0.deleted_at,
        kbm1_0.kb_id,
        kbm1_0.role,
        kbm1_0.updated_at,
        kbm1_0.user_id 
    from
        knowledge_base_members kbm1_0 
    where
        kbm1_0.kb_id=? 
        and kbm1_0.user_id=?
2026-05-10T19:58:51.087+08:00 DEBUG 39928 --- [wiki-backend] [           main] org.hibernate.SQL                        : 
    select
        kbm1_0.id,
        kbm1_0.created_at,
        kbm1_0.deleted_at,
        kbm1_0.kb_id,
        kbm1_0.role,
        kbm1_0.updated_at,
        kbm1_0.user_id 
    from
        knowledge_base_members kbm1_0 
    where
        kbm1_0.kb_id=? 
        and kbm1_0.user_id=?
2026-05-10T19:58:51.087+08:00 DEBUG 39928 --- [wiki-backend] [           main] org.hibernate.SQL                        : 
    select
        kbm1_0.id,
        kbm1_0.created_at,
        kbm1_0.deleted_at,
        kbm1_0.kb_id,
        kbm1_0.role,
        kbm1_0.updated_at,
        kbm1_0.user_id 
    from
        knowledge_base_members kbm1_0 
    where
        kbm1_0.kb_id=? 
        and kbm1_0.user_id=?
2026-05-10T19:58:51.087+08:00 DEBUG 39928 --- [wiki-backend] [           main] org.hibernate.SQL                        : 
    select
        kbm1_0.id,
        kbm1_0.created_at,
        kbm1_0.deleted_at,
        kbm1_0.kb_id,
        kbm1_0.role,
        kbm1_0.updated_at,
        kbm1_0.user_id 
    from
        knowledge_base_members kbm1_0 
    where
        kbm1_0.kb_id=? 
        and kbm1_0.user_id=?
2026-05-10T19:58:51.088+08:00 DEBUG 39928 --- [wiki-backend] [           main] org.hibernate.SQL                        : 
    select
        kbm1_0.id,
        kbm1_0.created_at,
        kbm1_0.deleted_at,
        kbm1_0.kb_id,
        kbm1_0.role,
        kbm1_0.updated_at,
        kbm1_0.user_id 
    from
        knowledge_base_members kbm1_0 
    where
        kbm1_0.kb_id=? 
        and kbm1_0.user_id=?
2026-05-10T19:58:51.088+08:00 DEBUG 39928 --- [wiki-backend] [           main] org.hibernate.SQL                        : 
    select
        kbm1_0.id,
        kbm1_0.created_at,
        kbm1_0.deleted_at,
        kbm1_0.kb_id,
        kbm1_0.role,
        kbm1_0.updated_at,
        kbm1_0.user_id 
    from
        knowledge_base_members kbm1_0 
    where
        kbm1_0.kb_id=? 
        and kbm1_0.user_id=?
2026-05-10T19:58:51.089+08:00 DEBUG 39928 --- [wiki-backend] [           main] org.hibernate.SQL                        : 
    select
        kbm1_0.id,
        kbm1_0.created_at,
        kbm1_0.deleted_at,
        kbm1_0.kb_id,
        kbm1_0.role,
        kbm1_0.updated_at,
        kbm1_0.user_id 
    from
        knowledge_base_members kbm1_0 
    where
        kbm1_0.kb_id=? 
        and kbm1_0.user_id=?
2026-05-10T19:58:51.090+08:00 DEBUG 39928 --- [wiki-backend] [           main] org.hibernate.SQL                        : 
    select
        kbm1_0.id,
        kbm1_0.created_at,
        kbm1_0.deleted_at,
        kbm1_0.kb_id,
        kbm1_0.role,
        kbm1_0.updated_at,
        kbm1_0.user_id 
    from
        knowledge_base_members kbm1_0 
    where
        kbm1_0.kb_id=? 
        and kbm1_0.user_id=?
2026-05-10T19:58:51.091+08:00 DEBUG 39928 --- [wiki-backend] [           main] org.hibernate.SQL                        : 
    select
        kbm1_0.id,
        kbm1_0.created_at,
        kbm1_0.deleted_at,
        kbm1_0.kb_id,
        kbm1_0.role,
        kbm1_0.updated_at,
        kbm1_0.user_id 
    from
        knowledge_base_members kbm1_0 
    where
        kbm1_0.kb_id=? 
        and kbm1_0.user_id=?
2026-05-10T19:58:51.091+08:00 DEBUG 39928 --- [wiki-backend] [           main] org.hibernate.SQL                        : 
    select
        kbm1_0.id,
        kbm1_0.created_at,
        kbm1_0.deleted_at,
        kbm1_0.kb_id,
        kbm1_0.role,
        kbm1_0.updated_at,
        kbm1_0.user_id 
    from
        knowledge_base_members kbm1_0 
    where
        kbm1_0.kb_id=? 
        and kbm1_0.user_id=?
2026-05-10T19:58:51.092+08:00 DEBUG 39928 --- [wiki-backend] [           main] org.hibernate.SQL                        : 
    select
        kbm1_0.id,
        kbm1_0.created_at,
        kbm1_0.deleted_at,
        kbm1_0.kb_id,
        kbm1_0.role,
        kbm1_0.updated_at,
        kbm1_0.user_id 
    from
        knowledge_base_members kbm1_0 
    where
        kbm1_0.kb_id=? 
        and kbm1_0.user_id=?
2026-05-10T19:58:51.093+08:00 DEBUG 39928 --- [wiki-backend] [           main] org.hibernate.SQL                        : 
    select
        kbm1_0.id,
        kbm1_0.created_at,
        kbm1_0.deleted_at,
        kbm1_0.kb_id,
        kbm1_0.role,
        kbm1_0.updated_at,
        kbm1_0.user_id 
    from
        knowledge_base_members kbm1_0 
    where
        kbm1_0.kb_id=? 
        and kbm1_0.user_id=?
2026-05-10T19:58:51.094+08:00 DEBUG 39928 --- [wiki-backend] [           main] org.hibernate.SQL                        : 
    select
        kbm1_0.id,
        kbm1_0.created_at,
        kbm1_0.deleted_at,
        kbm1_0.kb_id,
        kbm1_0.role,
        kbm1_0.updated_at,
        kbm1_0.user_id 
    from
        knowledge_base_members kbm1_0 
    where
        kbm1_0.kb_id=? 
        and kbm1_0.user_id=?
2026-05-10T19:58:51.094+08:00 DEBUG 39928 --- [wiki-backend] [           main] org.hibernate.SQL                        : 
    select
        utm1_0.id,
        utm1_0.created_at,
        utm1_0.deleted_at,
        utm1_0.team_id,
        utm1_0.updated_at,
        utm1_0.user_id 
    from
        user_team_memberships utm1_0 
    where
        utm1_0.user_id=? 
        and utm1_0.deleted_at is null
2026-05-10T19:58:51.095+08:00 DEBUG 39928 --- [wiki-backend] [           main] org.hibernate.SQL                        : 
    select
        kbm1_0.id,
        kbm1_0.created_at,
        kbm1_0.deleted_at,
        kbm1_0.kb_id,
        kbm1_0.role,
        kbm1_0.updated_at,
        kbm1_0.user_id 
    from
        knowledge_base_members kbm1_0 
    where
        kbm1_0.kb_id=? 
        and kbm1_0.user_id=?
2026-05-10T19:58:51.096+08:00 DEBUG 39928 --- [wiki-backend] [           main] org.hibernate.SQL                        : 
    select
        kbm1_0.id,
        kbm1_0.created_at,
        kbm1_0.deleted_at,
        kbm1_0.kb_id,
        kbm1_0.role,
        kbm1_0.updated_at,
        kbm1_0.user_id 
    from
        knowledge_base_members kbm1_0 
    where
        kbm1_0.kb_id=? 
        and kbm1_0.user_id=?
2026-05-10T19:58:51.096+08:00 DEBUG 39928 --- [wiki-backend] [           main] org.hibernate.SQL                        : 
    select
        utm1_0.id,
        utm1_0.created_at,
        utm1_0.deleted_at,
        utm1_0.team_id,
        utm1_0.updated_at,
        utm1_0.user_id 
    from
        user_team_memberships utm1_0 
    where
        utm1_0.user_id=? 
        and utm1_0.deleted_at is null
2026-05-10T19:58:51.097+08:00 DEBUG 39928 --- [wiki-backend] [           main] org.hibernate.SQL                        : 
    select
        kbm1_0.id,
        kbm1_0.created_at,
        kbm1_0.deleted_at,
        kbm1_0.kb_id,
        kbm1_0.role,
        kbm1_0.updated_at,
        kbm1_0.user_id 
    from
        knowledge_base_members kbm1_0 
    where
        kbm1_0.kb_id=? 
        and kbm1_0.user_id=?
2026-05-10T19:58:51.098+08:00 DEBUG 39928 --- [wiki-backend] [           main] org.hibernate.SQL                        : 
    select
        kbm1_0.id,
        kbm1_0.created_at,
        kbm1_0.deleted_at,
        kbm1_0.kb_id,
        kbm1_0.role,
        kbm1_0.updated_at,
        kbm1_0.user_id 
    from
        knowledge_base_members kbm1_0 
    where
        kbm1_0.kb_id=? 
        and kbm1_0.user_id=?
2026-05-10T19:58:51.098+08:00 DEBUG 39928 --- [wiki-backend] [           main] org.hibernate.SQL                        : 
    select
        utm1_0.id,
        utm1_0.created_at,
        utm1_0.deleted_at,
        utm1_0.team_id,
        utm1_0.updated_at,
        utm1_0.user_id 
    from
        user_team_memberships utm1_0 
    where
        utm1_0.user_id=? 
        and utm1_0.deleted_at is null
2026-05-10T19:58:51.101+08:00 DEBUG 39928 --- [wiki-backend] [           main] org.hibernate.SQL                        : 
    select
        kbm1_0.id,
        kbm1_0.created_at,
        kbm1_0.deleted_at,
        kbm1_0.kb_id,
        kbm1_0.role,
        kbm1_0.updated_at,
        kbm1_0.user_id 
    from
        knowledge_base_members kbm1_0 
    where
        kbm1_0.kb_id=? 
        and kbm1_0.user_id=?
2026-05-10T19:58:51.101+08:00 DEBUG 39928 --- [wiki-backend] [           main] org.hibernate.SQL                        : 
    select
        utm1_0.id,
        utm1_0.created_at,
        utm1_0.deleted_at,
        utm1_0.team_id,
        utm1_0.updated_at,
        utm1_0.user_id 
    from
        user_team_memberships utm1_0 
    where
        utm1_0.user_id=? 
        and utm1_0.deleted_at is null
2026-05-10T19:58:51.102+08:00 DEBUG 39928 --- [wiki-backend] [           main] org.hibernate.SQL                        : 
    select
        kbm1_0.id,
        kbm1_0.created_at,
        kbm1_0.deleted_at,
        kbm1_0.kb_id,
        kbm1_0.role,
        kbm1_0.updated_at,
        kbm1_0.user_id 
    from
        knowledge_base_members kbm1_0 
    where
        kbm1_0.kb_id=? 
        and kbm1_0.user_id=?
2026-05-10T19:58:51.103+08:00 DEBUG 39928 --- [wiki-backend] [           main] org.hibernate.SQL                        : 
    select
        utm1_0.id,
        utm1_0.created_at,
        utm1_0.deleted_at,
        utm1_0.team_id,
        utm1_0.updated_at,
        utm1_0.user_id 
    from
        user_team_memberships utm1_0 
    where
        utm1_0.user_id=? 
        and utm1_0.deleted_at is null
2026-05-10T19:58:51.103+08:00 DEBUG 39928 --- [wiki-backend] [           main] org.hibernate.SQL                        : 
    select
        kbm1_0.id,
        kbm1_0.created_at,
        kbm1_0.deleted_at,
        kbm1_0.kb_id,
        kbm1_0.role,
        kbm1_0.updated_at,
        kbm1_0.user_id 
    from
        knowledge_base_members kbm1_0 
    where
        kbm1_0.kb_id=? 
        and kbm1_0.user_id=?
2026-05-10T19:58:51.104+08:00 DEBUG 39928 --- [wiki-backend] [           main] org.hibernate.SQL                        : 
    select
        utm1_0.id,
        utm1_0.created_at,
        utm1_0.deleted_at,
        utm1_0.team_id,
        utm1_0.updated_at,
        utm1_0.user_id 
    from
        user_team_memberships utm1_0 
    where
        utm1_0.user_id=? 
        and utm1_0.deleted_at is null
2026-05-10T19:58:51.105+08:00 DEBUG 39928 --- [wiki-backend] [           main] org.hibernate.SQL                        : 
    update
        knowledge_base_members 
    set
        deleted_at=?,
        kb_id=?,
        role=?,
        updated_at=?,
        user_id=? 
    where
        id=?
2026-05-10T19:58:51.105+08:00 DEBUG 39928 --- [wiki-backend] [           main] org.hibernate.SQL                        : 
    select
        kbm1_0.id,
        kbm1_0.created_at,
        kbm1_0.deleted_at,
        kbm1_0.kb_id,
        kbm1_0.role,
        kbm1_0.updated_at,
        kbm1_0.user_id 
    from
        knowledge_base_members kbm1_0 
    where
        kbm1_0.kb_id=? 
        and kbm1_0.user_id=?
2026-05-10T19:58:51.106+08:00 DEBUG 39928 --- [wiki-backend] [           main] org.hibernate.SQL                        : 
    select
        utm1_0.id,
        utm1_0.created_at,
        utm1_0.deleted_at,
        utm1_0.team_id,
        utm1_0.updated_at,
        utm1_0.user_id 
    from
        user_team_memberships utm1_0 
    where
        utm1_0.user_id=? 
        and utm1_0.deleted_at is null
2026-05-10T19:58:51.106+08:00 DEBUG 39928 --- [wiki-backend] [           main] org.hibernate.SQL                        : 
    select
        kbm1_0.id,
        kbm1_0.created_at,
        kbm1_0.deleted_at,
        kbm1_0.kb_id,
        kbm1_0.role,
        kbm1_0.updated_at,
        kbm1_0.user_id 
    from
        knowledge_base_members kbm1_0 
    where
        kbm1_0.kb_id=? 
        and kbm1_0.user_id=?
2026-05-10T19:58:51.108+08:00 DEBUG 39928 --- [wiki-backend] [           main] org.hibernate.SQL                        : 
    select
        utm1_0.id,
        utm1_0.created_at,
        utm1_0.deleted_at,
        utm1_0.team_id,
        utm1_0.updated_at,
        utm1_0.user_id 
    from
        user_team_memberships utm1_0 
    where
        utm1_0.user_id=? 
        and utm1_0.deleted_at is null
2026-05-10T19:58:51.108+08:00 DEBUG 39928 --- [wiki-backend] [           main] org.hibernate.SQL                        : 
    select
        kbm1_0.id,
        kbm1_0.created_at,
        kbm1_0.deleted_at,
        kbm1_0.kb_id,
        kbm1_0.role,
        kbm1_0.updated_at,
        kbm1_0.user_id 
    from
        knowledge_base_members kbm1_0 
    where
        kbm1_0.kb_id=? 
        and kbm1_0.user_id=?
2026-05-10T19:58:51.109+08:00 DEBUG 39928 --- [wiki-backend] [           main] org.hibernate.SQL                        : 
    select
        utm1_0.id,
        utm1_0.created_at,
        utm1_0.deleted_at,
        utm1_0.team_id,
        utm1_0.updated_at,
        utm1_0.user_id 
    from
        user_team_memberships utm1_0 
    where
        utm1_0.user_id=? 
        and utm1_0.deleted_at is null
2026-05-10T19:58:51.110+08:00 DEBUG 39928 --- [wiki-backend] [           main] org.hibernate.SQL                        : 
    select
        kbm1_0.id,
        kbm1_0.created_at,
        kbm1_0.deleted_at,
        kbm1_0.kb_id,
        kbm1_0.role,
        kbm1_0.updated_at,
        kbm1_0.user_id 
    from
        knowledge_base_members kbm1_0 
    where
        kbm1_0.kb_id=? 
        and kbm1_0.user_id=?
2026-05-10T19:58:51.110+08:00 DEBUG 39928 --- [wiki-backend] [           main] org.hibernate.SQL                        : 
    select
        utm1_0.id,
        utm1_0.created_at,
        utm1_0.deleted_at,
        utm1_0.team_id,
        utm1_0.updated_at,
        utm1_0.user_id 
    from
        user_team_memberships utm1_0 
    where
        utm1_0.user_id=? 
        and utm1_0.deleted_at is null
2026-05-10T19:58:51.111+08:00 DEBUG 39928 --- [wiki-backend] [           main] org.hibernate.SQL                        : 
    select
        kbm1_0.id,
        kbm1_0.created_at,
        kbm1_0.deleted_at,
        kbm1_0.kb_id,
        kbm1_0.role,
        kbm1_0.updated_at,
        kbm1_0.user_id 
    from
        knowledge_base_members kbm1_0 
    where
        kbm1_0.kb_id=? 
        and kbm1_0.user_id=?
2026-05-10T19:58:51.111+08:00 DEBUG 39928 --- [wiki-backend] [           main] org.hibernate.SQL                        : 
    select
        utm1_0.id,
        utm1_0.created_at,
        utm1_0.deleted_at,
        utm1_0.team_id,
        utm1_0.updated_at,
        utm1_0.user_id 
    from
        user_team_memberships utm1_0 
    where
        utm1_0.user_id=? 
        and utm1_0.deleted_at is null
2026-05-10T19:58:51.112+08:00 DEBUG 39928 --- [wiki-backend] [           main] org.hibernate.SQL                        : 
    select
        kbm1_0.id,
        kbm1_0.created_at,
        kbm1_0.deleted_at,
        kbm1_0.kb_id,
        kbm1_0.role,
        kbm1_0.updated_at,
        kbm1_0.user_id 
    from
        knowledge_base_members kbm1_0 
    where
        kbm1_0.kb_id=? 
        and kbm1_0.user_id=?
2026-05-10T19:58:51.112+08:00 DEBUG 39928 --- [wiki-backend] [           main] org.hibernate.SQL                        : 
    select
        utm1_0.id,
        utm1_0.created_at,
        utm1_0.deleted_at,
        utm1_0.team_id,
        utm1_0.updated_at,
        utm1_0.user_id 
    from
        user_team_memberships utm1_0 
    where
        utm1_0.user_id=? 
        and utm1_0.deleted_at is null
2026-05-10T19:58:51.113+08:00 DEBUG 39928 --- [wiki-backend] [           main] org.hibernate.SQL                        : 
    select
        kbm1_0.id,
        kbm1_0.created_at,
        kbm1_0.deleted_at,
        kbm1_0.kb_id,
        kbm1_0.role,
        kbm1_0.updated_at,
        kbm1_0.user_id 
    from
        knowledge_base_members kbm1_0 
    where
        kbm1_0.kb_id=? 
        and kbm1_0.user_id=?
2026-05-10T19:58:51.113+08:00 DEBUG 39928 --- [wiki-backend] [           main] org.hibernate.SQL                        : 
    select
        utm1_0.id,
        utm1_0.created_at,
        utm1_0.deleted_at,
        utm1_0.team_id,
        utm1_0.updated_at,
        utm1_0.user_id 
    from
        user_team_memberships utm1_0 
    where
        utm1_0.user_id=? 
        and utm1_0.deleted_at is null
2026-05-10T19:58:51.114+08:00 DEBUG 39928 --- [wiki-backend] [           main] org.hibernate.SQL                        : 
    select
        kbm1_0.id,
        kbm1_0.created_at,
        kbm1_0.deleted_at,
        kbm1_0.kb_id,
        kbm1_0.role,
        kbm1_0.updated_at,
        kbm1_0.user_id 
    from
        knowledge_base_members kbm1_0 
    where
        kbm1_0.kb_id=? 
        and kbm1_0.user_id=?
2026-05-10T19:58:51.115+08:00 DEBUG 39928 --- [wiki-backend] [           main] org.hibernate.SQL                        : 
    select
        utm1_0.id,
        utm1_0.created_at,
        utm1_0.deleted_at,
        utm1_0.team_id,
        utm1_0.updated_at,
        utm1_0.user_id 
    from
        user_team_memberships utm1_0 
    where
        utm1_0.user_id=? 
        and utm1_0.deleted_at is null
2026-05-10T19:58:51.117+08:00 DEBUG 39928 --- [wiki-backend] [           main] org.hibernate.SQL                        : 
    select
        kbm1_0.id,
        kbm1_0.created_at,
        kbm1_0.deleted_at,
        kbm1_0.kb_id,
        kbm1_0.role,
        kbm1_0.updated_at,
        kbm1_0.user_id 
    from
        knowledge_base_members kbm1_0 
    where
        kbm1_0.kb_id=? 
        and kbm1_0.user_id=?
2026-05-10T19:58:51.120+08:00 DEBUG 39928 --- [wiki-backend] [           main] org.hibernate.SQL                        : 
    select
        utm1_0.id,
        utm1_0.created_at,
        utm1_0.deleted_at,
        utm1_0.team_id,
        utm1_0.updated_at,
        utm1_0.user_id 
    from
        user_team_memberships utm1_0 
    where
        utm1_0.user_id=? 
        and utm1_0.deleted_at is null
2026-05-10T19:58:51.121+08:00 DEBUG 39928 --- [wiki-backend] [           main] org.hibernate.SQL                        : 
    select
        kbm1_0.id,
        kbm1_0.created_at,
        kbm1_0.deleted_at,
        kbm1_0.kb_id,
        kbm1_0.role,
        kbm1_0.updated_at,
        kbm1_0.user_id 
    from
        knowledge_base_members kbm1_0 
    where
        kbm1_0.kb_id=? 
        and kbm1_0.user_id=?
2026-05-10T19:58:51.121+08:00 DEBUG 39928 --- [wiki-backend] [           main] org.hibernate.SQL                        : 
    select
        utm1_0.id,
        utm1_0.created_at,
        utm1_0.deleted_at,
        utm1_0.team_id,
        utm1_0.updated_at,
        utm1_0.user_id 
    from
        user_team_memberships utm1_0 
    where
        utm1_0.user_id=? 
        and utm1_0.deleted_at is null
2026-05-10T19:58:51.123+08:00 DEBUG 39928 --- [wiki-backend] [           main] org.hibernate.SQL                        : 
    select
        kbm1_0.id,
        kbm1_0.created_at,
        kbm1_0.deleted_at,
        kbm1_0.kb_id,
        kbm1_0.role,
        kbm1_0.updated_at,
        kbm1_0.user_id 
    from
        knowledge_base_members kbm1_0 
    where
        kbm1_0.kb_id=? 
        and kbm1_0.user_id=?
2026-05-10T19:58:51.127+08:00 DEBUG 39928 --- [wiki-backend] [           main] org.hibernate.SQL                        : 
    select
        utm1_0.id,
        utm1_0.created_at,
        utm1_0.deleted_at,
        utm1_0.team_id,
        utm1_0.updated_at,
        utm1_0.user_id 
    from
        user_team_memberships utm1_0 
    where
        utm1_0.user_id=? 
        and utm1_0.deleted_at is null
2026-05-10T19:58:51.128+08:00 DEBUG 39928 --- [wiki-backend] [           main] org.hibernate.SQL                        : 
    select
        kbm1_0.id,
        kbm1_0.created_at,
        kbm1_0.deleted_at,
        kbm1_0.kb_id,
        kbm1_0.role,
        kbm1_0.updated_at,
        kbm1_0.user_id 
    from
        knowledge_base_members kbm1_0 
    where
        kbm1_0.kb_id=? 
        and kbm1_0.user_id=?
2026-05-10T19:58:51.128+08:00 DEBUG 39928 --- [wiki-backend] [           main] org.hibernate.SQL                        : 
    select
        utm1_0.id,
        utm1_0.created_at,
        utm1_0.deleted_at,
        utm1_0.team_id,
        utm1_0.updated_at,
        utm1_0.user_id 
    from
        user_team_memberships utm1_0 
    where
        utm1_0.user_id=? 
        and utm1_0.deleted_at is null
2026-05-10T19:58:51.129+08:00 DEBUG 39928 --- [wiki-backend] [           main] org.hibernate.SQL                        : 
    select
        kbm1_0.id,
        kbm1_0.created_at,
        kbm1_0.deleted_at,
        kbm1_0.kb_id,
        kbm1_0.role,
        kbm1_0.updated_at,
        kbm1_0.user_id 
    from
        knowledge_base_members kbm1_0 
    where
        kbm1_0.kb_id=? 
        and kbm1_0.user_id=?
2026-05-10T19:58:51.132+08:00 DEBUG 39928 --- [wiki-backend] [           main] org.hibernate.SQL                        : 
    select
        kbm1_0.id,
        kbm1_0.created_at,
        kbm1_0.deleted_at,
        kbm1_0.kb_id,
        kbm1_0.role,
        kbm1_0.updated_at,
        kbm1_0.user_id 
    from
        knowledge_base_members kbm1_0 
    where
        kbm1_0.kb_id=? 
        and kbm1_0.user_id=?
2026-05-10T19:58:51.140+08:00 DEBUG 39928 --- [wiki-backend] [           main] o.s.b.a.ApplicationAvailabilityBean      : Application availability state ReadinessState changed to ACCEPTING_TRAFFIC
2026-05-10T19:59:33.699+08:00  INFO 39928 --- [wiki-backend] [nio-8080-exec-1] o.a.c.c.C.[Tomcat].[localhost].[/]       : Initializing Spring DispatcherServlet 'dispatcherServlet'
2026-05-10T19:59:33.699+08:00  INFO 39928 --- [wiki-backend] [nio-8080-exec-1] o.s.web.servlet.DispatcherServlet        : Initializing Servlet 'dispatcherServlet'
2026-05-10T19:59:33.699+08:00 DEBUG 39928 --- [wiki-backend] [nio-8080-exec-1] o.s.web.servlet.DispatcherServlet        : Detected StandardServletMultipartResolver
2026-05-10T19:59:33.700+08:00 DEBUG 39928 --- [wiki-backend] [nio-8080-exec-1] o.s.web.servlet.DispatcherServlet        : Detected AcceptHeaderLocaleResolver
2026-05-10T19:59:33.700+08:00 DEBUG 39928 --- [wiki-backend] [nio-8080-exec-1] o.s.web.servlet.DispatcherServlet        : Detected FixedThemeResolver
2026-05-10T19:59:33.701+08:00 DEBUG 39928 --- [wiki-backend] [nio-8080-exec-1] o.s.web.servlet.DispatcherServlet        : Detected org.springframework.web.servlet.view.DefaultRequestToViewNameTranslator@d8d746c
2026-05-10T19:59:33.701+08:00 DEBUG 39928 --- [wiki-backend] [nio-8080-exec-1] o.s.web.servlet.DispatcherServlet        : Detected org.springframework.web.servlet.support.SessionFlashMapManager@2cfc616
2026-05-10T19:59:33.701+08:00 DEBUG 39928 --- [wiki-backend] [nio-8080-exec-1] o.s.web.servlet.DispatcherServlet        : enableLoggingRequestDetails='false': request parameters and headers will be masked to prevent unsafe logging of potentially sensitive data
2026-05-10T19:59:33.701+08:00  INFO 39928 --- [wiki-backend] [nio-8080-exec-1] o.s.web.servlet.DispatcherServlet        : Completed initialization in 2 ms
2026-05-10T19:59:33.726+08:00 DEBUG 39928 --- [wiki-backend] [nio-8080-exec-1] o.s.web.servlet.DispatcherServlet        : POST "/api/auth/login", parameters={}
2026-05-10T19:59:33.727+08:00 DEBUG 39928 --- [wiki-backend] [nio-8080-exec-1] s.w.s.m.m.a.RequestMappingHandlerMapping : Mapped to com.wiki.app.user.AuthController#login(LoginRequest, HttpServletRequest)
2026-05-10T19:59:33.773+08:00 DEBUG 39928 --- [wiki-backend] [nio-8080-exec-1] m.m.a.RequestResponseBodyMethodProcessor : Read "application/json;charset=UTF-8" to [LoginRequest(account=admin, password=Admin@123456)]
2026-05-10T19:59:33.798+08:00 DEBUG 39928 --- [wiki-backend] [nio-8080-exec-1] org.hibernate.SQL                        : 
    select
        ua1_0.id,
        ua1_0.avatar_url,
        ua1_0.created_at,
        ua1_0.deleted_at,
        ua1_0.demo_password,
        ua1_0.department_id,
        ua1_0.email,
        ua1_0.nickname,
        ua1_0.password_hash,
        ua1_0.phone,
        ua1_0.role,
        ua1_0.updated_at,
        ua1_0.username 
    from
        users ua1_0 
    where
        ua1_0.username=? 
        or ua1_0.email=? 
        or ua1_0.phone=?
2026-05-10T19:59:33.907+08:00 DEBUG 39928 --- [wiki-backend] [nio-8080-exec-1] org.hibernate.SQL                        : 
    select
        utm1_0.id,
        utm1_0.created_at,
        utm1_0.deleted_at,
        utm1_0.team_id,
        utm1_0.updated_at,
        utm1_0.user_id 
    from
        user_team_memberships utm1_0 
    where
        utm1_0.user_id=? 
        and utm1_0.deleted_at is null
2026-05-10T19:59:33.908+08:00 DEBUG 39928 --- [wiki-backend] [         task-1] org.hibernate.SQL                        : 
    select
        ol1_0.id,
        ol1_0.action,
        ol1_0.created_at,
        ol1_0.deleted_at,
        ol1_0.detail,
        ol1_0.ip,
        ol1_0.target_id,
        ol1_0.target_type,
        ol1_0.updated_at,
        ol1_0.user_id,
        ol1_0.username 
    from
        operation_logs ol1_0 
    where
        ol1_0.id=?
2026-05-10T19:59:33.909+08:00 DEBUG 39928 --- [wiki-backend] [nio-8080-exec-1] org.hibernate.SQL                        : 
    select
        utm1_0.id,
        utm1_0.created_at,
        utm1_0.deleted_at,
        utm1_0.team_id,
        utm1_0.updated_at,
        utm1_0.user_id 
    from
        user_team_memberships utm1_0 
    where
        utm1_0.user_id=? 
        and utm1_0.deleted_at is null
2026-05-10T19:59:33.916+08:00 DEBUG 39928 --- [wiki-backend] [         task-1] org.hibernate.SQL                        : 
    insert 
    into
        operation_logs
        (action, created_at, deleted_at, detail, ip, target_id, target_type, updated_at, user_id, username, id) 
    values
        (?, ?, ?, ?, ?, ?, ?, ?, ?, ?, ?)
2026-05-10T19:59:33.920+08:00 DEBUG 39928 --- [wiki-backend] [nio-8080-exec-1] m.m.a.RequestResponseBodyMethodProcessor : Using 'application/json', given [*/*] and supported [application/json, application/*+json]
2026-05-10T19:59:33.924+08:00 DEBUG 39928 --- [wiki-backend] [nio-8080-exec-1] m.m.a.RequestResponseBodyMethodProcessor : Writing [ApiResponse(success=true, code=OK, message=Success, data=LoginResponse(token=eyJhbGciOiJIUzM4NCJ9.ey (truncated)...]
2026-05-10T19:59:33.930+08:00 DEBUG 39928 --- [wiki-backend] [nio-8080-exec-1] o.s.web.servlet.DispatcherServlet        : Completed 200 OK
2026-05-10T19:59:33.964+08:00 DEBUG 39928 --- [wiki-backend] [nio-8080-exec-3] o.s.web.servlet.DispatcherServlet        : GET "/api/system/user/list?pageNum=1&pageSize=80", parameters={masked}
2026-05-10T19:59:33.965+08:00 DEBUG 39928 --- [wiki-backend] [nio-8080-exec-3] s.w.s.m.m.a.RequestMappingHandlerMapping : Mapped to com.wiki.app.admin.ruoyi.RuoYiCompatController#listUser(Map)
2026-05-10T19:59:33.984+08:00 DEBUG 39928 --- [wiki-backend] [nio-8080-exec-3] org.hibernate.SQL                        : 
    select
        ua1_0.id,
        ua1_0.avatar_url,
        ua1_0.created_at,
        ua1_0.deleted_at,
        ua1_0.demo_password,
        ua1_0.department_id,
        ua1_0.email,
        ua1_0.nickname,
        ua1_0.password_hash,
        ua1_0.phone,
        ua1_0.role,
        ua1_0.updated_at,
        ua1_0.username 
    from
        users ua1_0 
    where
        (
            ? is null 
            or ?='' 
            or lower(ua1_0.username) like lower(concat('%', ?, '%')) escape '' 
            or lower(coalesce(ua1_0.email, '')) like lower(concat('%', ?, '%')) escape '' 
            or lower(coalesce(ua1_0.phone, '')) like lower(concat('%', ?, '%')) escape '' 
            or lower(coalesce(ua1_0.nickname, '')) like lower(concat('%', ?, '%')) escape ''
        ) 
        and (
            ? is null 
            or ua1_0.role=?
        ) 
        and (
            ? is null 
            or ua1_0.department_id=? 
            or exists(select
                1 
            from
                user_team_memberships utm1_0 
            where
                utm1_0.user_id=ua1_0.id 
                and utm1_0.team_id=? 
                and utm1_0.deleted_at is null)
        ) 
        and (
            ? is null 
            or (
                ?=1 
                and ua1_0.deleted_at is null
            ) 
            or (
                ?=0 
                and ua1_0.deleted_at is not null
            )
        ) 
    order by
        ua1_0.updated_at desc 
    limit
        ?
2026-05-10T19:59:33.989+08:00 DEBUG 39928 --- [wiki-backend] [nio-8080-exec-3] org.hibernate.SQL                        : 
    select
        d1_0.id,
        d1_0.created_at,
        d1_0.deleted_at,
        d1_0.description,
        d1_0.manager_id,
        d1_0.name,
        d1_0.parent_id,
        d1_0.updated_at 
    from
        departments d1_0 
    where
        d1_0.id=?
2026-05-10T19:59:33.990+08:00 DEBUG 39928 --- [wiki-backend] [nio-8080-exec-3] org.hibernate.SQL                        : 
    select
        d1_0.id,
        d1_0.created_at,
        d1_0.deleted_at,
        d1_0.description,
        d1_0.manager_id,
        d1_0.name,
        d1_0.parent_id,
        d1_0.updated_at 
    from
        departments d1_0 
    where
        d1_0.id=?
2026-05-10T19:59:33.991+08:00 DEBUG 39928 --- [wiki-backend] [nio-8080-exec-3] org.hibernate.SQL                        : 
    select
        d1_0.id,
        d1_0.created_at,
        d1_0.deleted_at,
        d1_0.description,
        d1_0.manager_id,
        d1_0.name,
        d1_0.parent_id,
        d1_0.updated_at 
    from
        departments d1_0 
    where
        d1_0.id=?
2026-05-10T19:59:33.993+08:00 DEBUG 39928 --- [wiki-backend] [nio-8080-exec-3] org.hibernate.SQL                        : 
    select
        d1_0.id,
        d1_0.created_at,
        d1_0.deleted_at,
        d1_0.description,
        d1_0.manager_id,
        d1_0.name,
        d1_0.parent_id,
        d1_0.updated_at 
    from
        departments d1_0 
    where
        d1_0.id=?
2026-05-10T19:59:33.994+08:00 DEBUG 39928 --- [wiki-backend] [nio-8080-exec-3] org.hibernate.SQL                        : 
    select
        d1_0.id,
        d1_0.created_at,
        d1_0.deleted_at,
        d1_0.description,
        d1_0.manager_id,
        d1_0.name,
        d1_0.parent_id,
        d1_0.updated_at 
    from
        departments d1_0 
    where
        d1_0.id=?
2026-05-10T19:59:33.995+08:00 DEBUG 39928 --- [wiki-backend] [nio-8080-exec-3] org.hibernate.SQL                        : 
    select
        d1_0.id,
        d1_0.created_at,
        d1_0.deleted_at,
        d1_0.description,
        d1_0.manager_id,
        d1_0.name,
        d1_0.parent_id,
        d1_0.updated_at 
    from
        departments d1_0 
    where
        d1_0.id=?
2026-05-10T19:59:33.997+08:00 DEBUG 39928 --- [wiki-backend] [nio-8080-exec-3] org.hibernate.SQL                        : 
    select
        d1_0.id,
        d1_0.created_at,
        d1_0.deleted_at,
        d1_0.description,
        d1_0.manager_id,
        d1_0.name,
        d1_0.parent_id,
        d1_0.updated_at 
    from
        departments d1_0 
    where
        d1_0.id=?
2026-05-10T19:59:33.998+08:00 DEBUG 39928 --- [wiki-backend] [nio-8080-exec-3] org.hibernate.SQL                        : 
    select
        d1_0.id,
        d1_0.created_at,
        d1_0.deleted_at,
        d1_0.description,
        d1_0.manager_id,
        d1_0.name,
        d1_0.parent_id,
        d1_0.updated_at 
    from
        departments d1_0 
    where
        d1_0.id=?
2026-05-10T19:59:34.000+08:00 DEBUG 39928 --- [wiki-backend] [nio-8080-exec-3] org.hibernate.SQL                        : 
    select
        d1_0.id,
        d1_0.created_at,
        d1_0.deleted_at,
        d1_0.description,
        d1_0.manager_id,
        d1_0.name,
        d1_0.parent_id,
        d1_0.updated_at 
    from
        departments d1_0 
    where
        d1_0.id=?
2026-05-10T19:59:34.001+08:00 DEBUG 39928 --- [wiki-backend] [nio-8080-exec-3] org.hibernate.SQL                        : 
    select
        d1_0.id,
        d1_0.created_at,
        d1_0.deleted_at,
        d1_0.description,
        d1_0.manager_id,
        d1_0.name,
        d1_0.parent_id,
        d1_0.updated_at 
    from
        departments d1_0 
    where
        d1_0.id=?
2026-05-10T19:59:34.002+08:00 DEBUG 39928 --- [wiki-backend] [nio-8080-exec-3] org.hibernate.SQL                        : 
    select
        d1_0.id,
        d1_0.created_at,
        d1_0.deleted_at,
        d1_0.description,
        d1_0.manager_id,
        d1_0.name,
        d1_0.parent_id,
        d1_0.updated_at 
    from
        departments d1_0 
    where
        d1_0.id=?
2026-05-10T19:59:34.003+08:00 DEBUG 39928 --- [wiki-backend] [nio-8080-exec-3] org.hibernate.SQL                        : 
    select
        d1_0.id,
        d1_0.created_at,
        d1_0.deleted_at,
        d1_0.description,
        d1_0.manager_id,
        d1_0.name,
        d1_0.parent_id,
        d1_0.updated_at 
    from
        departments d1_0 
    where
        d1_0.id=?
2026-05-10T19:59:34.004+08:00 DEBUG 39928 --- [wiki-backend] [nio-8080-exec-3] org.hibernate.SQL                        : 
    select
        d1_0.id,
        d1_0.created_at,
        d1_0.deleted_at,
        d1_0.description,
        d1_0.manager_id,
        d1_0.name,
        d1_0.parent_id,
        d1_0.updated_at 
    from
        departments d1_0 
    where
        d1_0.id=?
2026-05-10T19:59:34.005+08:00 DEBUG 39928 --- [wiki-backend] [nio-8080-exec-3] org.hibernate.SQL                        : 
    select
        d1_0.id,
        d1_0.created_at,
        d1_0.deleted_at,
        d1_0.description,
        d1_0.manager_id,
        d1_0.name,
        d1_0.parent_id,
        d1_0.updated_at 
    from
        departments d1_0 
    where
        d1_0.id=?
2026-05-10T19:59:34.007+08:00 DEBUG 39928 --- [wiki-backend] [nio-8080-exec-3] org.hibernate.SQL                        : 
    select
        d1_0.id,
        d1_0.created_at,
        d1_0.deleted_at,
        d1_0.description,
        d1_0.manager_id,
        d1_0.name,
        d1_0.parent_id,
        d1_0.updated_at 
    from
        departments d1_0 
    where
        d1_0.id=?
2026-05-10T19:59:34.008+08:00 DEBUG 39928 --- [wiki-backend] [nio-8080-exec-3] org.hibernate.SQL                        : 
    select
        d1_0.id,
        d1_0.created_at,
        d1_0.deleted_at,
        d1_0.description,
        d1_0.manager_id,
        d1_0.name,
        d1_0.parent_id,
        d1_0.updated_at 
    from
        departments d1_0 
    where
        d1_0.id=?
2026-05-10T19:59:34.010+08:00 DEBUG 39928 --- [wiki-backend] [nio-8080-exec-3] org.hibernate.SQL                        : 
    select
        d1_0.id,
        d1_0.created_at,
        d1_0.deleted_at,
        d1_0.description,
        d1_0.manager_id,
        d1_0.name,
        d1_0.parent_id,
        d1_0.updated_at 
    from
        departments d1_0 
    where
        d1_0.id=?
2026-05-10T19:59:34.011+08:00 DEBUG 39928 --- [wiki-backend] [nio-8080-exec-3] org.hibernate.SQL                        : 
    select
        d1_0.id,
        d1_0.created_at,
        d1_0.deleted_at,
        d1_0.description,
        d1_0.manager_id,
        d1_0.name,
        d1_0.parent_id,
        d1_0.updated_at 
    from
        departments d1_0 
    where
        d1_0.id=?
2026-05-10T19:59:34.013+08:00 DEBUG 39928 --- [wiki-backend] [nio-8080-exec-3] m.m.a.RequestResponseBodyMethodProcessor : Using 'application/json', given [*/*] and supported [application/json, application/*+json]
2026-05-10T19:59:34.014+08:00 DEBUG 39928 --- [wiki-backend] [nio-8080-exec-3] m.m.a.RequestResponseBodyMethodProcessor : Writing [{code=200, msg=²Ù×÷³É¹¦, rows=[{userId=311833178048303104, id=311833178048303104, userName=data_analyst, (truncated)...]
2026-05-10T19:59:34.017+08:00 DEBUG 39928 --- [wiki-backend] [nio-8080-exec-3] o.s.web.servlet.DispatcherServlet        : Completed 200 OK
[INFO] ------------------------------------------------------------------------
[INFO] BUILD FAILURE
[INFO] ------------------------------------------------------------------------
[INFO] Total time:  05:39 min
[INFO] Finished at: 2026-05-10T20:04:21+08:00
[INFO] ------------------------------------------------------------------------
[ERROR] Failed to execute goal org.springframework.boot:spring-boot-maven-plugin:3.3.5:run (default-cli) on project wiki-backend: Process terminated with exit code: -1 -> [Help 1]
[ERROR] 
[ERROR] To see the full stack trace of the errors, re-run Maven with the -e switch.
[ERROR] Re-run Maven using the -X switch to enable full debug logging.
[ERROR] 
[ERROR] For more information about the errors and possible solutions, please read the following articles:
[ERROR] [Help 1] http://cwiki.apache.org/confluence/display/MAVEN/MojoExecutionException
